Código,Clave,Descripción,Numero de Familia,Descripción Familia,Familia 
43606,CIPU,"Cierrapuertas hidráulico color aluminio, HERMEX",P033,Accesorios de cerrajería,CERRAJERIA
43607,CIPU-H,"Cierrapuertas hidráulico color negro, HERMEX",P033,Accesorios de cerrajería,CERRAJERIA
43608,CIPU-B,"Cierrapuertas hidráulico color blanco, HERMEX",P033,Accesorios de cerrajería,CERRAJERIA
43641,FIPU-1,"Fijapuerta metálico, acabado latón brillante, HERMEX",P033,Accesorios de cerrajería,CERRAJERIA
43642,FIPU-3,"Fijapuerta metálico, acabado cromo, HERMEX",P033,Accesorios de cerrajería,CERRAJERIA
43645,GAPU-1,"Gancho latonado para puerta, HERMEX",P033,Accesorios de cerrajería,CERRAJERIA
43646,GAPU-3,"Gancho cromado para puerta, HERMEX",P033,Accesorios de cerrajería,CERRAJERIA
43650,MADE-1,"Chapetón metálico para puerta, acabado latón brillante",P033,Accesorios de cerrajería,CERRAJERIA
43651,MADE-2,"Chapetón metálico para puerta, acabado latón antiguo",P033,Accesorios de cerrajería,CERRAJERIA
43672,MIRI-1,"Mirilla de seguridad acabado latón, HERMEX",P033,Accesorios de cerrajería,CERRAJERIA
43673,MIRI-2,"Mirilla de seguridad acabado latón antiguo, HERMEX",P033,Accesorios de cerrajería,CERRAJERIA
43674,MIRI-3,"Mirilla de seguridad acabado cromo mate, HERMEX",P033,Accesorios de cerrajería,CERRAJERIA
43678,NUCH-0,"Número 0 de latón sólido 4', latón brillante, HERMEX",P033,Accesorios de cerrajería,CERRAJERIA
43679,NUCH-1,"Número 1 de latón sólido 4', latón brillante, HERMEX",P033,Accesorios de cerrajería,CERRAJERIA
43680,NUCH-2,"Número 2 de latón sólido 4', latón brillante, HERMEX",P033,Accesorios de cerrajería,CERRAJERIA
43681,NUCH-3,"Número 3 de latón sólido 4', latón brillante, HERMEX",P033,Accesorios de cerrajería,CERRAJERIA
43683,NUCH-5,"Número 5 de latón sólido 4', latón brillante, HERMEX",P033,Accesorios de cerrajería,CERRAJERIA
43684,NUCH-6,"Número 6 de latón sólido 4', latón brillante, HERMEX",P033,Accesorios de cerrajería,CERRAJERIA
43685,NUCH-7,"Número 7 de latón sólido 4', latón brillante, HERMEX",P033,Accesorios de cerrajería,CERRAJERIA
43686,NUCH-8,"Número 8 de latón sólido 4', latón brillante, HERMEX",P033,Accesorios de cerrajería,CERRAJERIA
43687,NUCH-9,"Número 9 de latón sólido 4', latón brillante, HERMEX",P033,Accesorios de cerrajería,CERRAJERIA
43730,POCL-175,"Portacandado de acero latonado 1-3/4', HERMEX",P033,Accesorios de cerrajería,CERRAJERIA
43731,POCZ-175,"Portacandado de acero galvanizado 1-3/4', HERMEX",P033,Accesorios de cerrajería,CERRAJERIA
43740,POCL-325,"Portacandado de acero latonado 3-1/4', HERMEX",P033,Accesorios de cerrajería,CERRAJERIA
43741,POCZ-325,"Portacandado de acero galvanizado 3-1/4', HERMEX",P033,Accesorios de cerrajería,CERRAJERIA
43745,POCL-450,"Portacandado de acero latonado 4-1/2', HERMEX",P033,Accesorios de cerrajería,CERRAJERIA
43746,POCZ-450,"Portacandado de acero galvanizado 4-1/2', HERMEX",P033,Accesorios de cerrajería,CERRAJERIA
43750,POCL-600,"Portacandado de acero latonado 6', HERMEX",P033,Accesorios de cerrajería,CERRAJERIA
43751,POCZ-600,"Portacandado de acero galvanizado 6', HERMEX",P033,Accesorios de cerrajería,CERRAJERIA
43771,TOCO-1,"Tope tipo codo para puerta, acabado latón brillante, HERMEX",P033,Accesorios de cerrajería,CERRAJERIA
43772,TOCO-3,"Tope tipo codo para puerta, acabado cromo, HERMEX",P033,Accesorios de cerrajería,CERRAJERIA
43776,TODO-1,"Tope tipo domo para puerta, acabado latón brillante, HERMEX",P033,Accesorios de cerrajería,CERRAJERIA
43777,TODO-3,"Tope tipo domo para puerta, acabado cromo, HERMEX",P033,Accesorios de cerrajería,CERRAJERIA
43781,TOMA-1,"Tope para puerta magnético, acabado latón brillante, HERMEX",P033,Accesorios de cerrajería,CERRAJERIA
43782,TOMA-3,"Tope para puerta magnético, acabado cromo, HERMEX",P033,Accesorios de cerrajería,CERRAJERIA
43786,TORE-1,"Tope recto para puerta, acabado latón brillante, HERMEX",P033,Accesorios de cerrajería,CERRAJERIA
43787,TORE-3,"Tope recto para puerta, acabado cromo, HERMEX",P033,Accesorios de cerrajería,CERRAJERIA
43910,PEPU-14,"Gancho doble largo y corto tipo perchero, 11 cm, níquel",P033,Accesorios de cerrajería,CERRAJERIA
43911,PEPU-24,"Gancho doble tipo perchero, 7 cm, níquel satinado, HERMEX",P033,Accesorios de cerrajería,CERRAJERIA
43912,PEPU-13,"Gancho doble largo y corto tipo perchero, 11 cm, cromo mate",P033,Accesorios de cerrajería,CERRAJERIA
43913,PEPU-23,"Gancho doble tipo perchero, 7 cm, cromo mate, HERMEX",P033,Accesorios de cerrajería,CERRAJERIA
45679,FIPU-6,"Fijapuerta metálico, acabado negro, HERMEX",P033,Accesorios de cerrajería,CERRAJERIA
45680,TOCO-6,"Tope tipo codo para puerta, acabado negro, HERMEX",P033,Accesorios de cerrajería,CERRAJERIA
45691,TODO-6,"Tope tipo domo para puerta, acabado negro, HERMEX",P033,Accesorios de cerrajería,CERRAJERIA
45745,TOMA-6,"Tope para puerta magnético, acabado negro, HERMEX",P033,Accesorios de cerrajería,CERRAJERIA
46139,MADE-3,"Chapetón metálico para puerta, acabado cromo mate",P033,Accesorios de cerrajería,CERRAJERIA
46358,PEPU-31,"Gancho tipo perchero sombrero y abrigo, 4cm, latón brillante",P033,Accesorios de cerrajería,CERRAJERIA
46366,PEPU-33,"Gancho tipo perchero sombrero y abrigo, 4 cm, cromo, HERMEX",P033,Accesorios de cerrajería,CERRAJERIA
46367,PEPU-34,"Gancho tipo perchero sombrero y abrigo, 4 cm, níquel, HERMEX",P033,Accesorios de cerrajería,CERRAJERIA
46405,PEPU-32,"Gancho tipo perchero sombrero y abrigo, 4 cm, latón antiguo",P033,Accesorios de cerrajería,CERRAJERIA
46549,PEPU-36,"Gancho tipo perchero sombrero y abrigo, 4 cm, negro, HERMEX",P033,Accesorios de cerrajería,CERRAJERIA
46824,MIRI-6,"Mirilla seguridad acabado negro, HERMEX",P033,Accesorios de cerrajería,CERRAJERIA
46831,PEPU-26,"Gancho doble tipo perchero, 7 cm, negro, HERMEX",P033,Accesorios de cerrajería,CERRAJERIA
46832,PEPU-16,"Gancho doble largo y corto tipo perchero, 11 cm, negro",P033,Accesorios de cerrajería,CERRAJERIA
46833,PEPU-06,"Gancho sencillo tipo perchero, 4 cm, negro, HERMEX",P033,Accesorios de cerrajería,CERRAJERIA
46840,MADE-6,"Chapetón metálico para puerta, acabado negro",P033,Accesorios de cerrajería,CERRAJERIA
47853,NUCH-0N,"Número 0 de latón sólido 4', negro, HERMEX",P033,Accesorios de cerrajería,CERRAJERIA
47854,NUCH-1N,"Número 1 de latón sólido 4', negro, HERMEX",P033,Accesorios de cerrajería,CERRAJERIA
47855,NUCH-2N,"Número 2 de latón sólido 4', negro, HERMEX",P033,Accesorios de cerrajería,CERRAJERIA
47856,NUCH-3N,"Número 3 de latón sólido 4', negro, HERMEX",P033,Accesorios de cerrajería,CERRAJERIA
47857,NUCH-4N,"Número 4 de latón sólido 4', negro, HERMEX",P033,Accesorios de cerrajería,CERRAJERIA
47858,NUCH-5N,"Número 5 de latón sólido 4', negro, HERMEX",P033,Accesorios de cerrajería,CERRAJERIA
47859,NUCH-6N,"Número 6 de latón sólido 4', negro, HERMEX",P033,Accesorios de cerrajería,CERRAJERIA
47860,NUCH-7N,"Número 7 de latón sólido 4', negro, HERMEX",P033,Accesorios de cerrajería,CERRAJERIA
47861,NUCH-8N,"Número 8 de latón sólido 4', negro, HERMEX",P033,Accesorios de cerrajería,CERRAJERIA
47862,NUCH-9N,"Número 9 de latón sólido 4', negro, HERMEX",P033,Accesorios de cerrajería,CERRAJERIA
48350,PEPU-01,"Gancho sencillo tipo perchero, 4 cm, latón brillante, HERMEX",P033,Accesorios de cerrajería,CERRAJERIA
48351,PEPU-02,"Gancho sencillo tipo perchero, 4 cm, latón antiguo, HERMEX",P033,Accesorios de cerrajería,CERRAJERIA
48352,PEPU-03,"Gancho sencillo tipo perchero, 4 cm, cromo mate, HERMEX",P033,Accesorios de cerrajería,CERRAJERIA
48353,PEPU-04,"Gancho sencillo tipo perchero, 4 cm, níquel satinado, HERMEX",P033,Accesorios de cerrajería,CERRAJERIA
48355,PEPU-12,"Gancho doble largo y corto tipo perchero 11cm, latón antiguo",P033,Accesorios de cerrajería,CERRAJERIA
48356,PEPU-21,"Gancho doble tipo perchero, 7 cm, latón brillante, HERMEX",P033,Accesorios de cerrajería,CERRAJERIA
48357,PEPU-22,"Gancho doble tipo perchero, 7 cm, latón antiguo, HERMEX",P033,Accesorios de cerrajería,CERRAJERIA
48377,FIPU-2,"Fijapuerta metálico, acabado latón antiguo, HERMEX",P033,Accesorios de cerrajería,CERRAJERIA
48388,TOMA-2,"Tope para puerta magnético, acabado latón antiguo, HERMEX",P033,Accesorios de cerrajería,CERRAJERIA
48398,TODO-2,"Tope tipo domo para puerta, acabado latón antiguo, HERMEX",P033,Accesorios de cerrajería,CERRAJERIA
48399,TOCO-2,"Tope tipo codo para puerta, acabado latón antiguo, HERMEX",P033,Accesorios de cerrajería,CERRAJERIA
48596,TOGA-3,"Tope metálico para puerta con gancho, HERMEX",P033,Accesorios de cerrajería,CERRAJERIA
49613,TOBI-1,"Tope de puerta para bisagra, acabado latón brillante, HERMEX",P033,Accesorios de cerrajería,CERRAJERIA
49614,TOBI-2,"Tope de puerta para bisagra, acabado latón antiguo, HERMEX",P033,Accesorios de cerrajería,CERRAJERIA
49615,TOBI-3,"Tope de puerta para bisagra, acabado cromo mate, HERMEX",P033,Accesorios de cerrajería,CERRAJERIA
49624,PEPU-44,"Perchero para pared con 4 ganchos, 10 cm, satinados, HERMEX",P033,Accesorios de cerrajería,CERRAJERIA
49727,PIMA-6,"Pistón Magnético para puerta / cajón, negro. HERMEX",P033,Accesorios de cerrajería,CERRAJERIA
40165,TOPU-12,"Cuña tope de caucho sintético para puerta de 12 cm, HERMEX",P033,Accesorios de cerrajería,CERRAJERIA
42002,PIGA-60,"Pistón a gas con capacidad de 60 N / 6 kg, HERMEX",P033,Accesorios de cerrajería,CERRAJERIA
42003,PIGA-100,"Pistón a gas con capacidad de 100 N / 10 kg, HERMEX",P033,Accesorios de cerrajería,CERRAJERIA
42004,PIGA-120,"Pistón a gas con capacidad de 120 N / 12 kg, HERMEX",P033,Accesorios de cerrajería,CERRAJERIA
43682,NUCH-4,"Número 4 de latón sólido 4', latón brillante, HERMEX",P033,Accesorios de cerrajería,CERRAJERIA
43735,POCL-250,"Portacandado de acero latonado 2-1/2', HERMEX",P033,Accesorios de cerrajería,CERRAJERIA
43736,POCZ-250,"Portacandado de acero galvanizado 2-1/2', HERMEX",P033,Accesorios de cerrajería,CERRAJERIA
48354,PEPU-11,"Gancho doble largo y corto tipo perchero, 11 cm, brillante",P033,Accesorios de cerrajería,CERRAJERIA
103956,ASPI-20AS,"Aspiradora 20V, sin accesorios, TRUPER PRO",P418,Máquinas inalámbricas,MAQUINAS PORTATILES INALAMBRICAS
102446,MAX-20A,"Aspiradora para auto, 20V, 1 batería 2Ah, MAX",P418,Máquinas inalámbricas,MAQUINAS PORTATILES INALAMBRICAS
29940,ASI-20P,"Aspiradora para auto, 20V, 1 batería 2Ah, PRETUL",P418,Máquinas inalámbricas,MAQUINAS PORTATILES INALAMBRICAS
102551,REPI-19,"Rejilla escurridora para rodillos, TRUPER",P880,Accesorios para pintar,EXTENSIONES PARA RODILLO
102885,DECU-8,"Destapador de cubetas, TRUPER",P880,Accesorios para pintar,EXTENSIONES PARA RODILLO
10547,EXTM-12,"Extensión de acero para rodillo, 1.2 m, TRUPER",P880,Accesorios para pintar,EXTENSIONES PARA RODILLO
10548,EXTM-24,"Extensión de acero para rodillo, 2.4 m, TRUPER",P880,Accesorios para pintar,EXTENSIONES PARA RODILLO
10549,EXTM-30,"Extensión de acero para rodillo, 3 m, TRUPER",P880,Accesorios para pintar,EXTENSIONES PARA RODILLO
19211,CHAP-14,"Charola para rodillo 9' profesional, TRUPER",P880,Accesorios para pintar,EXTENSIONES PARA RODILLO
19213,EXTA-27,"Extensión de aluminio para rodillo, 2.7 m, TRUPER",P880,Accesorios para pintar,EXTENSIONES PARA RODILLO
19216,EXTA-20,"Extensión de aluminio para rodillo, 2 m, TRUPER",P880,Accesorios para pintar,EXTENSIONES PARA RODILLO
20654,CHAP-14P,"Charola para rodillo 9', PRETUL",P880,Accesorios para pintar,EXTENSIONES PARA RODILLO
10546,EXTF-36,"Extensión de fibra de vidrio para rodillo, 3.6 m, TRUPER",P880,Accesorios para pintar,EXTENSIONES PARA RODILLO
13843,KIT-ROPI-915,"Kit de rodillo para pintar, 9' (maneral, charola y felpa)",P880,Accesorios para pintar,EXTENSIONES PARA RODILLO
15023,KIT-ROPI-420N,"Kit de rodillo para pintar, 4' (maneral, charola y 5 felpas)",P880,Accesorios para pintar,EXTENSIONES PARA RODILLO
19392,PAD-7,"Pinta pad 7', TRUPER",P880,Accesorios para pintar,EXTENSIONES PARA RODILLO
19393,PAD-9,"Pinta pad 9', TRUPER",P880,Accesorios para pintar,EXTENSIONES PARA RODILLO
19394,PAD-5R,"Pad rematador 5', TRUPER",P880,Accesorios para pintar,EXTENSIONES PARA RODILLO
19398,REP-PAD-7,"Repuesto para pinta pad, 7', TRUPER",P880,Accesorios para pintar,EXTENSIONES PARA RODILLO
19399,REP-PAD-9,"Repuesto para pinta pad, 9', TRUPER",P880,Accesorios para pintar,EXTENSIONES PARA RODILLO
12815,AM-VA,"Amarrador de varillas, TRUPER",P205,Amarradores de varillas,AMARRADOR DE VARILLAS
10254,AJT-21,"Arco jardinero tubular de 21', TRUPER",P431,Arcos jardineros nacionales,ARCOS JARDINERO
10258,AJT-24,"Arco jardinero tubular de 24', TRUPER",P431,Arcos jardineros nacionales,ARCOS JARDINERO
10260,AJT-30,"Arco jardinero tubular de 30', TRUPER",P431,Arcos jardineros nacionales,ARCOS JARDINERO
10266,REP-AJT-21,"Segueta de repuesto para arco jardinero AJT-21, TRUPER",P431,Arcos jardineros nacionales,ARCOS JARDINERO
10270,REP-AJT-24,"Segueta de repuesto para arco jardinero AJT-24, TRUPER",P431,Arcos jardineros nacionales,ARCOS JARDINERO
10271,REP-AJT-30,"Segueta de repuesto para arco jardinero AJT-30, TRUPER",P431,Arcos jardineros nacionales,ARCOS JARDINERO
10221,ACA-6X,"Arco calador con 5 seguetas de 6-1/2', TRUPER",P004,Arcos para seguetas,ARCOS PARA SEGUETAS Y CALADORES
20002,MAT-12P,"Mini arco 12' de plástico para segueta, PRETUL",P004,Arcos para seguetas,ARCOS PARA SEGUETAS Y CALADORES
10210,AJ-6,"Arco junior 6' para segueta, TRUPER",P004,Arcos para seguetas,ARCOS PARA SEGUETAS Y CALADORES
10220,REP-AJ-6,"Blíster con 5 seguetas de repuesto para AJ-6, TRUPER",P004,Arcos para seguetas,ARCOS PARA SEGUETAS Y CALADORES
10229,REP-ACA-6X,"Blíster con 8 seguetas de repuesto para ACA-6X, TRUPER",P004,Arcos para seguetas,ARCOS PARA SEGUETAS Y CALADORES
10230,APT-12,Arco 12' profesional ajustable de solera para segueta,P004,Arcos para seguetas,ARCOS PARA SEGUETAS Y CALADORES
10232,ATX-12,"Arco 12' profesional extra pesado de 1 kg, TRUPER EXPERT",P004,Arcos para seguetas,ARCOS PARA SEGUETAS Y CALADORES
10234,ATT-12,"Arco 12' profesional tubular de acero para segueta, TRUPER",P004,Arcos para seguetas,ARCOS PARA SEGUETAS Y CALADORES
10236,MAT-12,"Mini arco 12' de aluminio para segueta, TRUPER",P004,Arcos para seguetas,ARCOS PARA SEGUETAS Y CALADORES
20000,ACA-6,"Arco calador con 5 seguetas de 6-1/2', PRETUL",P004,Arcos para seguetas,ARCOS PARA SEGUETAS Y CALADORES
20010,REP-ACA-6,"Blíster con 8 seguetas de repuesto para ACA-6, PRETUL",P004,Arcos para seguetas,ARCOS PARA SEGUETAS Y CALADORES
20017,APS-12,"Arco 12' de solera para segueta, PRETUL",P004,Arcos para seguetas,ARCOS PARA SEGUETAS Y CALADORES
102869,ACE-30M,"Azadón Centroamericano 3.0 lb, mango de fibra 54', TRUPER",P738,Azadones de ojo,AZADONES
102910,ACE-25M,"Azadón Centroamericano 2.5 lb, mango de fibra 54', TRUPER",P738,Azadones de ojo,AZADONES
10359,ACE-20,"Azadón Centroamericano 2.0 lb, sin mango, TRUPER",P738,Azadones de ojo,AZADONES
10361,ACE-25,"Azadón Centroamericano 2.5 lb, sin mango, TRUPER",P738,Azadones de ojo,AZADONES
10362,ACE-30,"Azadón Centroamericano 3.0, lb sin mango, TRUPER",P738,Azadones de ojo,AZADONES
10364,ACE-35,"Azadón Centroamericano 3.5, lb sin mango, TRUPER",P738,Azadones de ojo,AZADONES
102915,AL-0MM,"Azadón Lane No. 0 de 1.6 lb, mango madera de 54', TRUPER",P738,Azadones de ojo,AZADONES
102916,AL-1MM,"Azadón Lane No. 1 de 1.8 lb, mango madera de 54', TRUPER",P738,Azadones de ojo,AZADONES
102917,AL-2MM,"Azadón Lane No. 2 de 2.0 lb, mango madera de 54', TRUPER",P738,Azadones de ojo,AZADONES
102918,AL-3MM,"Azadón Lane No. 3 de 2.1 lb, mango madera de 54', TRUPER",P738,Azadones de ojo,AZADONES
103104,AL-0S,"Azadón Lane No. 0 de 1.6 lb, mango de acero 54', TRUPER",P738,Azadones de ojo,AZADONES
103105,AL-1S,"Azadón Lane No. 1 de 1.8 lb, mango de acero 54', TRUPER",P738,Azadones de ojo,AZADONES
103106,AL-2S,"Azadón Lane No. 2 de 2.0 lb, mango de acero 54', TRUPER",P738,Azadones de ojo,AZADONES
103107,AL-3S,"Azadón Lane No. 3 de 2.1 lb, mango de acero 54', TRUPER",P738,Azadones de ojo,AZADONES
10600,AL-0,"Azadón Lane No. 0 de 1.6 lb, sin mango, TRUPER",P738,Azadones de ojo,AZADONES
10609,AL-3,"Azadón Lane No. 3 de 2.1 lb, sin mango, TRUPER",P738,Azadones de ojo,AZADONES
10612,AL-0M,"Azadón Lane No. 0 de 1.6 lb, mango de fibra 54', TRUPER",P738,Azadones de ojo,AZADONES
10615,AL-1M,"Azadón Lane No. 1 de 1.8 lb, mango de fibra 54', TRUPER",P738,Azadones de ojo,AZADONES
10618,AL-2M,"Azadón Lane No. 2 de 2.0 lb, mango de fibra 54', TRUPER",P738,Azadones de ojo,AZADONES
10621,AL-3M,"Azadón Lane No. 3 de 2.1 lb, mango de fibra 54', TRUPER",P738,Azadones de ojo,AZADONES
11531,ACO-3,"Azadón Córdoba No. 3 de 2.8 lb, sin mango, TRUPER",P738,Azadones de ojo,AZADONES
11631,ACO-3M,"Azadón Córdoba No. 3 de 2.8 lb, mango de madera 54', TRUPER",P738,Azadones de ojo,AZADONES
19979,AOM-1,"Azadón oreja y martillo No. 1 de 2.6 lb, sin mango, TRUPER",P738,Azadones de ojo,AZADONES
19982,AOM-1M,"Azadón oreja y martillo No. 1 de 2.6 lb, mango de fibra 54'",P738,Azadones de ojo,AZADONES
19983,AOM-2M,"Azadón oreja y martillo No. 2 de 2.8 lb, mango de fibra 54'",P738,Azadones de ojo,AZADONES
10603,AL-1,"Azadón Lane No. 1 de 1.8 lb, sin mango, TRUPER",P738,Azadones de ojo,AZADONES
10606,AL-2,"Azadón Lane No. 2 de 2.0 lb, sin mango, TRUPER",P738,Azadones de ojo,AZADONES
11605,ACO-2M,"Azadón Córdoba No. 2 de 2.2 lb, mango de madera 54', TRUPER",P738,Azadones de ojo,AZADONES
19980,AOM-2,"Azadón oreja y martillo No. 2 de 2.8 lb, sin mango, TRUPER",P738,Azadones de ojo,AZADONES
19984,AOM-3M,"Azadón oreja y martillo No. 3 de 3.3 lb, mango de fibra 54'",P738,Azadones de ojo,AZADONES
11530,ACO-2,"Azadón Córdoba No. 2 de 2.2 lb, sin mango, TRUPER",P738,Azadones de ojo,AZADONES
19981,AOM-3,"Azadón oreja y martillo No. 3 de 3.3 lb, sin mango, TRUPER",P738,Azadones de ojo,AZADONES
100752,A2C,"Azadón dos cuernos, mango de madera 54', TRUPER",P739,Azadones de zanco,AZADONES
102140,ATJ-V,"Azadón triangular jardinero, mango de madera 54', TRUPER",P739,Azadones de zanco,AZADONES
10553,ATJ,"Azadón jardinero Classic, mango de madera 54', TRUPER",P739,Azadones de zanco,AZADONES
10562,ATJ-C,"Azadón tomatero, mango corto de madera 18', TRUPER",P739,Azadones de zanco,AZADONES
10565,ATM,"Azadón mezclero, cabeza forjada 10', mango de 60', TRUPER",P739,Azadones de zanco,AZADONES
10568,CUL,"Cultivador forjado, 4 dientes, mango de madera 54', TRUPER",P739,Azadones de zanco,AZADONES
15127,ACT-HOE,"Deshierbador, mango de madera 54', TRUPER",P739,Azadones de zanco,AZADONES
25053,ATJ-P,"Azadón jardinero, mango de madera 48', PRETUL",P739,Azadones de zanco,AZADONES
101543,CUL-5,"Cultivador forjado, 5 dientes, mango de madera 60', TRUPER",P739,Azadones de zanco,AZADONES
10559,ATJ-F,"Azadón jardinero, mango fibra de vidrio de 60', TRUPER",P739,Azadones de zanco,AZADONES
19683,WEC-14,"Cortador de maleza, mango de madera 30', TRUPER",P739,Azadones de zanco,AZADONES
19740,ATM-7,"Azadón mezclero, cabeza forjada 7', mango de 60', TRUPER",P739,Azadones de zanco,AZADONES
10759,BAP-150E,"Barreta para tierra dura 1'x150 cm, escoplo 67 mm, TRUPER",P767,"Barretas, grifas y cuñas nacionales",BARRETAS
19963,BAP-175E,"Barreta para tierra dura de 1'x175 cm, escoplo 67 mm, TRUPER",P767,"Barretas, grifas y cuñas nacionales",BARRETAS
102649,BU-60X,"Barreta de uña de 7/8' x 60 cm, TRUPER EXPERT",P767,"Barretas, grifas y cuñas nacionales",BARRETAS
102670,BU-75X,"Barreta de uña de 7/8' x 75 cm, TRUPER EXPERT",P767,"Barretas, grifas y cuñas nacionales",BARRETAS
102671,BU-90X,"Barreta de uña de 7/8' x 90 cm, TRUPER EXPERT",P767,"Barretas, grifas y cuñas nacionales",BARRETAS
102672,BU-105X,"Barreta de uña de 7/8' x 105 cm, TRUPER EXPERT",P767,"Barretas, grifas y cuñas nacionales",BARRETAS
10750,BAP-100,"Barreta de punta de 7/8' x 100 cm, escoplo 60 mm, TRUPER",P767,"Barretas, grifas y cuñas nacionales",BARRETAS
10753,BAP-125,"Barreta de punta de 7/8' x 125 cm, escoplo 60 mm, TRUPER",P767,"Barretas, grifas y cuñas nacionales",BARRETAS
10756,BAP-150,"Barreta de punta de 1'x150 cm, escoplo 72 mm, TRUPER",P767,"Barretas, grifas y cuñas nacionales",BARRETAS
10762,BAP-175,"Barreta de punta de 1'x175 cm, escoplo 72 mm, TRUPER",P767,"Barretas, grifas y cuñas nacionales",BARRETAS
10765,BAP-175X,"Barreta de punta de 1-1/4' x 175 cm, escoplo 80 mm, TRUPER",P767,"Barretas, grifas y cuñas nacionales",BARRETAS
10853,BU-45,"Barreta de uña de 3/4' x 45 cm, TRUPER",P767,"Barretas, grifas y cuñas nacionales",BARRETAS
10856,BU-60,"Barreta de uña de 3/4' x 60 cm, TRUPER",P767,"Barretas, grifas y cuñas nacionales",BARRETAS
10859,BU-75,"Barreta de uña de 3/4' x 75 cm, TRUPER",P767,"Barretas, grifas y cuñas nacionales",BARRETAS
10862,BU-90,"Barreta de uña de 3/4' x 90 cm, TRUPER",P767,"Barretas, grifas y cuñas nacionales",BARRETAS
10865,GRT-19,"Grifa de dos bocas de 5/8 y 1/2', TRUPER",P767,"Barretas, grifas y cuñas nacionales",BARRETAS
10874,BU-120,"Barreta de uña de 1' x 120 cm, TRUPER",P767,"Barretas, grifas y cuñas nacionales",BARRETAS
13050,CU-3/4,"Cuña para concreto de 3/4', TRUPER",P767,"Barretas, grifas y cuñas nacionales",BARRETAS
13053,CU-7/8,"Cuña para concreto de 7/8', TRUPER",P767,"Barretas, grifas y cuñas nacionales",BARRETAS
13056,CU-1,"Cuña para concreto de 1', TRUPER",P767,"Barretas, grifas y cuñas nacionales",BARRETAS
19633,BU-105,"Barreta de uña de 3/4' x 105 cm, TRUPER",P767,"Barretas, grifas y cuñas nacionales",BARRETAS
19800,GRT-21,"Grifa de dos bocas de 5/8 y 3/4', TRUPER",P767,"Barretas, grifas y cuñas nacionales",BARRETAS
19985,BACO-120,"Barra cavadora 1' x 120 cm, escoplo 102 mm, TRUPER",P767,"Barretas, grifas y cuñas nacionales",BARRETAS
19986,BACO-130,"Barra cavadora 1' x 130 cm, escoplo 102 mm, TRUPER",P767,"Barretas, grifas y cuñas nacionales",BARRETAS
19987,BACO-140,"Barra cavadora 1' x 140 cm, escoplo 102 mm, TRUPER",P767,"Barretas, grifas y cuñas nacionales",BARRETAS
19988,BACO-150,"Barra cavadora 1' x 150 cm, escoplo 102 mm, TRUPER",P767,"Barretas, grifas y cuñas nacionales",BARRETAS
13059,CU-1-1/4,"Cuña para concreto de 1-1/4', TRUPER",P767,"Barretas, grifas y cuñas nacionales",BARRETAS
13062,CU-1-1/2,"Cuña para concreto de 1-1/2', TRUPER",P767,"Barretas, grifas y cuñas nacionales",BARRETAS
10976,MBC-12,"Juego de muelas para berbiquí 12', TRUPER",P011,Berbiquíes,BERBIQUIES
10970,BC-12M,"Berbiquí profesional 12' perilla de madera, TRUPER",P011,Berbiquíes,BERBIQUIES
20240,BC-10P,"Berbiquí 12' perilla de plástico, PRETUL",P011,Berbiquíes,BERBIQUIES
27110,MBC-10P,"Juego de muelas para berbiquí 12', PRETUL",P011,Berbiquíes,BERBIQUIES
11000,BPJ-3,"Bieldo para paja, 3 dientes, mango largo 48', TRUPER",P401,Bieldos nacionales,BIELDOS
11003,BPJ-4,"Bieldo para paja, 4 dientes, mango largo 48', TRUPER",P401,Bieldos nacionales,BIELDOS
11006,BPJ-5,"Bieldo para paja, 5 dientes, mango largo 48', TRUPER",P401,Bieldos nacionales,BIELDOS
11009,BPJ-6,"Bieldo para paja, 6 dientes, mango largo 48', TRUPER",P401,Bieldos nacionales,BIELDOS
11021,BJ-4,"Bieldo para jardín, 4 dientes, mgo 34', puño 'Y', TRUPER",P401,Bieldos nacionales,BIELDOS
19998,BF-16,"Bieldo para estiércol, 16 dientes, mango 54',cabeza plástica",P401,Bieldos nacionales,BIELDOS
23698,BC-351PPB,"Bolsa c/2 bisagras cuadradas 3-1/2',latonado, HERMEX BASIC",P013,Bisagras,BISAGRAS
25102,BC-252PP,"Bisagra cuadrada 2-1/2', latón antiguo, cabeza plana, BASIC",P013,Bisagras,BISAGRAS
25107,BC-253PP,"Bisagra cuadrada 2-1/2', satinado, cabeza plana, BASIC",P013,Bisagras,BISAGRAS
25109,BC-251PP,"Bisagra cuadrada 2-1/2',latonado, cabeza plana, HERMEX BASIC",P013,Bisagras,BISAGRAS
27133,BC-256PP,"Bisagra cuadrada 2-1/2', negro mate, cabeza plana, BASIC",P013,Bisagras,BISAGRAS
29064,BC-353PPB,"Bolsa c/2 bisagras cuadradas 3-1/2', plana, satinado, BASIC",P013,Bisagras,BISAGRAS
29066,BC-352PPB,"Bolsa c/2 bisagras cuadradas 3-1/2', plana, latón ant, BASIC",P013,Bisagras,BISAGRAS
29068,BC-356PPB,"Bolsa c/2 bisagras cuadradas 3-1/2', plana, negro, BASIC",P013,Bisagras,BISAGRAS
43187,BR-200,"Bisagra rectangular 2 x 1-1/2', acero natural, HERMEX",P013,Bisagras,BISAGRAS
43188,BR-250,"Bisagra rectangular 2-1/2 x 1-5/8', acero natural, HERMEX",P013,Bisagras,BISAGRAS
43190,BR-350,"Bisagra rectangular 3-1/2 x 2-1/8', acero natural, HERMEX",P013,Bisagras,BISAGRAS
43191,BR-400,"Bisagra rectangular 4 x 2-3/4', acero natural, HERMEX",P013,Bisagras,BISAGRAS
43194,BR-201,"Bisagra rectangular 2 x 1-1/2', acero latonado, HERMEX",P013,Bisagras,BISAGRAS
43195,BR-251,"Bisagra rectangular 2-1/2 x 1-5/8', acero latonado, HERMEX",P013,Bisagras,BISAGRAS
43197,BR-351,"Bisagra rectangular 3-1/2 x 2-1/8', acero latonado, HERMEX",P013,Bisagras,BISAGRAS
43198,BR-401,"Bisagra rectangular 4 x 2-3/4', acero latonado, HERMEX",P013,Bisagras,BISAGRAS
43200,BR-154,"Bisagra rectangular 1-1/2x1-3/16', acero inoxidable, HERMEX",P013,Bisagras,BISAGRAS
43201,BR-204,"Bisagra rectangular 2 x 1-1/2', acero inoxidable, HERMEX",P013,Bisagras,BISAGRAS
43202,BR-254,"Bisagra rectangular 2-1/2 x 1-5/8', acero inoxidable, HERMEX",P013,Bisagras,BISAGRAS
43204,BR-354,"Bisagra rectangular 3-1/2 x 2-1/8', acero inoxidable, HERMEX",P013,Bisagras,BISAGRAS
43205,BR-404,"Bisagra rectangular 4 x 2-3/4', acero inoxidable, HERMEX",P013,Bisagras,BISAGRAS
43206,BR-151B,"Bolsa 2 bisagras rectangulares 1-1/2x1-3/16', acero latonado",P013,Bisagras,BISAGRAS
43221,BC-254R,"Bisagra cuadrada 2-1/2' acero inox, cabeza redonda, HERMEX",P013,Bisagras,BISAGRAS
43226,BC-254P,"Bisagra cuadrada 2-1/2' acero inox, cabeza plana, HERMEX",P013,Bisagras,BISAGRAS
43231,BC-251R,"Bisagra cuadrada 2-1/2', latonado, cabeza redonda, HERMEX",P013,Bisagras,BISAGRAS
43236,BC-251P,"Bisagra cuadrada 2-1/2', latonado, cabeza plana, HERMEX",P013,Bisagras,BISAGRAS
43241,BC-351RB,"Bolsa 2 bisagras cuadradas 3-1/2' latonado, cabeza redonda",P013,Bisagras,BISAGRAS
43243,BC-351PB,"Bolsa 2 bisagras cuadradas 3-1/2' latonado, cabeza plana",P013,Bisagras,BISAGRAS
43245,BC-252R,"Bisagra cuadrada 2-1/2', latón antiguo, cabeza redonda",P013,Bisagras,BISAGRAS
43250,BC-252P,"Bisagra cuadrada 2-1/2', latón antiguo, cabeza plana, HERMEX",P013,Bisagras,BISAGRAS
43255,BC-253R,"Bisagra cuadrada 2-1/2', satinado, cabeza redonda, HERMEX",P013,Bisagras,BISAGRAS
43260,BC-253P,"Bisagra cuadrada 2-1/2', satinado, cabeza plana, HERMEX",P013,Bisagras,BISAGRAS
44635,BSO-3/8,"Bisagra tubular soldable de 3/8', HERMEX",P013,Bisagras,BISAGRAS
44636,BSO-1/2,"Bisagra tubular soldable de 1/2', HERMEX",P013,Bisagras,BISAGRAS
44637,BSO-5/8,"Bisagra tubular soldable de 5/8', HERMEX",P013,Bisagras,BISAGRAS
44638,BSO-3/4,"Bisagra tubular soldable de 3/4', HERMEX",P013,Bisagras,BISAGRAS
44639,BSO-1,"Bisagra tubular soldable de 1', HERMEX",P013,Bisagras,BISAGRAS
45633,BR-156,"Bisagra rectangular 1-1/2x1-3/16', acero negro mate, HERMEX",P013,Bisagras,BISAGRAS
45634,BR-206,"Bisagra rectangular 2 x 1-1/2', acero negro mate, HERMEX",P013,Bisagras,BISAGRAS
45635,BR-256,"Bisagra rectangular 2-1/2 x 1-5/8', acero negro mate, HERMEX",P013,Bisagras,BISAGRAS
45637,BR-356,"Bisagra rectangular 3-1/2 x 2-1/8', acero negro mate, HERMEX",P013,Bisagras,BISAGRAS
45638,BR-406,"Bisagra rectangular 4 x 2-3/4', acero negro mate, HERMEX",P013,Bisagras,BISAGRAS
45682,BR-150B,"Bolsa 2 bisagras rectangulares 1-1/2x1-3/16', acero natural",P013,Bisagras,BISAGRAS
45685,BR-300B,"Bolsa 2 bisagras rectangulares 3 x 2', acero natural, HERMEX",P013,Bisagras,BISAGRAS
45687,BR-400B,"Bolsa 2 bisagras rectangulares 4 x 2-3/4', acero natural",P013,Bisagras,BISAGRAS
45690,BR-401B,"Bolsa 2 bisagras rectangulares 4 x 2-3/4', acero latonado",P013,Bisagras,BISAGRAS
46707,BC-256P,"Bisagra cuadrada 2 1/2', negro mate, cabeza plana, HERMEX",P013,Bisagras,BISAGRAS
46911,BR-202,"Bisagra rectangular 2 x 1-1/2', latón antiguo, HERMEX",P013,Bisagras,BISAGRAS
46912,BR-252,"Bisagra rectangular 2-1/2 x 1-5/8', latón antiguo, HERMEX",P013,Bisagras,BISAGRAS
46914,BR-352,"Bisagra rectangular 3-1/2 x 2-1/8', latón antiguo, HERMEX",P013,Bisagras,BISAGRAS
46915,BR-402,"Bisagra rectangular 4 x 2-3/4', latón antiguo, HERMEX",P013,Bisagras,BISAGRAS
49598,BC-353PB,"Bolsa 2 bisagras cuadradas 3-1/2' satinado, cabeza plana",P013,Bisagras,BISAGRAS
49602,BC-352PB,"Bolsa 2 bisagras cuadradas 3-1/2'latón antiguo, cabeza plana",P013,Bisagras,BISAGRAS
49604,BC-356PB,"Bolsa 2 bisagras cuadradas 3-1/2' negro, cabeza plana",P013,Bisagras,BISAGRAS
49739,BC-354PB,"Bolsa 2 bisagras cuadradas 3-1/2' acero inox, cabeza plana",P013,Bisagras,BISAGRAS
43186,BR-150,"Bisagra rectangular 1-1/2 x 1-3/16', acero natural, HERMEX",P013,Bisagras,BISAGRAS
43193,BR-151,"Bisagra rectangular 1-1/2 x 1-3/16', acero latonado, HERMEX",P013,Bisagras,BISAGRAS
43207,BR-201B,"Bolsa 2 bisagras rectangulares 2 x 1-1/2', acero latonado",P013,Bisagras,BISAGRAS
43208,BR-251B,Bolsa 2 bisagras rectangulares 2-1/2 x 1-5/8' acero latonado,P013,Bisagras,BISAGRAS
45683,BR-200B,"Bolsa 2 bisagras rectangulares 2 x 1-1/2', acero natural",P013,Bisagras,BISAGRAS
45684,BR-250B,"Bolsa 2 bisagras rectangulares 2-1/2 x 1-5/8', acero natural",P013,Bisagras,BISAGRAS
45686,BR-350B,"Bolsa 2 bisagras rectangulares 3-1/2 x 2-1/8', acero natural",P013,Bisagras,BISAGRAS
45689,BR-351B,Bolsa 2 bisagras rectangulares 3-1/2 x 2-1/8' acero latonado,P013,Bisagras,BISAGRAS
46910,BR-152,"Bisagra rectangular 1-1/2 x 1-3/16', latón antiguo, HERMEX",P013,Bisagras,BISAGRAS
102720,BROU-RB1/4X,"Broca para router, corte recto, 1/4' con balero, TRUPER",P018,Brocas (fresas) para router,"BROCAS 
(TODAS)"
102721,BROU-RB3/8X,"Broca para router, corte recto, 3/8' con balero, TRUPER",P018,Brocas (fresas) para router,"BROCAS 
(TODAS)"
102723,BROU-MC1,"Broca para router, media caña, 1', TRUPER",P018,Brocas (fresas) para router,"BROCAS 
(TODAS)"
102724,BROU-RB7/8X,"Broca para router, rebajado, 7/8' con balero, TRUPER",P018,Brocas (fresas) para router,"BROCAS 
(TODAS)"
102726,BROU-RD5/8X,"Broca para router, redondeado, 5/8' con balero, TRUPER",P018,Brocas (fresas) para router,"BROCAS 
(TODAS)"
102728,BROU-MACH5/8X,"Juego de machimbrador, 5/8', con balero",P018,Brocas (fresas) para router,"BROCAS 
(TODAS)"
10671,BROU-MACH3/4X,"Juego de machimbrador, 3/4', con balero, TRUPER",P018,Brocas (fresas) para router,"BROCAS 
(TODAS)"
10672,BROU-MACH7/8X,"Juego de machimbrador, 7/8', con balero, TRUPER",P018,Brocas (fresas) para router,"BROCAS 
(TODAS)"
10674,BROU-J1X,"Broca router, jovel, 1', con balero, TRUPER",P018,Brocas (fresas) para router,"BROCAS 
(TODAS)"
11444,BROU-RB1/2X,"Broca para router, corte recto, 1/2' con balero, TRUPER",P018,Brocas (fresas) para router,"BROCAS 
(TODAS)"
11464,BROU-MC1/2X,"Broca para router, media caña, 1/2' con balero, TRUPER",P018,Brocas (fresas) para router,"BROCAS 
(TODAS)"
11469,BROU-RD1X,"Broca para router, redondeado, 1' con balero, TRUPER",P018,Brocas (fresas) para router,"BROCAS 
(TODAS)"
55218,EXMO-ROU,"Exhibidor con 30 brocas para router, TRUPER",P018,Brocas (fresas) para router,"BROCAS 
(TODAS)"
102717,BROU-CP5/16,"Broca para router, cola de pato, 5/16', TRUPER",P018,Brocas (fresas) para router,"BROCAS 
(TODAS)"
102718,BROU-V1/4,"Broca para router, corte en 'V', 1/4', TRUPER",P018,Brocas (fresas) para router,"BROCAS 
(TODAS)"
102722,BROU-MC5/8,"Broca para router, media caña, 5/8', TRUPER",P018,Brocas (fresas) para router,"BROCAS 
(TODAS)"
10677,BROU-CO-7/8X,"Broca para router, collarín, 7/8' con balero, TRUPER",P018,Brocas (fresas) para router,"BROCAS 
(TODAS)"
11359,JBROU-6,"Juego de 6 brocas para router, TRUPER",P018,Brocas (fresas) para router,"BROCAS 
(TODAS)"
11452,BROU-R2-1/4M,"Broca para router, recta 2 filos, 1/4', mediana, TRUPER",P018,Brocas (fresas) para router,"BROCAS 
(TODAS)"
11453,BROU-R2-1/4L,"Broca para router, recta 2 filos, 1/4', larga, TRUPER",P018,Brocas (fresas) para router,"BROCAS 
(TODAS)"
11454,BROU-R2-5/16,"Broca para router, recta 2 filos, 5/16', TRUPER",P018,Brocas (fresas) para router,"BROCAS 
(TODAS)"
11455,BROU-R2-3/8,"Broca para router, recta 2 filos, 3/8', TRUPER",P018,Brocas (fresas) para router,"BROCAS 
(TODAS)"
11457,BROU-R2-5/8,"Broca para router, recta 2 filos, 5/8', TRUPER",P018,Brocas (fresas) para router,"BROCAS 
(TODAS)"
11459,BROU-R2-3/4,"Broca para router, recta 2 filos, 3/4', TRUPER",P018,Brocas (fresas) para router,"BROCAS 
(TODAS)"
11460,BROU-MC1/4,"Broca para router, media caña, 1/4', TRUPER",P018,Brocas (fresas) para router,"BROCAS 
(TODAS)"
11461,BROU-MC3/8,"Broca para router, media caña, 3/8', TRUPER",P018,Brocas (fresas) para router,"BROCAS 
(TODAS)"
11462,BROU-MC1/2,"Broca para router, media caña, 1/2', TRUPER",P018,Brocas (fresas) para router,"BROCAS 
(TODAS)"
11463,BROU-MC3/4,"Broca para router, media caña, 3/4', TRUPER",P018,Brocas (fresas) para router,"BROCAS 
(TODAS)"
11465,BROU-V3/8,"Broca para router, corte en 'V', 3/8', TRUPER",P018,Brocas (fresas) para router,"BROCAS 
(TODAS)"
11466,BROU-V1/2,"Broca para router, corte en 'V', 1/2', TRUPER",P018,Brocas (fresas) para router,"BROCAS 
(TODAS)"
11467,BROU-V7/8,"Broca para router, corte en 'V', 7/8', TRUPER",P018,Brocas (fresas) para router,"BROCAS 
(TODAS)"
11472,BROU-RM1X,"Broca para router, redondeado con moldura, 1' con balero",P018,Brocas (fresas) para router,"BROCAS 
(TODAS)"
11475,BROU-CP1/2,"Broca para router, cola de pato, 1/2', TRUPER",P018,Brocas (fresas) para router,"BROCAS 
(TODAS)"
11480,BROU-PP1-3/8X,"Broca para router, pecho paloma, 1-3/8' con balero, TRUPER",P018,Brocas (fresas) para router,"BROCAS 
(TODAS)"
11481,BROU-DR1-3/8X,"Broca para router, doble romana, 1-3/8' con balero, TRUPER",P018,Brocas (fresas) para router,"BROCAS 
(TODAS)"
11482,BROU-C1-3/8X,"Broca para router, clásica, 1-3/8' con balero, TRUPER",P018,Brocas (fresas) para router,"BROCAS 
(TODAS)"
102719,BROU-V1-1/8,"Broca para router, corte en 'V', 1-1/8', TRUPER",P018,Brocas (fresas) para router,"BROCAS 
(TODAS)"
102725,BROU-RM1-1/8X,"Broca para router, redondeado con moldura, 1-1/8' con balero",P018,Brocas (fresas) para router,"BROCAS 
(TODAS)"
102727,BROU-PP1-1/4X,"Broca para router, pecho paloma, 1-1/4' con balero, TRUPER",P018,Brocas (fresas) para router,"BROCAS 
(TODAS)"
10673,BROU-E1-1/8X,"Broca para router, escalonada, 1-1/8', con balero, TRUPER",P018,Brocas (fresas) para router,"BROCAS 
(TODAS)"
10675,BROU-Z1-1/4X,"Broca para router, zafiro, 1-1/4', con balero, TRUPER",P018,Brocas (fresas) para router,"BROCAS 
(TODAS)"
10676,BROU-ESP1-1/4X,"Broca para router, española, 1-1/4', con balero, TRUPER",P018,Brocas (fresas) para router,"BROCAS 
(TODAS)"
11456,BROU-R2-1/2,"Broca para router, recta 2 filos, 1/2', TRUPER",P018,Brocas (fresas) para router,"BROCAS 
(TODAS)"
11468,BROU-CH1-1/4X,"Broca para router, chaflán, 1-1/4' con balero, TRUPER",P018,Brocas (fresas) para router,"BROCAS 
(TODAS)"
11470,BROU-RD1-1/4X,"Broca para router, redondeado, 1-1/4' con balero, TRUPER",P018,Brocas (fresas) para router,"BROCAS 
(TODAS)"
11471,BROU-RD1-1/2X,"Broca para router, redondeado, 1-1/2' con balero, TRUPER",P018,Brocas (fresas) para router,"BROCAS 
(TODAS)"
11473,BROU-RM1-1/4X,"Broca para router, redondeado con moldura, 1-1/4' con balero",P018,Brocas (fresas) para router,"BROCAS 
(TODAS)"
11474,BROU-RM1-1/2X,"Broca para router, redondeado con moldura, 1-1/2' con balero",P018,Brocas (fresas) para router,"BROCAS 
(TODAS)"
11477,BROU-RB1-1/4X,"Broca para router, rebajado, 1-1/4' con balero, TRUPER",P018,Brocas (fresas) para router,"BROCAS 
(TODAS)"
11479,BROU-PP1-1/8X,"Broca para router, pecho paloma, 1-1/8' con balero, TRUPER",P018,Brocas (fresas) para router,"BROCAS 
(TODAS)"
11485,BROU-BC1-1/8X,"Broca para router, bocel cuarto, 1-1/8' con balero, TRUPER",P018,Brocas (fresas) para router,"BROCAS 
(TODAS)"
11486,BROU-M1-1/8X,"Broca para router, moldura clásica, 1-1/8' con balero,Truper",P018,Brocas (fresas) para router,"BROCAS 
(TODAS)"
101550,BES-6X,"Broca escalonada titanio 6 escalones 3/16' a 1/2', EXPERT",P799,Brocas escalonadas,"BROCAS 
(TODAS)"
101553,BES-12X,"Broca escalonada titanio 12 escalones 3/16' a 7/8', EXPERT",P799,Brocas escalonadas,"BROCAS 
(TODAS)"
101554,BES-11X,"Broca escalonada titanio 11 escalones 1/4' a 7/8', EXPERT",P799,Brocas escalonadas,"BROCAS 
(TODAS)"
12125,BES-12,"Broca escalonada óxido negro 12escalones 3/16' a 7/8',Truper",P799,Brocas escalonadas,"BROCAS 
(TODAS)"
100988,JBES-3,"Juego de 3 brocas escalonadas de óxido negro, TRUPER",P799,Brocas escalonadas,"BROCAS 
(TODAS)"
101457,BES-11,"Broca escalonada óxido negro 11 escalones 1/4' a 7/8',Truper",P799,Brocas escalonadas,"BROCAS 
(TODAS)"
101458,BES-12A,"Broca escalonada óxido negro 12escalones 7/16 a 1-1/8,Truper",P799,Brocas escalonadas,"BROCAS 
(TODAS)"
101551,BES-13X,"Broca escalonada titanio 13 escalones 1/8' a 1/2', EXPERT",P799,Brocas escalonadas,"BROCAS 
(TODAS)"
101552,BES-9X,"Broca escalonada titanio 9 escalones 1/4' a 3/4', EXPERT",P799,Brocas escalonadas,"BROCAS 
(TODAS)"
101555,BES-12AX,"Broca escalonada titanio 12 escalones 7/16' a 1-1/8', EXPERT",P799,Brocas escalonadas,"BROCAS 
(TODAS)"
101556,BES-10X,"Broca escalonada titanio 10 escalones 1/4' a 1-3/8', EXPERT",P799,Brocas escalonadas,"BROCAS 
(TODAS)"
101557,JBES-3X,"Juego de 3 brocas escalonadas de titanio, TRUPER EXPERT",P799,Brocas escalonadas,"BROCAS 
(TODAS)"
12120,BES-6,"Broca escalonada óxido negro 6 escalones 3/16' a 1/2',Truper",P799,Brocas escalonadas,"BROCAS 
(TODAS)"
12122,BES-13,"Broca escalonada óxido negro 13 escalones 1/8' a 1/2',Truper",P799,Brocas escalonadas,"BROCAS 
(TODAS)"
12123,BES-9,"Broca escalonada óxido negro 9 escalones 1/4' a 3/4', TRUPER",P799,Brocas escalonadas,"BROCAS 
(TODAS)"
12126,BES-10,"Broca escalonada óxido negro 10escalones 1/4 a 1-3/8',Truper",P799,Brocas escalonadas,"BROCAS 
(TODAS)"
101805,BMC-3/16X6,"Broca multimaterial 3/16 x 6', TRUPER",P763,Brocas multimaterial,"BROCAS 
(TODAS)"
101806,BMC-1/4X6,"Broca multimaterial 1/4 x 6', TRUPER",P763,Brocas multimaterial,"BROCAS 
(TODAS)"
101807,BMC-5/16X6,"Broca multimaterial 5/16 x 6', TRUPER",P763,Brocas multimaterial,"BROCAS 
(TODAS)"
101808,BMC-3/8X6,"Broca multimaterial 3/8 x 6', TRUPER",P763,Brocas multimaterial,"BROCAS 
(TODAS)"
101809,BMC-1/2X6,"Broca multimaterial 1/2 x 6', TRUPER",P763,Brocas multimaterial,"BROCAS 
(TODAS)"
101820,JBMC-5,"Juego de 5 brocas multimaterial, TRUPER",P763,Brocas multimaterial,"BROCAS 
(TODAS)"
103017,BMC-1/8X3,"Broca multimaterial 1/8 x 3', TRUPER",P763,Brocas multimaterial,"BROCAS 
(TODAS)"
103018,BMC-5/32X6,"Broca multimaterial 5/32 x 6', TRUPER",P763,Brocas multimaterial,"BROCAS 
(TODAS)"
103924,JBMS-6,"Juego de 6 brocas helicoidales con sierra, TRUPER",P763,Brocas multimaterial,"BROCAS 
(TODAS)"
102340,BCT-5X100,"Broca para concreto 5 x 100 mm, TRUPER",P015,Brocas para concreto,"BROCAS 
(TODAS)"
102341,BCT-5X150,"Broca para concreto 5 x 150 mm, TRUPER",P015,Brocas para concreto,"BROCAS 
(TODAS)"
102342,BCT-6X100,"Broca para concreto 6 x 100 mm, TRUPER",P015,Brocas para concreto,"BROCAS 
(TODAS)"
102343,BCT-6X150,"Broca para concreto 6 x 150 mm, TRUPER",P015,Brocas para concreto,"BROCAS 
(TODAS)"
102344,BCT-6X300,"Broca para concreto 6 x 300 mm, TRUPER",P015,Brocas para concreto,"BROCAS 
(TODAS)"
102345,BCT-8X100,"Broca para concreto 8 x 100 mm, TRUPER",P015,Brocas para concreto,"BROCAS 
(TODAS)"
102346,BCT-8X150,"Broca para concreto 8 x 150 mm, TRUPER",P015,Brocas para concreto,"BROCAS 
(TODAS)"
102347,BCT-8X300,"Broca para concreto 8 x 300 mm, TRUPER",P015,Brocas para concreto,"BROCAS 
(TODAS)"
102348,BCT-10X125,"Broca para concreto 10 x 125 mm, TRUPER",P015,Brocas para concreto,"BROCAS 
(TODAS)"
102349,BCT-10X150,"Broca para concreto 10 x 150 mm, TRUPER",P015,Brocas para concreto,"BROCAS 
(TODAS)"
102350,BCT-10X300,"Broca para concreto 10 x 300 mm, TRUPER",P015,Brocas para concreto,"BROCAS 
(TODAS)"
102351,BCT-13X150,"Broca para concreto 13 x 150 mm, TRUPER",P015,Brocas para concreto,"BROCAS 
(TODAS)"
102352,BCT-13X300,"Broca para concreto 13 x 300 mm, TRUPER",P015,Brocas para concreto,"BROCAS 
(TODAS)"
102353,BCT-16X150,"Broca para concreto 16 x 150 mm, TRUPER",P015,Brocas para concreto,"BROCAS 
(TODAS)"
102354,BCT-16X300,"Broca para concreto 16 x 300 mm, TRUPER",P015,Brocas para concreto,"BROCAS 
(TODAS)"
102355,BCT-19X150,"Broca para concreto 19 x 150 mm, TRUPER",P015,Brocas para concreto,"BROCAS 
(TODAS)"
102356,BCT-19X300,"Broca para concreto 19 x 300 mm, TRUPER",P015,Brocas para concreto,"BROCAS 
(TODAS)"
102357,BCT-22X150,"Broca para concreto 22 x 150 mm, TRUPER",P015,Brocas para concreto,"BROCAS 
(TODAS)"
102358,BCT-22X300,"Broca para concreto 22 x 300 mm, TRUPER",P015,Brocas para concreto,"BROCAS 
(TODAS)"
102359,BCT-25X150,"Broca para concreto 25 x 150 mm, TRUPER",P015,Brocas para concreto,"BROCAS 
(TODAS)"
102360,BCT-25X300,"Broca para concreto 25 x 300 mm, TRUPER",P015,Brocas para concreto,"BROCAS 
(TODAS)"
11254,BCT-1X6,"Broca para concreto de 1 x 6', TRUPER",P015,Brocas para concreto,"BROCAS 
(TODAS)"
11257,BCT-1X12,"Broca para concreto de 1 x 12', TRUPER",P015,Brocas para concreto,"BROCAS 
(TODAS)"
50352,DESP-BROC,"Exhibidor despachador con brocas para concreto, TRUPER",P015,Brocas para concreto,"BROCAS 
(TODAS)"
102705,JBCT-5,"Juego de 5 brocas para concreto, TRUPER",P015,Brocas para concreto,"BROCAS 
(TODAS)"
102706,JBCT-4,"Juego de 4 brocas para concreto, TRUPER",P015,Brocas para concreto,"BROCAS 
(TODAS)"
11200,BCT-3/16X4,"Broca para concreto de 3/16 x 4', TRUPER",P015,Brocas para concreto,"BROCAS 
(TODAS)"
11203,BCT-1/4X4,"Broca para concreto de 1/4 x 4', TRUPER",P015,Brocas para concreto,"BROCAS 
(TODAS)"
11206,BCT-1/4X6,"Broca para concreto de 1/4 x 6', TRUPER",P015,Brocas para concreto,"BROCAS 
(TODAS)"
11209,BCT-1/4X12,"Broca para concreto de 1/4 x 12', TRUPER",P015,Brocas para concreto,"BROCAS 
(TODAS)"
11212,BCT-5/16X4,"Broca para concreto de 5/16 x 4', TRUPER",P015,Brocas para concreto,"BROCAS 
(TODAS)"
11215,BCT-5/16X6,"Broca para concreto de 5/16 x 6', TRUPER",P015,Brocas para concreto,"BROCAS 
(TODAS)"
11218,BCT-5/16X12,"Broca para concreto de 5/16 x 12', TRUPER",P015,Brocas para concreto,"BROCAS 
(TODAS)"
11221,BCT-3/8X5,"Broca para concreto de 3/8 x 5', TRUPER",P015,Brocas para concreto,"BROCAS 
(TODAS)"
11224,BCT-3/8X6,"Broca para concreto de 3/8 x 6', TRUPER",P015,Brocas para concreto,"BROCAS 
(TODAS)"
11227,BCT-3/8X12,"Broca para concreto de 3/8 x 12', TRUPER",P015,Brocas para concreto,"BROCAS 
(TODAS)"
11230,BCT-1/2X6,"Broca para concreto de 1/2 x 6', TRUPER",P015,Brocas para concreto,"BROCAS 
(TODAS)"
11233,BCT-1/2X12,"Broca para concreto de 1/2 x 12', TRUPER",P015,Brocas para concreto,"BROCAS 
(TODAS)"
11236,BCT-5/8X6,"Broca para concreto de 5/8 x 6', TRUPER",P015,Brocas para concreto,"BROCAS 
(TODAS)"
11239,BCT-5/8X12,"Broca para concreto de 5/8 x 12', TRUPER",P015,Brocas para concreto,"BROCAS 
(TODAS)"
11242,BCT-3/4X6,"Broca para concreto de 3/4 x 6', TRUPER",P015,Brocas para concreto,"BROCAS 
(TODAS)"
11245,BCT-3/4X12,"Broca para concreto de 3/4 x 12', TRUPER",P015,Brocas para concreto,"BROCAS 
(TODAS)"
11248,BCT-7/8X6,"Broca para concreto de 7/8 x 6', TRUPER",P015,Brocas para concreto,"BROCAS 
(TODAS)"
11251,BCT-7/8X12,"Broca para concreto de 7/8 x 12', TRUPER",P015,Brocas para concreto,"BROCAS 
(TODAS)"
11258,BCT-3/16X6,"Broca para concreto de 3/16 x 6', TRUPER",P015,Brocas para concreto,"BROCAS 
(TODAS)"
11295,JBCT-6,"Juego de 6 brocas para concreto, TRUPER",P015,Brocas para concreto,"BROCAS 
(TODAS)"
12752,BCT-3/16X4-B,"Broca para concreto de 3/16 x 4' en blíster, TRUPER",P015,Brocas para concreto,"BROCAS 
(TODAS)"
12753,BCT-3/16X6-B,"Broca para concreto de 3/16 x 6' en blíster, TRUPER",P015,Brocas para concreto,"BROCAS 
(TODAS)"
12754,BCT-1/4X4-B,"Broca para concreto de 1/4 x 4' en blíster, TRUPER",P015,Brocas para concreto,"BROCAS 
(TODAS)"
12755,BCT-1/4X6-B,"Broca para concreto de 1/4 x 6' en blíster, TRUPER",P015,Brocas para concreto,"BROCAS 
(TODAS)"
12756,BCT-5/16X4-B,"Broca para concreto de 5/16 x 4' en blíster, TRUPER",P015,Brocas para concreto,"BROCAS 
(TODAS)"
12757,BCT-5/16X6-B,"Broca para concreto de 5/16 x 6' en blíster, TRUPER",P015,Brocas para concreto,"BROCAS 
(TODAS)"
12758,BCT-3/8X5-B,"Broca para concreto de 3/8 x 5' en blíster, TRUPER",P015,Brocas para concreto,"BROCAS 
(TODAS)"
12759,BCT-3/8X6-B,"Broca para concreto de 3/8 x 6' en blíster, TRUPER",P015,Brocas para concreto,"BROCAS 
(TODAS)"
12760,BCT-1/2X6-B,"Broca para concreto de 1/2 x 6' en blíster, TRUPER",P015,Brocas para concreto,"BROCAS 
(TODAS)"
104064,BAB-1X6,"Broca auger tipo berbiquí 1' X 6', TRUPER",P016,Brocas para madera,"BROCAS 
(TODAS)"
104073,BAB-1X18,"Broca auger tipo berbiquí 1' X 18', TRUPER",P016,Brocas para madera,"BROCAS 
(TODAS)"
101626,BM-1/8,"Broca con punta centradora para madera 1/8', TRUPER",P016,Brocas para madera,"BROCAS 
(TODAS)"
101627,BM-5/32,"Broca con punta centradora para madera 5/32', TRUPER",P016,Brocas para madera,"BROCAS 
(TODAS)"
101629,BM-3/16,"Broca con punta centradora para madera 3/16', TRUPER",P016,Brocas para madera,"BROCAS 
(TODAS)"
101690,BM-7/32,"Broca con punta centradora para madera 7/32', TRUPER",P016,Brocas para madera,"BROCAS 
(TODAS)"
101691,BM-1/4,"Broca con punta centradora para madera 1/4', TRUPER",P016,Brocas para madera,"BROCAS 
(TODAS)"
101692,BM-9/32,"Broca con punta centradora para madera 9/32', TRUPER",P016,Brocas para madera,"BROCAS 
(TODAS)"
101693,BM-5/16,"Broca con punta centradora para madera 5/16', TRUPER",P016,Brocas para madera,"BROCAS 
(TODAS)"
101694,BM-3/8,"Broca con punta centradora para madera 3/8', TRUPER",P016,Brocas para madera,"BROCAS 
(TODAS)"
101695,BM-7/16,"Broca con punta centradora para madera 7/16', TRUPER",P016,Brocas para madera,"BROCAS 
(TODAS)"
101696,BM-1/2,"Broca con punta centradora para madera 1/2', TRUPER",P016,Brocas para madera,"BROCAS 
(TODAS)"
102318,BFM-15,"Broca forstner 15 mm para madera, TRUPER",P016,Brocas para madera,"BROCAS 
(TODAS)"
102319,BFM-20,"Broca forstner 20 mm para madera, TRUPER",P016,Brocas para madera,"BROCAS 
(TODAS)"
102365,JBB-3,"Juego de 3 brocas para bisagra, TRUPER",P016,Brocas para madera,"BROCAS 
(TODAS)"
102370,BFM-25,"Broca forstner 25 mm para madera, TRUPER",P016,Brocas para madera,"BROCAS 
(TODAS)"
102371,BFM-30,"Broca forstner 30 mm para madera, TRUPER",P016,Brocas para madera,"BROCAS 
(TODAS)"
102372,BFM-35,"Broca forstner 35 mm para madera, TRUPER",P016,Brocas para madera,"BROCAS 
(TODAS)"
102373,JBFM-5,"Juego de 5 brocas forstner para madera, TRUPER",P016,Brocas para madera,"BROCAS 
(TODAS)"
102375,BAM-6,"Broca avellanadora #6 para madera, 9/64', TRUPER",P016,Brocas para madera,"BROCAS 
(TODAS)"
102376,BAM-8,"Broca avellanadora #8 para madera, 11/64', TRUPER",P016,Brocas para madera,"BROCAS 
(TODAS)"
102377,BAM-10,"Broca avellanadora #10 para madera, 3/16', TRUPER",P016,Brocas para madera,"BROCAS 
(TODAS)"
102378,JBAM-3,"Juego de 3 brocas avellanadoras, TRUPER",P016,Brocas para madera,"BROCAS 
(TODAS)"
103437,JBC-8,"Juego de 8 brocas clavacote para madera, TRUPER",P016,Brocas para madera,"BROCAS 
(TODAS)"
104059,BAB-3/8X6,"Broca auger tipo berbiquí 3/8' X 6', TRUPER",P016,Brocas para madera,"BROCAS 
(TODAS)"
104060,BAB-1/2X6,"Broca auger tipo berbiquí 1/2' X 6', TRUPER",P016,Brocas para madera,"BROCAS 
(TODAS)"
104061,BAB-5/8X6,"Broca auger tipo berbiquí 5/8' X 6', TRUPER",P016,Brocas para madera,"BROCAS 
(TODAS)"
104062,BAB-3/4X6,"Broca auger tipo berbiquí 3/4' X 6', TRUPER",P016,Brocas para madera,"BROCAS 
(TODAS)"
104063,BAB-7/8X6,"Broca auger tipo berbiquí 7/8' X 6', TRUPER",P016,Brocas para madera,"BROCAS 
(TODAS)"
104067,BAB-3/8X18,"Broca auger tipo berbiquí 3/8' X 18', TRUPER",P016,Brocas para madera,"BROCAS 
(TODAS)"
104068,BAB-1/2X18,"Broca auger tipo berbiquí 1/2' X 18', TRUPER",P016,Brocas para madera,"BROCAS 
(TODAS)"
104069,BAB-5/8X18,"Broca auger tipo berbiquí 5/8' X 18', TRUPER",P016,Brocas para madera,"BROCAS 
(TODAS)"
104070,BAB-3/4X18,"Broca auger tipo berbiquí 3/4' X 18', TRUPER",P016,Brocas para madera,"BROCAS 
(TODAS)"
104071,BAB-13/16X18,"Broca auger tipo berbiquí 13/16' X 18', TRUPER",P016,Brocas para madera,"BROCAS 
(TODAS)"
104072,BAB-7/8X18,"Broca auger tipo berbiquí 7/8' X 18', TRUPER",P016,Brocas para madera,"BROCAS 
(TODAS)"
11337,JBMA-6,"Juego de 6 brocas con punta centradora para madera, TRUPER",P016,Brocas para madera,"BROCAS 
(TODAS)"
11338,JBMA-8,"Juego de 8 brocas con punta centradora para madera, TRUPER",P016,Brocas para madera,"BROCAS 
(TODAS)"
102251,JBAV-5R,"Juego de 5 brocas HSS para metal zanco cambio rápido, EXPERT",P017,Brocas para metal,"BROCAS 
(TODAS)"
102252,JBAV-13R,"Juego de 13 brocas HSS p/metal zanco cambio rápido, EXPERT",P017,Brocas para metal,"BROCAS 
(TODAS)"
14072,BAV-10,"Broca HSS 1.0 mm Trugold para metal, TRUPER EXPERT",P017,Brocas para metal,"BROCAS 
(TODAS)"
14123,BAV-15,"Broca HSS 1.5 mm Trugold para metal, TRUPER EXPERT",P017,Brocas para metal,"BROCAS 
(TODAS)"
14124,BAV-20,"Broca HSS 2.0 mm Trugold para metal, TRUPER EXPERT",P017,Brocas para metal,"BROCAS 
(TODAS)"
14126,BAV-25,"Broca HSS 2.5 mm Trugold para metal, TRUPER EXPERT",P017,Brocas para metal,"BROCAS 
(TODAS)"
14127,BAV-30,"Broca HSS 3.0 mm Trugold para metal, TRUPER EXPERT",P017,Brocas para metal,"BROCAS 
(TODAS)"
14130,BAV-35,"Broca HSS 3.5 mm Trugold para metal, TRUPER EXPERT",P017,Brocas para metal,"BROCAS 
(TODAS)"
14132,BAV-40,"Broca HSS 4.0 mm Trugold para metal, TRUPER EXPERT",P017,Brocas para metal,"BROCAS 
(TODAS)"
14133,BAV-45,"Broca HSS 4.5 mm Trugold para metal, TRUPER EXPERT",P017,Brocas para metal,"BROCAS 
(TODAS)"
14147,BAV-50,"Broca HSS 5.0 mm Trugold para metal, TRUPER EXPERT",P017,Brocas para metal,"BROCAS 
(TODAS)"
14150,BAV-60,"Broca HSS 6.0 mm Trugold para metal, TRUPER EXPERT",P017,Brocas para metal,"BROCAS 
(TODAS)"
14151,BAV-65,"Broca HSS 6.5 mm Trugold para metal, TRUPER EXPERT",P017,Brocas para metal,"BROCAS 
(TODAS)"
14153,BAV-70,"Broca HSS 7.0 mm Trugold para metal, TRUPER EXPERT",P017,Brocas para metal,"BROCAS 
(TODAS)"
14154,BAV-75,"Broca HSS 7.5 mm Trugold para metal, TRUPER EXPERT",P017,Brocas para metal,"BROCAS 
(TODAS)"
14178,BAV-80,"Broca HSS 8.0 mm Trugold para metal, TRUPER EXPERT",P017,Brocas para metal,"BROCAS 
(TODAS)"
14179,BAV-85,"Broca HSS 8.5 mm Trugold para metal, TRUPER EXPERT",P017,Brocas para metal,"BROCAS 
(TODAS)"
14207,BAV-90,"Broca HSS 9.0 mm Trugold para metal, TRUPER EXPERT",P017,Brocas para metal,"BROCAS 
(TODAS)"
14319,BAV-95,"Broca HSS 9.5 mm Trugold para metal, TRUPER EXPERT",P017,Brocas para metal,"BROCAS 
(TODAS)"
14321,BAV-100,"Broca HSS 10.0 mm Trugold para metal, TRUPER EXPERT",P017,Brocas para metal,"BROCAS 
(TODAS)"
14327,BAV-105,"Broca HSS 10.5 mm Trugold para metal, TRUPER EXPERT",P017,Brocas para metal,"BROCAS 
(TODAS)"
14329,BAV-110,"Broca HSS 11.0 mm Trugold para metal, TRUPER EXPERT",P017,Brocas para metal,"BROCAS 
(TODAS)"
14331,BAV-115,"Broca HSS 11.5 mm Trugold para metal, TRUPER EXPERT",P017,Brocas para metal,"BROCAS 
(TODAS)"
14333,BAV-120,"Broca HSS 12.0 mm Trugold para metal, TRUPER EXPERT",P017,Brocas para metal,"BROCAS 
(TODAS)"
14335,BAV-125,"Broca HSS 12.5 mm Trugold para metal, TRUPER EXPERT",P017,Brocas para metal,"BROCAS 
(TODAS)"
14337,BAV-130,"Broca HSS 13.0 mm Trugold para metal, TRUPER EXPERT",P017,Brocas para metal,"BROCAS 
(TODAS)"
20703,JBAV-5P,"Juego de 5 brocas HSS para metal, PRETUL",P017,Brocas para metal,"BROCAS 
(TODAS)"
50004,DESP-BAV-29C,"Juego de 29 brocas HSS para metal en estuche, TRUPER EXPERT",P017,Brocas para metal,"BROCAS 
(TODAS)"
55956,DESP-BAV-GR-C,Despachador 29 compartimentos para brocas HSS con producto,P017,Brocas para metal,"BROCAS 
(TODAS)"
55957,DESP-BAV-CH-C,Despachador 13 compartimentos para brocas HSS con producto,P017,Brocas para metal,"BROCAS 
(TODAS)"
102171,BAV-1/16-S,"Broca HSS 1/16' Trusilver para metal, TRUPER",P017,Brocas para metal,"BROCAS 
(TODAS)"
102192,BAV-1/4-S,"Broca HSS 1/4' Trusilver para metal, TRUPER",P017,Brocas para metal,"BROCAS 
(TODAS)"
102195,BAV-9/32-S,"Broca HSS 9/32' Trusilver para metal, TRUPER",P017,Brocas para metal,"BROCAS 
(TODAS)"
102197,BAV-5/16-S,"Broca HSS 5/16' Trusilver para metal, TRUPER",P017,Brocas para metal,"BROCAS 
(TODAS)"
102212,BAV-13/32-S,"Broca HSS 13/32' Trusilver para metal, TRUPER",P017,Brocas para metal,"BROCAS 
(TODAS)"
102216,BAV-15/32-S,"Broca HSS 15/32' Trusilver para metal, TRUPER",P017,Brocas para metal,"BROCAS 
(TODAS)"
102218,BAV-1/2-S,"Broca HSS 1/2' Trusilver para metal, TRUPER",P017,Brocas para metal,"BROCAS 
(TODAS)"
102222,BAV-7/8-S,"Broca HSS 7/8' Trusilver para metal, TRUPER",P017,Brocas para metal,"BROCAS 
(TODAS)"
102223,BAV-1-S,"Broca HSS 1' Trusilver para metal, TRUPER",P017,Brocas para metal,"BROCAS 
(TODAS)"
102335,JBMT-6,"Juego de 6 brocas HSS con machuelo para metal, TRUPER",P017,Brocas para metal,"BROCAS 
(TODAS)"
102380,AV-1/2,"Avellanador HSS cambio rápido 1/2', TRUPER",P017,Brocas para metal,"BROCAS 
(TODAS)"
102381,AV-5/8,"Avellanador HSS cambio rápido 5/8', TRUPER",P017,Brocas para metal,"BROCAS 
(TODAS)"
102382,AV-3/4,"Avellanador HSS cambio rápido 3/4', TRUPER",P017,Brocas para metal,"BROCAS 
(TODAS)"
102383,JAV-3,"Juego de 3 avellanadores HSS, TRUPER",P017,Brocas para metal,"BROCAS 
(TODAS)"
103879,BCD-1,"Broca para centrar con doble punta #1, TRUPER",P017,Brocas para metal,"BROCAS 
(TODAS)"
103900,BCD-2,"Broca para centrar con doble punta #2, TRUPER",P017,Brocas para metal,"BROCAS 
(TODAS)"
103901,BCD-3,"Broca para centrar con doble punta #3, TRUPER",P017,Brocas para metal,"BROCAS 
(TODAS)"
103902,BCD-4,"Broca para centrar con doble punta #4, TRUPER",P017,Brocas para metal,"BROCAS 
(TODAS)"
103903,BCD-5,"Broca para centrar con doble punta #5, TRUPER",P017,Brocas para metal,"BROCAS 
(TODAS)"
103904,BCD-6,"Broca para centrar con doble punta #6, TRUPER",P017,Brocas para metal,"BROCAS 
(TODAS)"
103905,BCD-7,"Broca para centrar con doble punta #7, TRUPER",P017,Brocas para metal,"BROCAS 
(TODAS)"
103906,BCD-8,"Broca para centrar con doble punta #8, TRUPER",P017,Brocas para metal,"BROCAS 
(TODAS)"
11110,BAV-1/16,"Broca HSS 1/16' Trugold para metal, TRUPER EXPERT",P017,Brocas para metal,"BROCAS 
(TODAS)"
11112,BAV-5/64,"Broca HSS 5/64' Trugold para metal, TRUPER EXPERT",P017,Brocas para metal,"BROCAS 
(TODAS)"
11114,BAV-3/32,"Broca HSS 3/32' Trugold para metal, TRUPER EXPERT",P017,Brocas para metal,"BROCAS 
(TODAS)"
11116,BAV-7/64,"Broca HSS 7/64' Trugold para metal, TRUPER EXPERT",P017,Brocas para metal,"BROCAS 
(TODAS)"
11118,BAV-1/8,"Broca HSS 1/8' Trugold para metal, TRUPER EXPERT",P017,Brocas para metal,"BROCAS 
(TODAS)"
11120,BAV-9/64,"Broca HSS 9/64' Trugold para metal, TRUPER EXPERT",P017,Brocas para metal,"BROCAS 
(TODAS)"
11122,BAV-5/32,"Broca HSS 5/32' Trugold para metal, TRUPER EXPERT",P017,Brocas para metal,"BROCAS 
(TODAS)"
11124,BAV-11/64,"Broca HSS 11/64' Trugold para metal, TRUPER EXPERT",P017,Brocas para metal,"BROCAS 
(TODAS)"
11126,BAV-3/16,"Broca HSS 3/16' Trugold para metal, TRUPER EXPERT",P017,Brocas para metal,"BROCAS 
(TODAS)"
11128,BAV-13/64,"Broca HSS 13/64' Trugold para metal, TRUPER EXPERT",P017,Brocas para metal,"BROCAS 
(TODAS)"
11130,BAV-7/32,"Broca HSS 7/32' Trugold para metal, TRUPER EXPERT",P017,Brocas para metal,"BROCAS 
(TODAS)"
11132,BAV-15/64,"Broca HSS 15/64' Trugold para metal, TRUPER EXPERT",P017,Brocas para metal,"BROCAS 
(TODAS)"
11134,BAV-1/4,"Broca HSS 1/4' Trugold para metal, TRUPER EXPERT",P017,Brocas para metal,"BROCAS 
(TODAS)"
11136,BAV-17/64,"Broca HSS 17/64' Trugold para metal, TRUPER EXPERT",P017,Brocas para metal,"BROCAS 
(TODAS)"
11138,BAV-9/32,"Broca HSS 9/32' Trugold para metal, TRUPER EXPERT",P017,Brocas para metal,"BROCAS 
(TODAS)"
11140,BAV-19/64,"Broca HSS 19/64' Trugold para metal, TRUPER EXPERT",P017,Brocas para metal,"BROCAS 
(TODAS)"
11142,BAV-5/16,"Broca HSS 5/16' Trugold para metal, TRUPER EXPERT",P017,Brocas para metal,"BROCAS 
(TODAS)"
11144,BAV-21/64,"Broca HSS 21/64' Trugold para metal, TRUPER EXPERT",P017,Brocas para metal,"BROCAS 
(TODAS)"
11146,BAV-11/32,"Broca HSS 11/32' Trugold para metal, TRUPER EXPERT",P017,Brocas para metal,"BROCAS 
(TODAS)"
11148,BAV-23/64,"Broca HSS 23/64' Trugold para metal, TRUPER EXPERT",P017,Brocas para metal,"BROCAS 
(TODAS)"
11150,BAV-3/8,"Broca HSS 3/8' Trugold para metal, TRUPER EXPERT",P017,Brocas para metal,"BROCAS 
(TODAS)"
11152,BAV-25/64,"Broca HSS 25/64' Trugold para metal, TRUPER EXPERT",P017,Brocas para metal,"BROCAS 
(TODAS)"
11154,BAV-13/32,"Broca HSS 13/32' Trugold para metal, TRUPER EXPERT",P017,Brocas para metal,"BROCAS 
(TODAS)"
11156,BAV-27/64,"Broca HSS 27/64' Trugold para metal, TRUPER EXPERT",P017,Brocas para metal,"BROCAS 
(TODAS)"
11158,BAV-7/16,"Broca HSS 7/16' Trugold para metal, TRUPER EXPERT",P017,Brocas para metal,"BROCAS 
(TODAS)"
11160,BAV-29/64,"Broca HSS 29/64' Trugold para metal, TRUPER EXPERT",P017,Brocas para metal,"BROCAS 
(TODAS)"
11162,BAV-15/32,"Broca HSS 15/32' Trugold para metal, TRUPER EXPERT",P017,Brocas para metal,"BROCAS 
(TODAS)"
11164,BAV-31/64,"Broca HSS 31/64' Trugold para metal, TRUPER EXPERT",P017,Brocas para metal,"BROCAS 
(TODAS)"
11166,BAV-1/2,"Broca HSS 1/2' Trugold para metal, TRUPER EXPERT",P017,Brocas para metal,"BROCAS 
(TODAS)"
11168,BAV-9/16,"Broca HSS 9/16' Trugold para metal, TRUPER EXPERT",P017,Brocas para metal,"BROCAS 
(TODAS)"
11170,BAV-5/8,"Broca HSS 5/8' Trugold para metal, TRUPER EXPERT",P017,Brocas para metal,"BROCAS 
(TODAS)"
11172,BAV-3/4,"Broca HSS 3/4' Trugold para metal, TRUPER EXPERT",P017,Brocas para metal,"BROCAS 
(TODAS)"
11174,BAV-7/8,"Broca HSS 7/8' Trugold para metal, TRUPER EXPERT",P017,Brocas para metal,"BROCAS 
(TODAS)"
11176,BAV-1,"Broca HSS 1' Trugold para metal, TRUPER EXPERT",P017,Brocas para metal,"BROCAS 
(TODAS)"
11394,JBAV-5,"Juego de 5 brocas HSS para metal, TRUPER EXPERT",P017,Brocas para metal,"BROCAS 
(TODAS)"
11399,JBAV-10,"Juego de 10 brocas HSS para metal en estuche, TRUPER EXPERT",P017,Brocas para metal,"BROCAS 
(TODAS)"
11402,JBAV-13,"Juego de 13 brocas HSS para metal en estuche, TRUPER EXPERT",P017,Brocas para metal,"BROCAS 
(TODAS)"
12738,BAV-3/32-B,"Broca HSS 3/32' Trugold para metal en blíster, EXPERT",P017,Brocas para metal,"BROCAS 
(TODAS)"
12739,BAV-7/64-B,"Broca HSS 7/64' Trugold para metal en blíster, EXPERT",P017,Brocas para metal,"BROCAS 
(TODAS)"
12740,BAV-1/8-B,"Broca HSS 1/8' Trugold para metal en blíster, EXPERT",P017,Brocas para metal,"BROCAS 
(TODAS)"
12741,BAV-9/64-B,"Broca HSS 9/64' Trugold para metal en blíster, EXPERT",P017,Brocas para metal,"BROCAS 
(TODAS)"
12742,BAV-5/32-B,"Broca HSS 5/32' Trugold para metal en blíster, EXPERT",P017,Brocas para metal,"BROCAS 
(TODAS)"
12743,BAV-11/64-B,"Broca HSS 11/64' Trugold para metal en blíster, EXPERT",P017,Brocas para metal,"BROCAS 
(TODAS)"
12744,BAV-3/16-B,"Broca HSS 3/16' Trugold para metal en blíster, EXPERT",P017,Brocas para metal,"BROCAS 
(TODAS)"
12745,BAV-7/32-B,"Broca HSS 7/32' Trugold para metal en blíster, EXPERT",P017,Brocas para metal,"BROCAS 
(TODAS)"
12746,BAV-1/4-B,"Broca HSS 1/4' Trugold para metal en blíster, EXPERT",P017,Brocas para metal,"BROCAS 
(TODAS)"
12747,BAV-5/16-B,"Broca HSS 5/16' Trugold para metal en blíster, EXPERT",P017,Brocas para metal,"BROCAS 
(TODAS)"
12748,BAV-3/8-B,"Broca HSS 3/8' Trugold para metal en blíster, EXPERT",P017,Brocas para metal,"BROCAS 
(TODAS)"
12749,BAV-7/16-B,"Broca HSS 7/16' Trugold para metal en blíster, EXPERT",P017,Brocas para metal,"BROCAS 
(TODAS)"
12750,BAV-1/2-B,"Broca HSS 1/2' Trugold para metal en blíster, EXPERT",P017,Brocas para metal,"BROCAS 
(TODAS)"
12751,BAV-5/8-B,"Broca HSS 5/8' Trugold para metal en blíster, EXPERT",P017,Brocas para metal,"BROCAS 
(TODAS)"
14129,BAV-33,"Broca HSS 3.3 mm Trugold para metal, TRUPER EXPERT",P017,Brocas para metal,"BROCAS 
(TODAS)"
14148,BAV-55,"Broca HSS 5.5 mm Trugold para metal, TRUPER EXPERT",P017,Brocas para metal,"BROCAS 
(TODAS)"
15068,BAV-1/16-N,"Broca HSS 1/16' Trublack para metal, TRUPER",P017,Brocas para metal,"BROCAS 
(TODAS)"
15069,BAV-5/64-N,"Broca HSS 5/64' Trublack para metal, TRUPER",P017,Brocas para metal,"BROCAS 
(TODAS)"
15076,BAV-3/32-N,"Broca HSS 3/32' Trublack para metal, TRUPER",P017,Brocas para metal,"BROCAS 
(TODAS)"
15077,BAV-7/64-N,"Broca HSS 7/64' Trublack para metal, TRUPER",P017,Brocas para metal,"BROCAS 
(TODAS)"
15078,BAV-1/8-N,"Broca HSS 1/8' Trublack para metal, TRUPER",P017,Brocas para metal,"BROCAS 
(TODAS)"
15079,BAV-9/64-N,"Broca HSS 9/64' Trublack para metal, TRUPER",P017,Brocas para metal,"BROCAS 
(TODAS)"
15084,BAV-5/32-N,"Broca HSS 5/32' Trublack para metal, TRUPER",P017,Brocas para metal,"BROCAS 
(TODAS)"
15085,BAV-11/64-N,"Broca HSS 11/64' Trublack para metal, TRUPER",P017,Brocas para metal,"BROCAS 
(TODAS)"
15086,BAV-3/16-N,"Broca HSS 3/16' Trublack para metal, TRUPER",P017,Brocas para metal,"BROCAS 
(TODAS)"
15087,BAV-13/64-N,"Broca HSS 13/64' Trublack para metal, TRUPER",P017,Brocas para metal,"BROCAS 
(TODAS)"
15088,BAV-7/32-N,"Broca HSS 7/32' Trublack para metal, TRUPER",P017,Brocas para metal,"BROCAS 
(TODAS)"
15089,BAV-15/64-N,"Broca HSS 15/64' Trublack para metal, TRUPER",P017,Brocas para metal,"BROCAS 
(TODAS)"
15097,BAV-1/4-N,"Broca HSS 1/4' Trublack para metal, TRUPER",P017,Brocas para metal,"BROCAS 
(TODAS)"
15098,BAV-17/64-N,"Broca HSS 17/64' Trublack para metal, TRUPER",P017,Brocas para metal,"BROCAS 
(TODAS)"
15099,BAV-9/32-N,"Broca HSS 9/32' Trublack para metal, TRUPER",P017,Brocas para metal,"BROCAS 
(TODAS)"
15327,BAV-19/64-N,"Broca HSS 19/64' Trublack para metal, TRUPER",P017,Brocas para metal,"BROCAS 
(TODAS)"
15328,BAV-5/16-N,"Broca HSS 5/16' Trublack para metal, TRUPER",P017,Brocas para metal,"BROCAS 
(TODAS)"
15329,BAV-21/64-N,"Broca HSS 21/64' Trublack para metal, TRUPER",P017,Brocas para metal,"BROCAS 
(TODAS)"
15335,BAV-11/32-N,"Broca HSS 11/32' Trublack para metal, TRUPER",P017,Brocas para metal,"BROCAS 
(TODAS)"
15336,BAV-23/64-N,"Broca HSS 23/64' Trublack para metal, TRUPER",P017,Brocas para metal,"BROCAS 
(TODAS)"
15337,BAV-3/8-N,"Broca HSS 3/8' Trublack para metal, TRUPER",P017,Brocas para metal,"BROCAS 
(TODAS)"
15338,BAV-25/64-N,"Broca HSS 25/64' Trublack para metal, TRUPER",P017,Brocas para metal,"BROCAS 
(TODAS)"
15339,BAV-13/32-N,"Broca HSS 13/32' Trublack para metal, TRUPER",P017,Brocas para metal,"BROCAS 
(TODAS)"
15377,BAV-27/64-N,"Broca HSS 27/64' Trublack para metal, TRUPER",P017,Brocas para metal,"BROCAS 
(TODAS)"
15378,BAV-7/16-N,"Broca HSS 7/16' Trublack para metal, TRUPER",P017,Brocas para metal,"BROCAS 
(TODAS)"
15379,BAV-29/64-N,"Broca HSS 29/64' Trublack para metal, TRUPER",P017,Brocas para metal,"BROCAS 
(TODAS)"
15384,BAV-15/32-N,"Broca HSS 15/32' Trublack para metal, TRUPER",P017,Brocas para metal,"BROCAS 
(TODAS)"
15386,BAV-31/64-N,"Broca HSS 31/64' Trublack para metal, TRUPER",P017,Brocas para metal,"BROCAS 
(TODAS)"
15390,BAV-1/2-N,"Broca HSS 1/2' Trublack para metal, TRUPER",P017,Brocas para metal,"BROCAS 
(TODAS)"
15391,BAV-9/16-N,"Broca HSS 9/16' Trublack para metal, TRUPER",P017,Brocas para metal,"BROCAS 
(TODAS)"
15392,BAV-5/8-N,"Broca HSS 5/8' Trublack para metal, TRUPER",P017,Brocas para metal,"BROCAS 
(TODAS)"
15393,BAV-3/4-N,"Broca HSS 3/4' Trublack para metal, TRUPER",P017,Brocas para metal,"BROCAS 
(TODAS)"
15394,BAV-7/8-N,"Broca HSS 7/8' Trublack para metal, TRUPER",P017,Brocas para metal,"BROCAS 
(TODAS)"
15395,BAV-1-N,"Broca HSS 1' Trublack para metal, TRUPER",P017,Brocas para metal,"BROCAS 
(TODAS)"
101841,JBVI-4X,"Juego de 4 brocas para vidrio y azulejo, TRUPER EXPERT",P800,Brocas para vidrio,"BROCAS 
(TODAS)"
101798,JBVI-4,"Juego de 4 brocas para vidrio y azulejo, TRUPER",P800,Brocas para vidrio,"BROCAS 
(TODAS)"
101826,BVI-3/16X,"Broca para vidrio y azulejo 3/16', TRUPER EXPERT",P800,Brocas para vidrio,"BROCAS 
(TODAS)"
101827,BVI-1/4X,"Broca para vidrio y azulejo 1/4', TRUPER EXPERT",P800,Brocas para vidrio,"BROCAS 
(TODAS)"
101828,BVI-5/16X,"Broca para vidrio y azulejo 5/16', TRUPER EXPERT",P800,Brocas para vidrio,"BROCAS 
(TODAS)"
101829,BVI-3/8X,"Broca para vidrio y azulejo 3/8', TRUPER EXPERT",P800,Brocas para vidrio,"BROCAS 
(TODAS)"
101840,BVI-1/2X,"Broca para vidrio y azulejo 1/2', TRUPER EXPERT",P800,Brocas para vidrio,"BROCAS 
(TODAS)"
11700,BVI-1/8,"Broca para vidrio y azulejo de 1/8', TRUPER",P800,Brocas para vidrio,"BROCAS 
(TODAS)"
11701,BVI-3/16,"Broca para vidrio y azulejo de 3/16', TRUPER",P800,Brocas para vidrio,"BROCAS 
(TODAS)"
11702,BVI-1/4,"Broca para vidrio y azulejo de 1/4', TRUPER",P800,Brocas para vidrio,"BROCAS 
(TODAS)"
11703,BVI-5/16,"Broca para vidrio y azulejo de 5/16', TRUPER",P800,Brocas para vidrio,"BROCAS 
(TODAS)"
11704,BVI-3/8,"Broca para vidrio y azulejo de 3/8', TRUPER",P800,Brocas para vidrio,"BROCAS 
(TODAS)"
11705,BVI-1/2,"Broca para vidrio y azulejo de 1/2', TRUPER",P800,Brocas para vidrio,"BROCAS 
(TODAS)"
101498,BPX-3/8,"Broca plana de manita 3/8' para madera, TRUPER EXPERT",P797,Brocas planas,"BROCAS 
(TODAS)"
101512,BPX-3/4,"Broca plana de manita 3/4' para madera, TRUPER EXPERT",P797,Brocas planas,"BROCAS 
(TODAS)"
101513,BPX-7/8,"Broca plana de manita 7/8' para madera, TRUPER EXPERT",P797,Brocas planas,"BROCAS 
(TODAS)"
101514,BPX-1,"Broca plana de manita 1' para madera, TRUPER EXPERT",P797,Brocas planas,"BROCAS 
(TODAS)"
11360,BPT-1/4,"Broca plana de manita 1/4' para madera, TRUPER",P797,Brocas planas,"BROCAS 
(TODAS)"
11363,BPT-5/16,"Broca plana de manita 5/16' para madera, TRUPER",P797,Brocas planas,"BROCAS 
(TODAS)"
11366,BPT-3/8,"Broca plana de manita 3/8' para madera, TRUPER",P797,Brocas planas,"BROCAS 
(TODAS)"
11369,BPT-7/16,"Broca plana de manita 7/16' para madera, TRUPER",P797,Brocas planas,"BROCAS 
(TODAS)"
11372,BPT-1/2,"Broca plana de manita 1/2' para madera, TRUPER",P797,Brocas planas,"BROCAS 
(TODAS)"
11375,BPT-5/8,"Broca plana de manita 5/8' para madera, TRUPER",P797,Brocas planas,"BROCAS 
(TODAS)"
11378,BPT-3/4,"Broca plana de manita 3/4' para madera, TRUPER",P797,Brocas planas,"BROCAS 
(TODAS)"
11381,BPT-7/8,"Broca plana de manita 7/8' para madera, TRUPER",P797,Brocas planas,"BROCAS 
(TODAS)"
11384,BPT-1,"Broca plana de manita 1' para madera, TRUPER",P797,Brocas planas,"BROCAS 
(TODAS)"
11395,J-BPT-6,"Juego de brocas planas de manita, 6 piezas, TRUPER",P797,Brocas planas,"BROCAS 
(TODAS)"
28101,BPP-5/8  ,"Broca plana de manita 5/8' para madera, PRETUL",P797,Brocas planas,"BROCAS 
(TODAS)"
28108,J-BPP-6  ,"Juego de brocas planas de manita, 6 piezas, PRETUL",P797,Brocas planas,"BROCAS 
(TODAS)"
11387,BPT-1-1/8,"Broca plana de manita 1-1/8' para madera, TRUPER",P797,Brocas planas,"BROCAS 
(TODAS)"
11390,BPT-1-1/4,"Broca plana de manita 1-1/4' para madera, TRUPER",P797,Brocas planas,"BROCAS 
(TODAS)"
11393,BPT-1-1/2,"Broca plana de manita 1-1/2' para madera, TRUPER",P797,Brocas planas,"BROCAS 
(TODAS)"
101108,BS-6X110,"Broca SDS Plus 6 x 110 mm, TRUPER",P145,Brocas SDS,"BROCAS 
(TODAS)"
101198,BS-10X260,"Broca SDS Plus 10 x 260 mm, TRUPER",P145,Brocas SDS,"BROCAS 
(TODAS)"
101200,BS-12X260,"Broca SDS Plus 12 x 260 mm, TRUPER",P145,Brocas SDS,"BROCAS 
(TODAS)"
101460,BSM-1X13,"Broca SDS Max de 1 x 13', TRUPER",P145,Brocas SDS,"BROCAS 
(TODAS)"
101461,BSM-1X21,"Broca SDS Max de 1 x 21', TRUPER",P145,Brocas SDS,"BROCAS 
(TODAS)"
101462,BSM-1X36,"Broca SDS Max de 1 x 36', TRUPER",P145,Brocas SDS,"BROCAS 
(TODAS)"
103577,JBS-9C,"Juego de 9 brocasierras para concreto SDS Plus y MAX, TRUPER",P145,Brocas SDS,"BROCAS 
(TODAS)"
11289,BS-1X10,"Broca SDS Plus 1 x 10', TRUPER",P145,Brocas SDS,"BROCAS 
(TODAS)"
11290,BS-1X18,"Broca SDS Plus 1 x 18', TRUPER",P145,Brocas SDS,"BROCAS 
(TODAS)"
101142,BS-3/16X4,"Broca SDS Plus 3/16 x 4', TRUPER",P145,Brocas SDS,"BROCAS 
(TODAS)"
101143,BS-3/16X6,"Broca SDS Plus 3/16 x 6', TRUPER",P145,Brocas SDS,"BROCAS 
(TODAS)"
101144,BS-1/4X12,"Broca SDS Plus 1/4 x 12', TRUPER",P145,Brocas SDS,"BROCAS 
(TODAS)"
101145,BS-3/8X8,"Broca SDS Plus 3/8 x 8', TRUPER",P145,Brocas SDS,"BROCAS 
(TODAS)"
101146,BS-3/8X24,"Broca SDS Plus 3/8 x 24', TRUPER",P145,Brocas SDS,"BROCAS 
(TODAS)"
101147,BS-1/2X24,"Broca SDS Plus 1/2 x 24', TRUPER",P145,Brocas SDS,"BROCAS 
(TODAS)"
101148,BS-3/4X10,"Broca SDS Plus 3/4 x 10', TRUPER",P145,Brocas SDS,"BROCAS 
(TODAS)"
101431,BSM-1/2X13,"Broca SDS Max de 1/2 x 13', TRUPER",P145,Brocas SDS,"BROCAS 
(TODAS)"
101432,BSM-5/8X13,"Broca SDS Max de 5/8 x 13', TRUPER",P145,Brocas SDS,"BROCAS 
(TODAS)"
101433,BSM-5/8X21,"Broca SDS Max de 5/8 x 21', TRUPER",P145,Brocas SDS,"BROCAS 
(TODAS)"
101434,BSM-5/8X36,"Broca SDS Max de 5/8 x 36', TRUPER",P145,Brocas SDS,"BROCAS 
(TODAS)"
101435,BSM-3/4X13,"Broca SDS Max de 3/4 x 13', TRUPER",P145,Brocas SDS,"BROCAS 
(TODAS)"
101436,BSM-3/4X21,"Broca SDS Max de 3/4 x 21', TRUPER",P145,Brocas SDS,"BROCAS 
(TODAS)"
101437,BSM-3/4X36,"Broca SDS Max de 3/4 x 36', TRUPER",P145,Brocas SDS,"BROCAS 
(TODAS)"
101438,BSM-7/8X13,"Broca SDS Max de 7/8 x 13', TRUPER",P145,Brocas SDS,"BROCAS 
(TODAS)"
101439,BSM-7/8X21,"Broca SDS Max de 7/8 x 21', TRUPER",P145,Brocas SDS,"BROCAS 
(TODAS)"
101468,BSM-1-3/8X21,"Broca SDS Max de 1-3/8 x 21', TRUPER",P145,Brocas SDS,"BROCAS 
(TODAS)"
102364,JBS-5,"Juego de 5 brocas para concreto SDS Plus, TRUPER",P145,Brocas SDS,"BROCAS 
(TODAS)"
103033,JSDS-6,"Juego de 6 brocas y  cinceles SDS Plus en estuche, TRUPER",P145,Brocas SDS,"BROCAS 
(TODAS)"
11260,BS-7/8X18,"Broca SDS Plus 7/8 x 18', TRUPER",P145,Brocas SDS,"BROCAS 
(TODAS)"
11261,BS-3/16X8,"Broca SDS Plus 3/16 x 8', TRUPER",P145,Brocas SDS,"BROCAS 
(TODAS)"
11263,BS-1/4X4,"Broca SDS Plus 1/4 x 4', TRUPER",P145,Brocas SDS,"BROCAS 
(TODAS)"
11264,BS-1/4X6,"Broca SDS Plus 1/4 x 6', TRUPER",P145,Brocas SDS,"BROCAS 
(TODAS)"
11265,BS-1/4X8,"Broca SDS Plus 1/4 x 8', TRUPER",P145,Brocas SDS,"BROCAS 
(TODAS)"
11266,BS-1/4X10,"Broca SDS Plus 1/4 x 10', TRUPER",P145,Brocas SDS,"BROCAS 
(TODAS)"
11267,BS-3/4X18,"Broca SDS Plus 3/4 x 18', TRUPER",P145,Brocas SDS,"BROCAS 
(TODAS)"
11268,BS-7/8X8,"Broca SDS Plus 7/8 x 8', TRUPER",P145,Brocas SDS,"BROCAS 
(TODAS)"
11269,BS-5/16X6,"Broca SDS Plus 5/16 x 6', TRUPER",P145,Brocas SDS,"BROCAS 
(TODAS)"
11270,BS-5/16X12,"Broca SDS Plus 5/16 x 12', TRUPER",P145,Brocas SDS,"BROCAS 
(TODAS)"
11271,BS-7/16X12,"Broca SDS Plus 7/16 x 12', TRUPER",P145,Brocas SDS,"BROCAS 
(TODAS)"
11272,BS-3/8X6,"Broca SDS Plus 3/8 x 6', TRUPER",P145,Brocas SDS,"BROCAS 
(TODAS)"
11273,BS-9/16X6,"Broca SDS Plus 9/16 x 6', TRUPER",P145,Brocas SDS,"BROCAS 
(TODAS)"
11274,BS-9/16X12,"Broca SDS Plus 9/16 x 12', TRUPER",P145,Brocas SDS,"BROCAS 
(TODAS)"
11275,BS-3/8X12,"Broca SDS Plus 3/8 x 12', TRUPER",P145,Brocas SDS,"BROCAS 
(TODAS)"
11276,BS-5/8X24,"Broca SDS Plus 5/8 x 24', TRUPER",P145,Brocas SDS,"BROCAS 
(TODAS)"
11277,BS-3/8X18,"Broca SDS Plus 3/8 x 18', TRUPER",P145,Brocas SDS,"BROCAS 
(TODAS)"
11278,BS-7/16X6,"Broca SDS Plus 7/16 x 6', TRUPER",P145,Brocas SDS,"BROCAS 
(TODAS)"
11279,BS-1/2X6,"Broca SDS Plus 1/2 x 6', TRUPER",P145,Brocas SDS,"BROCAS 
(TODAS)"
11281,BS-1/2X12,"Broca SDS Plus 1/2 x 12', TRUPER",P145,Brocas SDS,"BROCAS 
(TODAS)"
11282,BS-1/2X18,"Broca SDS Plus 1/2 x 18', TRUPER",P145,Brocas SDS,"BROCAS 
(TODAS)"
11284,BS-5/8X8,"Broca SDS Plus 5/8 x 8', TRUPER",P145,Brocas SDS,"BROCAS 
(TODAS)"
11285,BS-5/8X12,"Broca SDS Plus 5/8 x 12', TRUPER",P145,Brocas SDS,"BROCAS 
(TODAS)"
11286,BS-3/4X8,"Broca SDS Plus 3/4 x 8', TRUPER",P145,Brocas SDS,"BROCAS 
(TODAS)"
11287,BS-3/4X12,"Broca SDS Plus 3/4 x 12', TRUPER",P145,Brocas SDS,"BROCAS 
(TODAS)"
11288,BS-7/8X11,"Broca SDS Plus 7/8 x 11', TRUPER",P145,Brocas SDS,"BROCAS 
(TODAS)"
11897,JSDS-15,"Juego de 15 brocas y cinceles SDS Plus en estuche, TRUPER",P145,Brocas SDS,"BROCAS 
(TODAS)"
101463,BSM-1-1/8X13,"Broca SDS Max de 1-1/8 x 13', TRUPER",P145,Brocas SDS,"BROCAS 
(TODAS)"
101464,BSM-1-1/8X21,"Broca SDS Max de 1-1/8 x 21', TRUPER",P145,Brocas SDS,"BROCAS 
(TODAS)"
101465,BSM-1-1/4X13,"Broca SDS Max de 1-1/4 x 13', TRUPER",P145,Brocas SDS,"BROCAS 
(TODAS)"
101466,BSM-1-1/4X21,"Broca SDS Max de 1-1/4 x 21', TRUPER",P145,Brocas SDS,"BROCAS 
(TODAS)"
101467,BSM-1-1/4X36,"Broca SDS Max de 1-1/4 x 36', TRUPER",P145,Brocas SDS,"BROCAS 
(TODAS)"
101469,BSM-1-1/2X21,"Broca SDS Max de 1-1/2 x 21', TRUPER",P145,Brocas SDS,"BROCAS 
(TODAS)"
100815,KITB-5X,"Juego de 4 brocasierras bimetálicas y 1 mandril, EXPERT",P506,Brocasierras bimetálicas,"CORTA CÍRCULOS (MADERA, PIEDRA Y AZULEJO)"
100816,KITB-3X,"Juego de 3 piezas para instalar cerraduras, TRUPER EXPERT",P506,Brocasierras bimetálicas,"CORTA CÍRCULOS (MADERA, PIEDRA Y AZULEJO)"
101580,MAND-BRB,"Broca piloto de 1/4' para brocasierras bimetálicas, EXPERT",P506,Brocasierras bimetálicas,"CORTA CÍRCULOS (MADERA, PIEDRA Y AZULEJO)"
103390,MAND-CR,"Mandril de cambio rápido con adaptadores y broca, EXPERT",P506,Brocasierras bimetálicas,"CORTA CÍRCULOS (MADERA, PIEDRA Y AZULEJO)"
11877,KITB-4X,"Juego de 4 piezas para instalar cerraduras, TRUPER EXPERT",P506,Brocasierras bimetálicas,"CORTA CÍRCULOS (MADERA, PIEDRA Y AZULEJO)"
13101,COBI-3,"Brocasierra bimetálica 3', TRUPER EXPERT",P506,Brocasierras bimetálicas,"CORTA CÍRCULOS (MADERA, PIEDRA Y AZULEJO)"
14638,COBI-3-1/4,"Brocasierra bimetálica 3-1/4', TRUPER EXPERT",P506,Brocasierras bimetálicas,"CORTA CÍRCULOS (MADERA, PIEDRA Y AZULEJO)"
14717,COBI-3-1/2,"Brocasierra bimetálica 3-1/2', TRUPER EXPERT",P506,Brocasierras bimetálicas,"CORTA CÍRCULOS (MADERA, PIEDRA Y AZULEJO)"
14718,COBI-4,"Brocasierra bimetálica 4', TRUPER EXPERT",P506,Brocasierras bimetálicas,"CORTA CÍRCULOS (MADERA, PIEDRA Y AZULEJO)"
14729,COBI-4-1/2,"Brocasierra bimetálica 4-1/2', TRUPER EXPERT",P506,Brocasierras bimetálicas,"CORTA CÍRCULOS (MADERA, PIEDRA Y AZULEJO)"
14801,COBI-5,"Brocasierra bimetálica 5', TRUPER EXPERT",P506,Brocasierras bimetálicas,"CORTA CÍRCULOS (MADERA, PIEDRA Y AZULEJO)"
14930,COBI-5-1/2,"Brocasierra bimetálica 5-1/2', TRUPER EXPERT",P506,Brocasierras bimetálicas,"CORTA CÍRCULOS (MADERA, PIEDRA Y AZULEJO)"
14943,COBI-6,"Brocasierra bimetálica 6', TRUPER EXPERT",P506,Brocasierras bimetálicas,"CORTA CÍRCULOS (MADERA, PIEDRA Y AZULEJO)"
15405,KITB-6,"Juego de 6 brocasierras bimetálicas y 2 mandriles, EXPERT",P506,Brocasierras bimetálicas,"CORTA CÍRCULOS (MADERA, PIEDRA Y AZULEJO)"
15411,KITB-11,"Juego de 11 brocasierras bimetálicas y 2 mandriles, EXPERT",P506,Brocasierras bimetálicas,"CORTA CÍRCULOS (MADERA, PIEDRA Y AZULEJO)"
18084,COBI-9/16,"Brocasierra bimetálica 9/16', TRUPER EXPERT",P506,Brocasierras bimetálicas,"CORTA CÍRCULOS (MADERA, PIEDRA Y AZULEJO)"
18085,COBI-5/8,"Brocasierra bimetálica 5/8', TRUPER EXPERT",P506,Brocasierras bimetálicas,"CORTA CÍRCULOS (MADERA, PIEDRA Y AZULEJO)"
18086,COBI-3/4,"Brocasierra bimetálica 3/4', TRUPER EXPERT",P506,Brocasierras bimetálicas,"CORTA CÍRCULOS (MADERA, PIEDRA Y AZULEJO)"
18087,COBI-7/8,"Brocasierra bimetálica 7/8', TRUPER EXPERT",P506,Brocasierras bimetálicas,"CORTA CÍRCULOS (MADERA, PIEDRA Y AZULEJO)"
18088,COBI-1,"Brocasierra bimetálica 1', TRUPER EXPERT",P506,Brocasierras bimetálicas,"CORTA CÍRCULOS (MADERA, PIEDRA Y AZULEJO)"
18091,COBI-1-3/16,"Brocasierra bimetálica 1-3/16', TRUPER EXPERT",P506,Brocasierras bimetálicas,"CORTA CÍRCULOS (MADERA, PIEDRA Y AZULEJO)"
18093,COBI-1-3/8,"Brocasierra bimetálica 1-3/8', TRUPER EXPERT",P506,Brocasierras bimetálicas,"CORTA CÍRCULOS (MADERA, PIEDRA Y AZULEJO)"
18095,COBI-1-9/16,"Brocasierra bimetálica 1-9/16', TRUPER EXPERT",P506,Brocasierras bimetálicas,"CORTA CÍRCULOS (MADERA, PIEDRA Y AZULEJO)"
18096,COBI-1-3/4,"Brocasierra bimetálica 1-3/4', TRUPER EXPERT",P506,Brocasierras bimetálicas,"CORTA CÍRCULOS (MADERA, PIEDRA Y AZULEJO)"
18097,COBI-2,"Brocasierra bimetálica 2', TRUPER EXPERT",P506,Brocasierras bimetálicas,"CORTA CÍRCULOS (MADERA, PIEDRA Y AZULEJO)"
18098,COBI-2-1/8,"Brocasierra bimetálica 2-1/8', TRUPER EXPERT",P506,Brocasierras bimetálicas,"CORTA CÍRCULOS (MADERA, PIEDRA Y AZULEJO)"
18099,COBI-2-1/4,"Brocasierra bimetálica 2-1/4', TRUPER EXPERT",P506,Brocasierras bimetálicas,"CORTA CÍRCULOS (MADERA, PIEDRA Y AZULEJO)"
18118,COBI-2-3/8,"Brocasierra bimetálica 2-3/8', TRUPER EXPERT",P506,Brocasierras bimetálicas,"CORTA CÍRCULOS (MADERA, PIEDRA Y AZULEJO)"
18120,COBI-2-3/4,"Brocasierra bimetálica 2-3/4', TRUPER EXPERT",P506,Brocasierras bimetálicas,"CORTA CÍRCULOS (MADERA, PIEDRA Y AZULEJO)"
18122,MAND-3/8,"Mandril zanco 3/8' para brocasierras bimetálicas, EXPERT",P506,Brocasierras bimetálicas,"CORTA CÍRCULOS (MADERA, PIEDRA Y AZULEJO)"
18123,MAND-7/16,"Mandril zanco 7/16' para brocasierras bimetálicas, EXPERT",P506,Brocasierras bimetálicas,"CORTA CÍRCULOS (MADERA, PIEDRA Y AZULEJO)"
14728,COBI-4-1/4,"Brocasierra bimetálica 4-1/4', TRUPER EXPERT",P506,Brocasierras bimetálicas,"CORTA CÍRCULOS (MADERA, PIEDRA Y AZULEJO)"
18089,COBI-1-1/16,"Brocasierra bimetálica 1-1/16', TRUPER EXPERT",P506,Brocasierras bimetálicas,"CORTA CÍRCULOS (MADERA, PIEDRA Y AZULEJO)"
18090,COBI-1-1/8,"Brocasierra bimetálica 1-1/8', TRUPER EXPERT",P506,Brocasierras bimetálicas,"CORTA CÍRCULOS (MADERA, PIEDRA Y AZULEJO)"
18092,COBI-1-1/4,"Brocasierra bimetálica 1-1/4', TRUPER EXPERT",P506,Brocasierras bimetálicas,"CORTA CÍRCULOS (MADERA, PIEDRA Y AZULEJO)"
18094,COBI-1-1/2,"Brocasierra bimetálica 1-1/2', TRUPER EXPERT",P506,Brocasierras bimetálicas,"CORTA CÍRCULOS (MADERA, PIEDRA Y AZULEJO)"
18119,COBI-2-1/2,"Brocasierra bimetálica 2-1/2', TRUPER EXPERT",P506,Brocasierras bimetálicas,"CORTA CÍRCULOS (MADERA, PIEDRA Y AZULEJO)"
103217,BPR-BSC,"Broca piloto para brocasierras carburo de tungsteno, TRUPER",P787,Brocasierras carburo de tungsteno,"CORTA CÍRCULOS (MADERA, PIEDRA Y AZULEJO)"
103214,BSC-7/8,"Brocasierra de carburo de tungsteno, 7/8', TRUPER",P787,Brocasierras carburo de tungsteno,"CORTA CÍRCULOS (MADERA, PIEDRA Y AZULEJO)"
103216,BSC-1-3/8,"Brocasierra de carburo de tungsteno, 1-3/8', TRUPER",P787,Brocasierras carburo de tungsteno,"CORTA CÍRCULOS (MADERA, PIEDRA Y AZULEJO)"
103218,KIT-BSC-3,"Juego de 3 brocasierras de carburo de tungsteno, TRUPER",P787,Brocasierras carburo de tungsteno,"CORTA CÍRCULOS (MADERA, PIEDRA Y AZULEJO)"
103215,BSC-1-1/8,"Brocasierra de carburo de tungsteno, 1-1/8', TRUPER",P787,Brocasierras carburo de tungsteno,"CORTA CÍRCULOS (MADERA, PIEDRA Y AZULEJO)"
101581,MAND-BRD,"Broca piloto de 1/4' para brocasierras diamante, TRUPER",P126,Brocasierras diamante,"CORTA CÍRCULOS (MADERA, PIEDRA Y AZULEJO)"
103435,BD-12,"Broca diamantada 1/2' (13 mm), TRUPER",P126,Brocasierras diamante,"CORTA CÍRCULOS (MADERA, PIEDRA Y AZULEJO)"
101051,COSE-7/8,"Brocasierra diamante 7/8' borde segmentado, TRUPER",P126,Brocasierras diamante,"CORTA CÍRCULOS (MADERA, PIEDRA Y AZULEJO)"
101057,COSE-2,"Brocasierra diamante 2' borde segmentado, TRUPER",P126,Brocasierras diamante,"CORTA CÍRCULOS (MADERA, PIEDRA Y AZULEJO)"
101390,MAND-3/8I,"Mandril para brocasierra diamante con rosca 3/8', TRUPER",P126,Brocasierras diamante,"CORTA CÍRCULOS (MADERA, PIEDRA Y AZULEJO)"
101391,MAND-7/16I,"Mandril para brocasierra diamante con rosca 7/16', TRUPER",P126,Brocasierras diamante,"CORTA CÍRCULOS (MADERA, PIEDRA Y AZULEJO)"
103432,BD-6,"Broca diamantada 1/4' (6 mm), TRUPER",P126,Brocasierras diamante,"CORTA CÍRCULOS (MADERA, PIEDRA Y AZULEJO)"
103433,BD-8,"Broca diamantada 5/16' (8 mm), TRUPER",P126,Brocasierras diamante,"CORTA CÍRCULOS (MADERA, PIEDRA Y AZULEJO)"
103434,BD-10,"Broca diamantada 3/8' (10 mm), TRUPER",P126,Brocasierras diamante,"CORTA CÍRCULOS (MADERA, PIEDRA Y AZULEJO)"
103436,JBD-4,"Juego de 4 brocas diamantadas y guía, TRUPER",P126,Brocasierras diamante,"CORTA CÍRCULOS (MADERA, PIEDRA Y AZULEJO)"
17124,COAZ-3/4,"Brocasierra diamante 3/4' borde continuo, TRUPER",P126,Brocasierras diamante,"CORTA CÍRCULOS (MADERA, PIEDRA Y AZULEJO)"
17125,COAZ-7/8,"Brocasierra diamante 7/8' borde continuo, TRUPER",P126,Brocasierras diamante,"CORTA CÍRCULOS (MADERA, PIEDRA Y AZULEJO)"
17126,COAZ-1,"Brocasierra diamante 1' borde continuo, TRUPER",P126,Brocasierras diamante,"CORTA CÍRCULOS (MADERA, PIEDRA Y AZULEJO)"
17129,COAZ-1-3/8,"Brocasierra diamante 1-3/8' borde continuo, TRUPER",P126,Brocasierras diamante,"CORTA CÍRCULOS (MADERA, PIEDRA Y AZULEJO)"
17131,COAZ-1-3/4,"Brocasierra diamante 1-3/4' borde continuo, TRUPER",P126,Brocasierras diamante,"CORTA CÍRCULOS (MADERA, PIEDRA Y AZULEJO)"
17132,COAZ-2,"Brocasierra diamante 2' borde continuo, TRUPER",P126,Brocasierras diamante,"CORTA CÍRCULOS (MADERA, PIEDRA Y AZULEJO)"
17133,COAZ-2-1/8,"Brocasierra diamante 2-1/8' borde continuo, TRUPER",P126,Brocasierras diamante,"CORTA CÍRCULOS (MADERA, PIEDRA Y AZULEJO)"
17135,COAZ-2-5/8,"Brocasierra diamante 2-5/8' borde continuo, TRUPER",P126,Brocasierras diamante,"CORTA CÍRCULOS (MADERA, PIEDRA Y AZULEJO)"
17136,COAZ-3,"Brocasierra diamante 3' borde continuo, TRUPER",P126,Brocasierras diamante,"CORTA CÍRCULOS (MADERA, PIEDRA Y AZULEJO)"
17137,COAZ-3-1/4,"Brocasierra diamante 3-1/4' borde continuo, TRUPER",P126,Brocasierras diamante,"CORTA CÍRCULOS (MADERA, PIEDRA Y AZULEJO)"
17138,COAZ-3-1/2,"Brocasierra diamante 3-1/2' borde continuo, TRUPER",P126,Brocasierras diamante,"CORTA CÍRCULOS (MADERA, PIEDRA Y AZULEJO)"
17139,COAZ-4,"Brocasierra diamante 4' borde continuo, TRUPER",P126,Brocasierras diamante,"CORTA CÍRCULOS (MADERA, PIEDRA Y AZULEJO)"
18144,MAN-CAZ-3/8C,"Mandril para brocasierra diamante sin rosca 3/8', TRUPER",P126,Brocasierras diamante,"CORTA CÍRCULOS (MADERA, PIEDRA Y AZULEJO)"
101053,COSE-1-1/8 ,"Brocasierra diamante 1-1/8' borde segmentado, TRUPER",P126,Brocasierras diamante,"CORTA CÍRCULOS (MADERA, PIEDRA Y AZULEJO)"
101054,COSE-1-1/4,"Brocasierra diamante 1-1/4' borde segmentado, TRUPER",P126,Brocasierras diamante,"CORTA CÍRCULOS (MADERA, PIEDRA Y AZULEJO)"
101056,COSE-1-1/2,"Brocasierra diamante 1-1/2' borde segmentado, TRUPER",P126,Brocasierras diamante,"CORTA CÍRCULOS (MADERA, PIEDRA Y AZULEJO)"
17127,COAZ-1-1/8,"Brocasierra diamante 1-1/8' borde continuo, TRUPER",P126,Brocasierras diamante,"CORTA CÍRCULOS (MADERA, PIEDRA Y AZULEJO)"
17128,COAZ-1-1/4,"Brocasierra diamante 1-1/4' borde continuo, TRUPER",P126,Brocasierras diamante,"CORTA CÍRCULOS (MADERA, PIEDRA Y AZULEJO)"
17130,COAZ-1-1/2,"Brocasierra diamante 1-1/2' borde continuo, TRUPER",P126,Brocasierras diamante,"CORTA CÍRCULOS (MADERA, PIEDRA Y AZULEJO)"
17134,COAZ-2-1/2,"Brocasierra diamante 2-1/2' borde continuo, TRUPER",P126,Brocasierras diamante,"CORTA CÍRCULOS (MADERA, PIEDRA Y AZULEJO)"
23549,KIT-3P,"Juego de 3 piezas para instalar cerraduras, PRETUL",P507,"Brocasierras, PRETUL",KITS PARA INSTALAR CERRADURAS
23550,KIT-5P,"Juego de 4 brocasierras acero al carbono y 1 mandril, PRETUL",P507,"Brocasierras, PRETUL",KITS PARA INSTALAR CERRADURAS
26037,KIT-14P,"Juego de 12 brocasierras, 2 mandriles y llave allen, PRETUL",P507,"Brocasierras, PRETUL",KITS PARA INSTALAR CERRADURAS
26038,KIT-4P,"Juego de 4 piezas para instalar cerraduras, PRETUL",P507,"Brocasierras, PRETUL",KITS PARA INSTALAR CERRADURAS
29100,KIT-8P,"Juego de 7 brocasierras acero al carbono y 1 mandril, PRETUL",P507,"Brocasierras, PRETUL",KITS PARA INSTALAR CERRADURAS
13339,BRT-2AS,"Brocha cerdas sintéticas 2' corte angular, mango de madera",P019,Brochas y cepillos para pintor,"BROCHAS 
(TODAS)"
13341,BRT-3AS,"Brocha cerdas sintéticas 3' corte angular, mango de madera",P019,Brochas y cepillos para pintor,"BROCHAS 
(TODAS)"
13342,BRT-1S,"Brocha cerdas sintéticas 1' corte recto, mango de madera",P019,Brochas y cepillos para pintor,"BROCHAS 
(TODAS)"
13344,BRT-2S,"Brocha cerdas sintéticas 2' corte recto, mango de madera",P019,Brochas y cepillos para pintor,"BROCHAS 
(TODAS)"
13346,BRT-3S,"Brocha cerdas sintéticas 3' corte recto, mango de madera",P019,Brochas y cepillos para pintor,"BROCHAS 
(TODAS)"
13347,BRT-4S,"Brocha cerdas sintéticas 4' corte recto, mango de madera",P019,Brochas y cepillos para pintor,"BROCHAS 
(TODAS)"
14489,CEPP-50,"Cepillo para pintor, superficies semirrugosas, TRUPER",P019,Brochas y cepillos para pintor,"BROCHAS 
(TODAS)"
14490,CEPP-52,"Cepillo para pintor, superficies extrarrugosas, TRUPER",P019,Brochas y cepillos para pintor,"BROCHAS 
(TODAS)"
14496,CEPP-55,"Cepillo para pintor, multiusos con cerdas sintéticas, TRUPER",P019,Brochas y cepillos para pintor,"BROCHAS 
(TODAS)"
14497,CEPP-53,"Cepillo para pintor, superficies rugosas, TRUPER",P019,Brochas y cepillos para pintor,"BROCHAS 
(TODAS)"
24740,JPIN-5P,"Juego de pinceles en blíster con 5 piezas, PRETUL",P019,Brochas y cepillos para pintor,"BROCHAS 
(TODAS)"
28002,CIM-28P,"Cepillo para impermeabilizar, con cerdas de ixtle, mango 48'",P019,Brochas y cepillos para pintor,"BROCHAS 
(TODAS)"
50138,R-BRT-C,Exhibidor despachador con 156 brochas mango plástico TRUPER,P019,Brochas y cepillos para pintor,"BROCHAS 
(TODAS)"
50195,R-BRO-P-C,Exhibidor despachador con 156 brochas mango plástico PRETUL,P019,Brochas y cepillos para pintor,"BROCHAS 
(TODAS)"
14480,BRT-1/2,"Brocha profesional de 1/2' con mango de plástico, TRUPER",P019,Brochas y cepillos para pintor,"BROCHAS 
(TODAS)"
14481,BRT-1,"Brocha profesional de 1' con mango de plástico, TRUPER",P019,Brochas y cepillos para pintor,"BROCHAS 
(TODAS)"
14483,BRT-2,"Brocha profesional de 2' con mango de plástico, TRUPER",P019,Brochas y cepillos para pintor,"BROCHAS 
(TODAS)"
14485,BRT-3,"Brocha profesional de 3' con mango de plástico, TRUPER",P019,Brochas y cepillos para pintor,"BROCHAS 
(TODAS)"
14486,BRT-4,"Brocha profesional de 4' con mango de plástico, TRUPER",P019,Brochas y cepillos para pintor,"BROCHAS 
(TODAS)"
14487,BRT-5,"Brocha profesional de 5' con mango de plástico, TRUPER",P019,Brochas y cepillos para pintor,"BROCHAS 
(TODAS)"
14488,BRT-6,"Brocha profesional de 6' con mango de plástico, TRUPER",P019,Brochas y cepillos para pintor,"BROCHAS 
(TODAS)"
14491,CEPP-54,"Cepillo para pintor, para limpieza con cerdas de ixtle",P019,Brochas y cepillos para pintor,"BROCHAS 
(TODAS)"
14492,BREN-4,"Brocha para encalar e impermeabilizar de 4', mango plástico",P019,Brochas y cepillos para pintor,"BROCHAS 
(TODAS)"
14493,BREN-5,"Brocha para encalar e impermeabilizar de 5', mango plástico",P019,Brochas y cepillos para pintor,"BROCHAS 
(TODAS)"
14494,BREN-6,"Brocha para encalar e impermeabilizar de 6', mango plástico",P019,Brochas y cepillos para pintor,"BROCHAS 
(TODAS)"
17849,BRT-1/2X,"Brocha profesional de 1/2' mango de plástico, TRUPER EXPERT",P019,Brochas y cepillos para pintor,"BROCHAS 
(TODAS)"
17860,BRT-1X,"Brocha profesional de 1' mango de plástico, TRUPER EXPERT",P019,Brochas y cepillos para pintor,"BROCHAS 
(TODAS)"
17862,BRT-2X,"Brocha profesional de 2' mango de plástico, TRUPER EXPERT",P019,Brochas y cepillos para pintor,"BROCHAS 
(TODAS)"
17864,BRT-3X,"Brocha profesional de 3' mango de plástico, TRUPER EXPERT",P019,Brochas y cepillos para pintor,"BROCHAS 
(TODAS)"
17865,BRT-4X,"Brocha profesional de 4' mango de plástico, TRUPER EXPERT",P019,Brochas y cepillos para pintor,"BROCHAS 
(TODAS)"
17866,BRT-5X,"Brocha profesional de 5' mango de plástico, TRUPER EXPERT",P019,Brochas y cepillos para pintor,"BROCHAS 
(TODAS)"
17867,BRT-6X,"Brocha profesional de 6' mango de plástico, TRUPER EXPERT",P019,Brochas y cepillos para pintor,"BROCHAS 
(TODAS)"
21524,BRP-1,"Brocha uso general de 1' con mango de plástico, PRETUL",P019,Brochas y cepillos para pintor,"BROCHAS 
(TODAS)"
21526,BRP-2,"Brocha uso general de 2' con mango de plástico, PRETUL",P019,Brochas y cepillos para pintor,"BROCHAS 
(TODAS)"
21528,BRP-3,"Brocha uso general de 3' con mango de plástico, PRETUL",P019,Brochas y cepillos para pintor,"BROCHAS 
(TODAS)"
21529,BRP-4,"Brocha uso general de 4' con mango de plástico, PRETUL",P019,Brochas y cepillos para pintor,"BROCHAS 
(TODAS)"
21530,BRP-5,"Brocha uso general de 5' con mango de plástico, PRETUL",P019,Brochas y cepillos para pintor,"BROCHAS 
(TODAS)"
21531,BRP-6,"Brocha uso general de 6' con mango de plástico, PRETUL",P019,Brochas y cepillos para pintor,"BROCHAS 
(TODAS)"
21532,BRP-1/2,"Brocha uso general de 1/2' con mango de plástico, PRETUL",P019,Brochas y cepillos para pintor,"BROCHAS 
(TODAS)"
24473,BRE-2,"Brocha uso general de 2' con mango de madera, PRETUL",P019,Brochas y cepillos para pintor,"BROCHAS 
(TODAS)"
24475,BRE-3,"Brocha uso general de 3' con mango de madera, PRETUL",P019,Brochas y cepillos para pintor,"BROCHAS 
(TODAS)"
24476,BRE-4,"Brocha uso general de 4' con mango de madera, PRETUL",P019,Brochas y cepillos para pintor,"BROCHAS 
(TODAS)"
12465,BRT-1/2C,"Brocha pelo de camello de 1/2' con mango de madera, TRUPER",P019,Brochas y cepillos para pintor,"BROCHAS 
(TODAS)"
12466,BRT-1C,"Brocha pelo de camello de 1' con mango de madera, TRUPER",P019,Brochas y cepillos para pintor,"BROCHAS 
(TODAS)"
12468,BRT-2C,"Brocha pelo de camello de 2' con mango de madera, TRUPER",P019,Brochas y cepillos para pintor,"BROCHAS 
(TODAS)"
12469,BRT-3C,"Brocha pelo de camello de 3' con mango de madera, TRUPER",P019,Brochas y cepillos para pintor,"BROCHAS 
(TODAS)"
12470,BRT-4C,"Brocha pelo de camello de 4' con mango de madera, TRUPER",P019,Brochas y cepillos para pintor,"BROCHAS 
(TODAS)"
13340,BRT-2-1/2AS,"Brocha cerdas sintéticas 2-1/2' corte angular, mango madera",P019,Brochas y cepillos para pintor,"BROCHAS 
(TODAS)"
13345,BRT-2-1/2S,"Brocha cerdas sintéticas 2-1/2' corte recto, mango de madera",P019,Brochas y cepillos para pintor,"BROCHAS 
(TODAS)"
17863,BRT-2-1/2X,"Brocha profesional de 2-1/2' mango de plástico, EXPERT",P019,Brochas y cepillos para pintor,"BROCHAS 
(TODAS)"
12467,BRT-1-1/2C,"Brocha pelo de camello de 1-1/2' con mango de madera, TRUPER",P019,Brochas y cepillos para pintor,"BROCHAS 
(TODAS)"
13338,BRT-1-1/2AS,"Brocha cerdas sintéticas 1-1/2' corte angular, mango madera",P019,Brochas y cepillos para pintor,"BROCHAS 
(TODAS)"
13343,BRT-1-1/2S,"Brocha cerdas sintéticas 1-1/2' corte recto, mango de madera",P019,Brochas y cepillos para pintor,"BROCHAS 
(TODAS)"
14482,BRT-1-1/2,"Brocha profesional de 1-1/2' con mango de plástico, TRUPER",P019,Brochas y cepillos para pintor,"BROCHAS 
(TODAS)"
14484,BRT-2-1/2,"Brocha profesional de 2-1/2' con mango de plástico, TRUPER",P019,Brochas y cepillos para pintor,"BROCHAS 
(TODAS)"
17861,BRT-1-1/2X,"Brocha profesional de 1-1/2' mango de plástico, EXPERT",P019,Brochas y cepillos para pintor,"BROCHAS 
(TODAS)"
21525,BRP-1-1/2,"Brocha uso general de 1-1/2' con mango de plástico, PRETUL",P019,Brochas y cepillos para pintor,"BROCHAS 
(TODAS)"
21527,BRP-2-1/2,"Brocha uso general de 2-1/2' con mango de plástico, PRETUL",P019,Brochas y cepillos para pintor,"BROCHAS 
(TODAS)"
102434,CHP-17XC,Caja para herramienta 17' compartimentos y broches metálicos,P022,Cajas de herramientas,CAJAS PARA HERRAMIENTA
102435,CHP-20XC,Caja para herramienta 20' compartimentos y broches metálicos,P022,Cajas de herramientas,CAJAS PARA HERRAMIENTA
102643,CHA-1712,"Caja para herramienta, profunda de 17'x12', TRUPER",P022,Cajas de herramientas,CAJAS PARA HERRAMIENTA
102644,CHP-1925R,"Caja para herramienta,19'x25' con ruedas, 3 en 1 desmontable",P022,Cajas de herramientas,CAJAS PARA HERRAMIENTA
10380,CHP-20X,Caja para herramienta 20' industrial con broches metálicos,P022,Cajas de herramientas,CAJAS PARA HERRAMIENTA
10539,CPE-16N,"Caja para pesca de 16' con 3 bandejas deslizables, TRUPER",P022,Cajas de herramientas,CAJAS PARA HERRAMIENTA
10857,CHA-16NG,"Caja de herramienta, 16', negra",P022,Cajas de herramientas,CAJAS PARA HERRAMIENTA
10902,CHP-23R,"Caja para herramienta, 23'x17' con ruedas, mango telescópico",P022,Cajas de herramientas,CAJAS PARA HERRAMIENTA
11139,CHA-14NC,"Caja para herramienta de 14' con compartimentos, TRUPER",P022,Cajas de herramientas,CAJAS PARA HERRAMIENTA
11141,CHA-16NC,"Caja para herramienta de 16' con compartimentos, TRUPER",P022,Cajas de herramientas,CAJAS PARA HERRAMIENTA
11143,CHA-19NC,"Caja para herramienta de 19' con compartimentos, TRUPER",P022,Cajas de herramientas,CAJAS PARA HERRAMIENTA
11145,CHA-22NC,"Caja para herramienta de 22' con compartimentos, TRUPER",P022,Cajas de herramientas,CAJAS PARA HERRAMIENTA
11506,CHP-23X,Caja para herramienta 23' industrial con broches metálicos,P022,Cajas de herramientas,CAJAS PARA HERRAMIENTA
11811,CHA-19S,Caja p/herramienta 19' c/compartimentos y broches metálicos,P022,Cajas de herramientas,CAJAS PARA HERRAMIENTA
11812,CHA-22S ,Caja p/herramienta 22' c/compartimentos y broches metálicos,P022,Cajas de herramientas,CAJAS PARA HERRAMIENTA
19656,CHP-17X,Caja para herramienta 17' industrial con broches metálicos,P022,Cajas de herramientas,CAJAS PARA HERRAMIENTA
19780,CHA-22N,"Caja para herramienta de 22' sin compartimentos, TRUPER",P022,Cajas de herramientas,CAJAS PARA HERRAMIENTA
19781,CHA-19N,"Caja para herramienta de 19' sin compartimentos, TRUPER",P022,Cajas de herramientas,CAJAS PARA HERRAMIENTA
19790,CHA-16N,"Caja para herramienta de 16' sin compartimentos, TRUPER",P022,Cajas de herramientas,CAJAS PARA HERRAMIENTA
19854,CHA-14N,"Caja para herramienta de 14' sin compartimentos, TRUPER",P022,Cajas de herramientas,CAJAS PARA HERRAMIENTA
19882,CHP-26X,Caja para herramienta 26' industrial con broches metálicos,P022,Cajas de herramientas,CAJAS PARA HERRAMIENTA
20602,CHP-13CP,"Caja para herramienta de 13' con compartimentos, PRETUL",P022,Cajas de herramientas,CAJAS PARA HERRAMIENTA
20603,CHP-16CP,"Caja para herramienta de 16' con compartimentos, PRETUL",P022,Cajas de herramientas,CAJAS PARA HERRAMIENTA
20604,CHP-19CP,"Caja para herramienta de 19' con compartimentos, PRETUL",P022,Cajas de herramientas,CAJAS PARA HERRAMIENTA
20679,ORG-18P,"Organizador 14' con 18 compartimentos, PRETUL",P022,Cajas de herramientas,CAJAS PARA HERRAMIENTA
25052,CCO-14RP,"Caja cosmetiquera 14', doble bandeja, rosa, PRETUL",P022,Cajas de herramientas,CAJAS PARA HERRAMIENTA
10035,ORG-11,"Organizador 9' con 11 compartimentos, TRUPER",P022,Cajas de herramientas,CAJAS PARA HERRAMIENTA
10036,ORG-13,"Organizador 10' con 13 compartimentos, TRUPER",P022,Cajas de herramientas,CAJAS PARA HERRAMIENTA
10037,CORG-20,"Charola de 20' organizadora de usos múltiples, TRUPER",P022,Cajas de herramientas,CAJAS PARA HERRAMIENTA
102642,ORG-44,"Organizador con 44 gavetas, TRUPER",P022,Cajas de herramientas,CAJAS PARA HERRAMIENTA
102760,ORG-36,"Organizador de 11' con 36 compartimentos, TRUPER",P022,Cajas de herramientas,CAJAS PARA HERRAMIENTA
10895,ORG-64,"Organizador con 64 gavetas, TRUPER",P022,Cajas de herramientas,CAJAS PARA HERRAMIENTA
11851,ORG-16,"Organizador con 16 gavetas, TRUPER",P022,Cajas de herramientas,CAJAS PARA HERRAMIENTA
19896,ORG-15,"Organizador 11' con 15 compartimentos, TRUPER",P022,Cajas de herramientas,CAJAS PARA HERRAMIENTA
19939,ORG-17X,"Organizador 17' reforzado con 17 compartimentos, TRUPER",P022,Cajas de herramientas,CAJAS PARA HERRAMIENTA
20504,CM-45P,"Candado laminado, 45 mm, gancho corto, blíster, HERMEX BASIC",P024,Candados,CANDADOS
20507,CM-40X4P,"Juego de 4 candados cuerpo laminado, 40 mm, HERMEX BASIC",P024,Candados,CANDADOS
20508,CM-50X4P,"Juego de 4 candados cuerpo laminado, 50 mm, HERMEX BASIC",P024,Candados,CANDADOS
22514,COR-65ZP,"Candado antipalanca 65 mm cuerpo metálico, HERMEX BASIC",P024,Candados,CANDADOS
22515,COR-50HP,"Candado antipalanca 50 mm cuerpo de hierro, HERMEX BASIC",P024,Candados,CANDADOS
22516,COR-60HP,"Candado antipalanca 60 mm cuerpo de hierro, HERMEX BASIC",P024,Candados,CANDADOS
22517,COR-80HP,"Candado antipalanca 80 mm cuerpo de hierro, HERMEX BASIC",P024,Candados,CANDADOS
22518,COR-60P,"Candado antipalanca 60 mm cuerpo de latón, HERMEX BASIC",P024,Candados,CANDADOS
22526,CH-20P,"Candado de hierro 20 mm, color latón, corto, caja, BASIC",P024,Candados,CANDADOS
22527,CHB-20P,"Candado de hierro 20 mm, color latón, corto, blíster, BASIC",P024,Candados,CANDADOS
22528,CH-25P,"Candado de hierro 25 mm, color latón, corto, caja, BASIC",P024,Candados,CANDADOS
22529,CHB-25P,"Candado de hierro 25 mm, color latón, corto, blíster, BASIC",P024,Candados,CANDADOS
23502,CM-30P,"Candado laminado, 30 mm, gancho corto, blíster, HERMEX BASIC",P024,Candados,CANDADOS
23503,CM-40P,"Candado laminado, 40 mm, gancho corto, blíster, HERMEX BASIC",P024,Candados,CANDADOS
23504,CM-50P,"Candado laminado, 50 mm, gancho corto, blíster, HERMEX BASIC",P024,Candados,CANDADOS
23510,CL-40XP,"Candado de latón 40 mm llave tetra en blíster, HERMEX BASIC",P024,Candados,CANDADOS
23511,CL-50XP,"Candado de latón 50 mm llave tetra en blíster, HERMEX BASIC",P024,Candados,CANDADOS
23512,COR-75P,"Candado antipalanca 75 mm cuerpo de latón, HERMEX BASIC",P024,Candados,CANDADOS
23514,CL-30P,"Candado de latón 30 mm gancho corto en blíster, HERMEX BASIC",P024,Candados,CANDADOS
23515,CL-40P,"Candado de latón 40 mm gancho corto en blíster, HERMEX BASIC",P024,Candados,CANDADOS
23516,CL-30LP,"Candado de latón 30 mm gancho largo en blíster, HERMEX BASIC",P024,Candados,CANDADOS
23517,CL-40LP,"Candado de latón 40 mm gancho largo en blíster, HERMEX BASIC",P024,Candados,CANDADOS
23518,CH-40P,"Candado de hierro 40 mm, color latón, corto, caja, BASIC",P024,Candados,CANDADOS
23519,CH-50P,"Candado de hierro 50 mm, color latón, corto, caja, BASIC",P024,Candados,CANDADOS
23520,CHB-40P,"Candado de hierro 40 mm, color latón, corto, blíster, BASIC",P024,Candados,CANDADOS
23521,CHB-50P,"Candado de hierro 50 mm, color latón, corto, blíster, BASIC",P024,Candados,CANDADOS
23522,CH-30P,"Candado de hierro 30 mm, color latón, corto, caja, BASIC",P024,Candados,CANDADOS
23523,CHB-30P,"Candado de hierro 30 mm, color latón, corto, blíster, BASIC",P024,Candados,CANDADOS
23524,COR-75ZP,"Candado antipalanca 75 mm cuerpo metálico, HERMEX BASIC",P024,Candados,CANDADOS
23540,COR-70HP,"Candado antipalanca 70 mm cuerpo de hierro, HERMEX BASIC",P024,Candados,CANDADOS
27069,CH-25PL,"Candado de hierro 25 mm, color latón, largo, caja, BASIC",P024,Candados,CANDADOS
27070,CH-30PL,"Candado de hierro 30 mm, color latón, largo, caja, BASIC",P024,Candados,CANDADOS
27071,CH-40PL,"Candado de hierro 40 mm, color latón, largo, caja, BASIC",P024,Candados,CANDADOS
27072,CH-50PL,"Candado de hierro 50 mm, color latón, largo, caja, BASIC",P024,Candados,CANDADOS
27074,CHB-25PL,"Candado de hierro 25 mm, color latón, largo, blíster, BASIC",P024,Candados,CANDADOS
27075,CHB-30PL,"Candado de hierro 30 mm, color latón, largo, blíster, BASIC",P024,Candados,CANDADOS
27076,CHB-40PL,"Candado de hierro 40 mm, color latón, largo, blíster, BASIC",P024,Candados,CANDADOS
27077,CHB-50PL,"Candado de hierro 50 mm, color latón, largo, blíster, BASIC",P024,Candados,CANDADOS
27088,COR-85ZP,"Candado antipalanca 85 mm cuerpo metálico, HERMEX BASIC",P024,Candados,CANDADOS
43300,CL-40Q,"Candado de latón, 40mm, gancho corto, llave puntos, blíster",P024,Candados,CANDADOS
43323,CH-38L,"Candado de hierro 38 mm, gancho largo en caja, HERMEX",P024,Candados,CANDADOS
43324,CH-45L,"Candado de hierro 45 mm, gancho largo en caja, HERMEX",P024,Candados,CANDADOS
43325,CH-50L,"Candado de hierro 50 mm, gancho largo en caja, HERMEX",P024,Candados,CANDADOS
43326,CHB-38L,"Candado de hierro 38 mm, gancho largo en blíster, HERMEX",P024,Candados,CANDADOS
43327,CHB-45L,"Candado de hierro 45 mm, gancho largo en blíster, HERMEX",P024,Candados,CANDADOS
43328,CHB-50L,"Candado de hierro 50 mm, gancho largo en blíster, HERMEX",P024,Candados,CANDADOS
43338,CA-65X,"Candado redondo de acero, 65 mm, gancho corto, llave tetra",P024,Candados,CANDADOS
43339,CA-65LX,"Candado redondo de acero, 65 mm, gancho largo, llave tetra",P024,Candados,CANDADOS
43350,CMA-3C,"Candado maletero de combinación 25 mm, blíster, HERMEX",P024,Candados,CANDADOS
43351,CMA-4C,"Candado maletero de combinación 36 mm, blíster, HERMEX",P024,Candados,CANDADOS
43352,COR-80Q,"Candado antipalanca, 80mm, blindado, llave puntos, HERMEX",P024,Candados,CANDADOS
43353,COR-75X,"Candado antipalanca, 75mm, cuerpo de latón, llave tetra",P024,Candados,CANDADOS
43354,COR-75Q,"Candado antipalanca, 75mm, cuerpo de latón, llave puntos",P024,Candados,CANDADOS
43355,COR-50,"Candado antipalanca, 50mm, cuerpo de latón llave tradicional",P024,Candados,CANDADOS
43356,COR-65,"Candado antipalanca, 65mm, cuerpo de latón llave tradicional",P024,Candados,CANDADOS
43357,COR-75,"Candado antipalanca, 75mm, cuerpo de latón llave tradicional",P024,Candados,CANDADOS
43358,COR-88,"Candado antipalanca, 88mm, cuerpo de latón llave tradicional",P024,Candados,CANDADOS
43370,LLCANGA-M,"Llave magnética para candado CANGA-100, HERMEX",P024,Candados,CANDADOS
43373,COR-80X,"Candado antipalanca, 80mm, blindado, llave tetra, HERMEX",P024,Candados,CANDADOS
43420,CL-40X,"Candado de latón, 40 mm, gancho corto, llave tetra, blíster",P024,Candados,CANDADOS
43421,CL-50X,"Candado de latón, 50 mm, gancho corto, llave tetra, blíster",P024,Candados,CANDADOS
43422,CL-60X,"Candado de latón, 60 mm, gancho corto, llave tetra, blíster",P024,Candados,CANDADOS
43436,CL-30L,"Candado de latón 30 mm gancho largo en blíster, HERMEX",P024,Candados,CANDADOS
43437,CL-40L,"Candado de latón 40 mm gancho largo en blíster, HERMEX",P024,Candados,CANDADOS
43438,CL-45L,"Candado de latón 45 mm gancho largo en blíster, HERMEX",P024,Candados,CANDADOS
43439,CL-50L,"Candado de latón 50 mm gancho largo en blíster, HERMEX",P024,Candados,CANDADOS
43440,CL-30XL,"Candado de latón 30 mm gancho extra largo en blíster, HERMEX",P024,Candados,CANDADOS
43441,CL-40XL,"Candado de latón 40 mm gancho extra largo en blíster, HERMEX",P024,Candados,CANDADOS
43442,CL-50XL,"Candado de latón 50 mm gancho extra largo en blíster, HERMEX",P024,Candados,CANDADOS
43793,CH-32L,"Candado de hierro 32 mm, gancho largo en caja, HERMEX",P024,Candados,CANDADOS
43794,CHB-32L,"Candado de hierro 32 mm, gancho largo en blíster, HERMEX",P024,Candados,CANDADOS
43797,CH-25L,"Candado de hierro 25 mm, gancho largo en caja, HERMEX",P024,Candados,CANDADOS
43798,CHB-25L,"Candado de hierro 25 mm, gancho largo en blíster, HERMEX",P024,Candados,CANDADOS
43802,CH-63L,"Candado de hierro 63 mm, gancho largo en caja, HERMEX",P024,Candados,CANDADOS
43804,CHB-63L,"Candado de hierro 63 mm, gancho largo en blíster, HERMEX",P024,Candados,CANDADOS
43920,CB-15,"Candado de cable con llave, 15mm X 1.20 m, HERMEX",P024,Candados,CANDADOS
43924,CB-8C,"Candado de cable con combinación, 8 mm X 1.0 m, HERMEX",P024,Candados,CANDADOS
43925,CB-10C,"Candado de cable con combinación, 10 mm X 1.20 m, HERMEX",P024,Candados,CANDADOS
46291,CMA-5C,"Candado maletero de combinación 27 mm seguridad TSA, blíster",P024,Candados,CANDADOS
49473,CA-70C,"Candado circular de acero inoxidable, 70 mm, cilindro latón",P024,Candados,CANDADOS
49621,CB-90,"Candado con cadena forrada de 10 mm, HERMEX",P024,Candados,CANDADOS
23513,CL-20P,"Blíster con 2 candados de latón de 20mm, HERMEX BASIC",P024,Candados,CANDADOS
23525,CD-50CP,"Candado de combinación de disco en blíster, HERMEX BASIC",P024,Candados,CANDADOS
43003,CHR-70A,"Candado de hierro 70 mm con coraza, llave de disco, HERMEX",P024,Candados,CANDADOS
43301,CL-50Q,"Candado de latón, 50mm, gancho corto,llave de puntos,blíster",P024,Candados,CANDADOS
43302,CL-60Q,"Candado de latón, 60mm, gancho corto,llave de puntos,blíster",P024,Candados,CANDADOS
43312,CHR-40A,"Candado de hierro 40 mm con coraza, llave de disco, HERMEX",P024,Candados,CANDADOS
43313,CHR-50A,"Candado de hierro 50 mm con coraza, llave de disco, HERMEX",P024,Candados,CANDADOS
43314,CHR-60A,"Candado de hierro 60 mm con coraza, llave de disco, HERMEX",P024,Candados,CANDADOS
43315,CH-38,"Candado de hierro 38 mm, gancho corto en caja, HERMEX",P024,Candados,CANDADOS
43316,CH-45,"Candado de hierro 45 mm, gancho corto en caja, HERMEX",P024,Candados,CANDADOS
43317,CH-50,"Candado de hierro 50 mm, gancho corto en caja, HERMEX",P024,Candados,CANDADOS
43318,CHB-38,"Candado de hierro 38 mm, gancho corto en blíster, HERMEX",P024,Candados,CANDADOS
43319,CHB-45,"Candado de hierro 45 mm, gancho corto en blíster, HERMEX",P024,Candados,CANDADOS
43320,CHB-50,"Candado de hierro 50 mm, gancho corto en blíster, HERMEX",P024,Candados,CANDADOS
43321,CH-38X2,"Blíster con 2 candados de hierro de 38mm, gancho corto",P024,Candados,CANDADOS
43322,CH-45X2,"Blíster con 2 candados de hierro de 45mm, gancho corto",P024,Candados,CANDADOS
43329,CH-38LX2,"Blíster con 2 candados de hierro de 38 mm, gancho largo",P024,Candados,CANDADOS
43330,CH-45LX2,"Blíster con 2 candados de hierro de 45 mm, gancho largo",P024,Candados,CANDADOS
43333,CH-38X4,"Blíster con 4 candados de hierro de 38 mm, gancho corto",P024,Candados,CANDADOS
43334,CAI-50A,"Candado de acero 50 mm con coraza, llave de disco, HERMEX",P024,Candados,CANDADOS
43335,CAI-60A,"Candado de acero 60 mm con coraza, llave de disco, HERMEX",P024,Candados,CANDADOS
43336,CA-65Q,"Candado redondo de acero 65mm, gancho corto, llave de puntos",P024,Candados,CANDADOS
43337,CA-65LQ,"Candado redondo de acero 65mm, gancho largo, llave de puntos",P024,Candados,CANDADOS
43340,CHN-50A,"Candado de hierro 50 mm, gancho protegido, llave de disco",P024,Candados,CANDADOS
43341,CHN-65A,"Candado de hierro 65 mm, gancho protegido, llave de disco",P024,Candados,CANDADOS
43346,CL-20C,Candado de combinación 20 mm cuerpo de latón en blíster,P024,Candados,CANDADOS
43347,CL-28C,Candado de combinación 28 mm cuerpo de latón en blíster,P024,Candados,CANDADOS
43348,CL-40C,Candado de combinación 40 mm cuerpo de latón en blíster,P024,Candados,CANDADOS
43365,CA-109Q,"Candado de acero, 109 mm, gancho corto, llave de puntos",P024,Candados,CANDADOS
43366,CA-109LQ,"Candado de acero, 109 mm, gancho largo, llave de puntos",P024,Candados,CANDADOS
43367,CMR-40,"Candado laminado, recubierto de plástico, 40 mm, blíster",P024,Candados,CANDADOS
43368,CMR-50,"Candado laminado, recubierto de plástico, 50 mm, blíster",P024,Candados,CANDADOS
43369,CANGA-100,Caja con 100 candados para gancho y 1 llave magnética,P024,Candados,CANDADOS
43425,CL-20,Blíster con 2 candados de latón de 20mm con gancho corto,P024,Candados,CANDADOS
43426,CL-25,Blíster con 2 candados de latón de 25mm con gancho corto,P024,Candados,CANDADOS
43427,CL-30,"Candado de latón 30 mm gancho corto en blíster, HERMEX",P024,Candados,CANDADOS
43428,CL-40,"Candado de latón 40 mm gancho corto en blíster, HERMEX",P024,Candados,CANDADOS
43429,CL-45,"Candado de latón 45 mm gancho corto en blíster, HERMEX",P024,Candados,CANDADOS
43430,CL-50,"Candado de latón 50 mm gancho corto en blíster, HERMEX",P024,Candados,CANDADOS
43435,CL-25L,Blíster con 2 candados de latón de 25mm con gancho largo,P024,Candados,CANDADOS
43443,CL-40X2,Blíster con 2 candados de latón de 40mm con gancho corto,P024,Candados,CANDADOS
43444,CL-40LX2,Blíster con 2 candados de latón de 40mm con gancho largo,P024,Candados,CANDADOS
43445,CL-40X4,Blíster con 4 candados de latón de 40mm con gancho corto,P024,Candados,CANDADOS
43790,CHB-25X2,"Blíster con 2 candados de hierro de 25 mm, gancho corto",P024,Candados,CANDADOS
43791,CH-32,"Candado de hierro 32 mm, gancho corto en caja, HERMEX",P024,Candados,CANDADOS
43792,CHB-32,"Candado de hierro 32 mm, gancho corto en blíster, HERMEX",P024,Candados,CANDADOS
43795,CH-25,"Candado de hierro 25 mm, gancho corto en caja, HERMEX",P024,Candados,CANDADOS
43796,CHB-25,"Candado de hierro 25 mm, gancho corto en blíster, HERMEX",P024,Candados,CANDADOS
43801,CH-63,"Candado de hierro 63 mm, gancho corto en caja, HERMEX",P024,Candados,CANDADOS
43803,CHB-63,"Candado de hierro 63 mm, gancho corto en blíster, HERMEX",P024,Candados,CANDADOS
43922,CB-10,"Candado de cable con llave, 10 mm X 1.0 m, HERMEX",P024,Candados,CANDADOS
43923,CB-12,"Candado de cable con llave, 12 mm X 1.0 m, HERMEX",P024,Candados,CANDADOS
45863,CB-70A,"Candado para disco de motocicleta, perno de 7 mm, c/alarma",P024,Candados,CANDADOS
49620,CB-24,"Candado rígido tipo 'U' de 20 cm, llave de disco, HERMEX",P024,Candados,CANDADOS
49622,CB-55,"Candado freno de disco motocicleta, 5.5 mm, llave de disco",P024,Candados,CANDADOS
49623,CB-100,"Candado freno de disco motocicleta, 10 mm, llave de disco",P024,Candados,CANDADOS
43921,CB-20,"Candado de cable con llave, 20 mm X 1.20 m, HERMEX",P024,Candados,CANDADOS
100851,CT-608MR,"Carda copa 3' alambre trenzado fino, Multi-rosca, TRUPER",P025,Cardas,CARDAS
100852,CT-610MR,"Carda copa 4' alambre trenzado fino, Multi-rosca, TRUPER",P025,Cardas,CARDAS
100853,CT-612MR,"Carda copa 5' alambre trenzado fino, Multi-rosca, TRUPER",P025,Cardas,CARDAS
100854,CT-608MRX,"Carda copa 3' alambre trenzado grueso, Multi-rosca, TRUPER",P025,Cardas,CARDAS
100855,CT-610MRX,"Carda copa 4' alambre trenzado grueso, Multi-rosca, TRUPER",P025,Cardas,CARDAS
100856,CT-612MRX,"Carda copa 5' alambre trenzado grueso, Multi-rosca, TRUPER",P025,Cardas,CARDAS
100857,CO-508MR,"Carda copa 3' alambre ondulado fino, Multi-rosca, TRUPER",P025,Cardas,CARDAS
100858,CO-510MR,"Carda copa 4' alambre ondulado fino, Multi-rosca, TRUPER",P025,Cardas,CARDAS
100859,CO-512MR,"Carda copa 5' alambre ondulado fino, Multi-rosca, TRUPER",P025,Cardas,CARDAS
100870,CO-512MRX,"Carda copa 5' alambre ondulado grueso, Multi-rosca, TRUPER",P025,Cardas,CARDAS
11520,CA-104,"Carda alambre ondulado 6' x 3/4' para esmeril, TRUPER",P025,Cardas,CARDAS
11523,CA-105,"Carda alambre ondulado 6' x 13/16' para esmeril, TRUPER",P025,Cardas,CARDAS
11529,CO-510,"Carda copa 4' alambre ondulado fino, eje 5/8'-11, TRUPER",P025,Cardas,CARDAS
11571,CO-2,"Carda de copa 1-3/4' alambre grueso para taladro, TRUPER",P025,Cardas,CARDAS
11574,CA-2F,"Carda circular 2' alambre fino para taladro, TRUPER",P025,Cardas,CARDAS
11575,CA-3F,"Carda circular 3' alambre fino para taladro, TRUPER",P025,Cardas,CARDAS
11576,CA-4F,"Carda circular 4' alambre fino para taladro, TRUPER",P025,Cardas,CARDAS
11577,JCA-4P,"Juego de 4 cardas para taladro, TRUPER",P025,Cardas,CARDAS
11597,CATR-6E,"Carda circular 6' alambre trenzado, eje 5/8'-11, TRUPER",P025,Cardas,CARDAS
11598,CATR-6F,"Carda trenzado fino 6' x 5/8' para esmeril, TRUPER",P025,Cardas,CARDAS
11599,CATR-6G,"Carda trenzado grueso 6' x 5/8' para esmeril, TRUPER",P025,Cardas,CARDAS
14182,CO-508,"Carda copa 3' alambre ondulado fino, eje 5/8'-11, TRUPER",P025,Cardas,CARDAS
14186,CT-608,"Carda copa 3' alambre trenzado fino, eje 5/8'-11, TRUPER",P025,Cardas,CARDAS
14187,CT-610,"Carda copa 4' alambre trenzado fino, eje 5/8'-11, TRUPER",P025,Cardas,CARDAS
14188,CATR-4EMR,"Carda tipo cónico 4' alambre trenzado, multi-rosca, TRUPER",P025,Cardas,CARDAS
14189,CATR-5EMR,"Carda tipo cónico 5' alambre trenzado, multi-rosca, TRUPER",P025,Cardas,CARDAS
14190,CATR-4E,"Carda tipo cónico 4' alambre trenzado, eje 5/8'-11, TRUPER",P025,Cardas,CARDAS
17524,CA-107,"Carda alambre ondulado 8' x 3/4' para esmeril, TRUPER",P025,Cardas,CARDAS
17526,CA-109,"Carda alambre ondulado 8' x 1' para esmeril, TRUPER",P025,Cardas,CARDAS
17527,CATR-4ES,"Carda circular 4' alambre trenzado, eje 5/8'-11, TRUPER",P025,Cardas,CARDAS
17529,CT-608X,"Carda copa 3' alambre trenzado grueso, eje 5/8'-11, TRUPER",P025,Cardas,CARDAS
17530,CT-608MX,"Carda copa 3' alambre trenzado grueso, eje M14, TRUPER",P025,Cardas,CARDAS
17531,CT-610X,"Carda copa 4' alambre trenzado grueso, eje 5/8'-11, TRUPER",P025,Cardas,CARDAS
21002,CA-2P,"Carda circular 2' alambre grueso para taladro, PRETUL",P025,Cardas,CARDAS
21003,CA-3P,"Carda circular 3' alambre grueso para taladro, PRETUL",P025,Cardas,CARDAS
21004,CO-2P,"Carda de copa 1-3/4' alambre grueso para taladro, PRETUL",P025,Cardas,CARDAS
21005,CO-3P,"Carda de copa 2-3/4' alambre grueso para taladro, PRETUL",P025,Cardas,CARDAS
28257,CT-608XP,"Carda copa 3' alambre trenzado grueso, eje 5/8'-11, PRETUL",P025,Cardas,CARDAS
28258,CT-610P,"Carda copa 4' alambre trenzado fino, eje 5/8'-11, PRETUL",P025,Cardas,CARDAS
28259,CT-610XP,"Carda copa 4' alambre trenzado grueso, eje 5/8'-11, PRETUL",P025,Cardas,CARDAS
28262,CO-508P,"Carda copa 3' alambre ondulado fino, eje 5/8'-11, PRETUL",P025,Cardas,CARDAS
28263,CO-510P,"Carda copa 4' alambre ondulado fino, eje 5/8'-11, PRETUL",P025,Cardas,CARDAS
28266,CT-608P,"Carda copa 3' alambre trenzado fino, eje 5/8'-11, PRETUL",P025,Cardas,CARDAS
11526,CA-106,"Carda alambre ondulado 6' x 1-1/8' para esmeril, TRUPER",P025,Cardas,CARDAS
11535,CO-512,"Carda copa 5' alambre ondulado fino, eje 5/8'-11, TRUPER",P025,Cardas,CARDAS
11541,CT-612,"Carda copa 5' alambre trenzado fino, eje 5/8'-11, TRUPER",P025,Cardas,CARDAS
11542,CT-612X,"Carda copa 5' alambre trenzado grueso, eje 5/8'-11, TRUPER",P025,Cardas,CARDAS
11569,CA-2,"Carda circular 2' alambre grueso para taladro, TRUPER",P025,Cardas,CARDAS
11570,CA-3,"Carda circular 3' alambre grueso para taladro, TRUPER",P025,Cardas,CARDAS
11572,CO-3,"Carda de copa 2-3/4' alambre grueso para taladro, TRUPER",P025,Cardas,CARDAS
11590,CA-4,"Carda circular 4' alambre grueso para taladro, TRUPER",P025,Cardas,CARDAS
11591,CO-1-3/4F,"Carda de copa 1-3/4' alambre fino para taladro, TRUPER",P025,Cardas,CARDAS
11592,CO-2-3/4F,"Carda de copa 2-3/4' alambre fino para taladro, TRUPER",P025,Cardas,CARDAS
11593,COM-3/4,"Carda tipo brocha 3/4' alambre grueso para taladro, TRUPER",P025,Cardas,CARDAS
11595,COM-1,"Carda tipo brocha 1' alambre grueso para taladro, TRUPER",P025,Cardas,CARDAS
14191,CATR-5E,"Carda tipo cónico 5' alambre trenzado, eje 5/8'-11, TRUPER",P025,Cardas,CARDAS
17525,CA-108,"Carda alambre ondulado 8' x 7/8' para esmeril, TRUPER",P025,Cardas,CARDAS
17528,CATR-8E,"Carda circular 8' alambre trenzado, eje 5/8'-11, TRUPER",P025,Cardas,CARDAS
17533,CO-512X,"Carda copa 5' alambre ondulado grueso, eje 5/8'-11, TRUPER",P025,Cardas,CARDAS
28260,CT-612P,"Carda copa 5' alambre trenzado fino, eje 5/8'-11, PRETUL",P025,Cardas,CARDAS
28261,CT-612XP,"Carda copa 5' alambre trenzado grueso, eje 5/8'-11, PRETUL",P025,Cardas,CARDAS
28264,CO-512P,"Carda copa 5' alambre ondulado fino, eje 5/8'-11, PRETUL",P025,Cardas,CARDAS
11573,CA-1-1/2F,"Carda circular 1-1/2' alambre fino para taladro, TRUPER",P025,Cardas,CARDAS
11596,COM-1-1/8,"Carda tipo brocha 1-1/8' alambre grueso para taladro, TRUPER",P025,Cardas,CARDAS
100177,CAR-81FF,"Carretilla 8 ft3 Imponchable, bastidor tubular, TRUPER",P432,Carretillas nacionales y Latam,CARRETILLAS Y REFACCIONES
100178,CAT-60PL-FF,"Carretilla concha plástica 6 ft Imponchable b/tubular,Truper",P432,Carretillas nacionales y Latam,CARRETILLAS Y REFACCIONES
100416,CAT 50X,"Carretilla 5.5ft3 Imponchable bastidor tubular,TRUPER EXPERT",P432,Carretillas nacionales y Latam,CARRETILLAS Y REFACCIONES
100417,CAT 60X,"Carretilla 6ft3 Imponchable, bastidor tubular, TRUPER EXPERT",P432,Carretillas nacionales y Latam,CARRETILLAS Y REFACCIONES
10079,CAT-15FF,"Carretilla 5 ft3 Imponchable, bastidor tubular, TRUPER",P432,Carretillas nacionales y Latam,CARRETILLAS Y REFACCIONES
10233,CAT-45FF,"Carretilla 4.5 ft3 Imponchable, bastidor tubular, TRUPER",P432,Carretillas nacionales y Latam,CARRETILLAS Y REFACCIONES
10253,CAT-55FF,"Carretilla 4.75 ft3 angosta, Imponchable, tubular, TRUPER",P432,Carretillas nacionales y Latam,CARRETILLAS Y REFACCIONES
10255,CAT-60FF,"Carretilla 6 ft3 Imponchable, bastidor tubular, TRUPER",P432,Carretillas nacionales y Latam,CARRETILLAS Y REFACCIONES
103007,TP-7X,"Carretilla 7ft3 EXPERT plástica, 2 llantas,bastidor metálico",P432,Carretillas nacionales y Latam,CARRETILLAS Y REFACCIONES
103008,CAT-60PLX,"Carretilla 6ft3 EXPERT plástica, neumática, bastidor tubular",P432,Carretillas nacionales y Latam,CARRETILLAS Y REFACCIONES
10910,T-6FF,"Carretilla 6 ft3 imponchable, bastidores madera, TRUPER",P432,Carretillas nacionales y Latam,CARRETILLAS Y REFACCIONES
10911,TP-6FF,"Carretilla 6 ft3 concha plástica,imponchable b/madera,TRUPER",P432,Carretillas nacionales y Latam,CARRETILLAS Y REFACCIONES
11249,CAR-81,"Carretilla 8 ft3 Neumática, bastidor tubular, TRUPER",P432,Carretillas nacionales y Latam,CARRETILLAS Y REFACCIONES
11250,CAR-82,"Carretilla 8 ft3 Doble llanta neumática, bastidores acero",P432,Carretillas nacionales y Latam,CARRETILLAS Y REFACCIONES
11740,CAT-45ND,"Carretilla 4.5 ft3 Neumática, bastidor tubular, TRUPER",P432,Carretillas nacionales y Latam,CARRETILLAS Y REFACCIONES
11753,CAT-15ND,"Carretilla 5 ft3 Neumática, bastidor tubular, TRUPER",P432,Carretillas nacionales y Latam,CARRETILLAS Y REFACCIONES
11761,CAT-55ND,"Carretilla 4.75 ft3 angosta, neumática, tubular, TRUPER",P432,Carretillas nacionales y Latam,CARRETILLAS Y REFACCIONES
11776,CAT-60ND,"Carretilla 6 ft3 Neumática, bastidor tubular, TRUPER",P432,Carretillas nacionales y Latam,CARRETILLAS Y REFACCIONES
11777,CAT-60PL,"Carretilla concha plástica 6 ft3 Neumática, bastidor tubular",P432,Carretillas nacionales y Latam,CARRETILLAS Y REFACCIONES
19804,T-6N,"Carretilla 6 ft3 Neumática, bastidores de madera, TRUPER",P432,Carretillas nacionales y Latam,CARRETILLAS Y REFACCIONES
20622,CAP-5WNDR,"Carretilla 5.5ft3 roja, neumática, bastidores madera, PRETUL",P432,Carretillas nacionales y Latam,CARRETILLAS Y REFACCIONES
20623,CAP-5WFFR,"Carretilla 5.5ft3 roja,imponchable, bastidores madera,PRETUL",P432,Carretillas nacionales y Latam,CARRETILLAS Y REFACCIONES
20624,CAP-5WNDG,"Carretilla 5.5ft3 gris, neumática, bastidores madera, PRETUL",P432,Carretillas nacionales y Latam,CARRETILLAS Y REFACCIONES
20625,CAP-5WFFG,"Carretilla 5.5ft3 gris,imponchable, bastidores madera,PRETUL",P432,Carretillas nacionales y Latam,CARRETILLAS Y REFACCIONES
20628,CAP-40NB,"Carretilla 4 ft3 roja, neumática, bastidor tubular, PRETUL",P432,Carretillas nacionales y Latam,CARRETILLAS Y REFACCIONES
20629,CAP-40FB,"Carretilla 4 ft3 roja, imponchable, bastidor tubular, PRETUL",P432,Carretillas nacionales y Latam,CARRETILLAS Y REFACCIONES
20674,CAP-35FB,"Carretilla 3.5 ft3 roja,angosta, imponchable, tubular,PRETUL",P432,Carretillas nacionales y Latam,CARRETILLAS Y REFACCIONES
20675,CAP-35NB,"Carretilla 3.5 ft3 roja, angosta ,neumática, tubular, PRETUL",P432,Carretillas nacionales y Latam,CARRETILLAS Y REFACCIONES
22647,CAP-4NB,"Carretilla 4 ft3, gris, neumática, bastidor tubular, PRETUL",P432,Carretillas nacionales y Latam,CARRETILLAS Y REFACCIONES
22703,TP-5N,"Carretilla concha plástica 5 ft3 Neumática b/tubular, PRETUL",P432,Carretillas nacionales y Latam,CARRETILLAS Y REFACCIONES
10252,CAT-50FF,"Carretilla 5.5 ft3 Imponchable, bastidor tubular, TRUPER",P432,Carretillas nacionales y Latam,CARRETILLAS Y REFACCIONES
10908,CAT-50WFF,"Carretilla 5.5 ft3 imponchable, bastidores madera, TRUPER",P432,Carretillas nacionales y Latam,CARRETILLAS Y REFACCIONES
11752,CAT-50ND,"Carretilla 5.5 ft3 Neumática, bastidor tubular, TRUPER",P432,Carretillas nacionales y Latam,CARRETILLAS Y REFACCIONES
11758,CAT-50WD,"Carretilla 5.5 ft3 neumática, bastidores madera, TRUPER",P432,Carretillas nacionales y Latam,CARRETILLAS Y REFACCIONES
19805,TP-6,"Carretilla concha plástica 6 ft3 Neumática b/madera, TRUPER",P432,Carretillas nacionales y Latam,CARRETILLAS Y REFACCIONES
19810,TP-8,Carretilla c/plástica 8 ft3 Doble llanta neumática b/madera,P432,Carretillas nacionales y Latam,CARRETILLAS Y REFACCIONES
20627,CAP-50NB,"Carretilla 5.5 ft3 roja, neumática, bastidor tubular, PRETUL",P432,Carretillas nacionales y Latam,CARRETILLAS Y REFACCIONES
20630,CAP-50FB,"Carretilla 5.5 ft3 roja,imponchable,bastidor tubular, PRETUL",P432,Carretillas nacionales y Latam,CARRETILLAS Y REFACCIONES
20646,CAP-5NB,"Carretilla 5.5 ft3, gris, neumática, bastidor tubular,PRETUL",P432,Carretillas nacionales y Latam,CARRETILLAS Y REFACCIONES
101119,CAU-25E,"Cautín 25 W profesional tipo lápiz para electrónica, TRUPER",P027,Cautines y accesorios,CAUTINES
101398,CAU-48ES,Cautín 48 W profesional para electrónica con estación,P027,Cautines y accesorios,CAUTINES
101591,CAU-40E,Cautín 40 W profesional tipo pistola para electrónica,P027,Cautines y accesorios,CAUTINES
102424,CAU-25ERK,"Kit soldadura electrónica con cautín de 25 W, temp regulable",P027,Cautines y accesorios,CAUTINES
102509,CAU-25ER,"Cautín profesional electrónica de 25W, temperatura regulable",P027,Cautines y accesorios,CAUTINES
103993,ESSU-4,"Estación de sujeción con lupa y luz LED, TRUPER",P027,Cautines y accesorios,CAUTINES
16791,CAU-150X,"Cautín 150 W tipo lápiz punta angulada para uso rudo, TRUPER",P027,Cautines y accesorios,CAUTINES
16792,CAU-300X,"Cautín 300 W tipo lápiz punta angulada para uso rudo, TRUPER",P027,Cautines y accesorios,CAUTINES
16795,CAU-100D,Cautín 100 W tipo lápiz con 2 temperaturas para uso rudo,P027,Cautines y accesorios,CAUTINES
16923,DESO-8,"Desoldador de succión, TRUPER",P027,Cautines y accesorios,CAUTINES
22805,CAU-30P,"Cautín 30 W tipo lápiz con accesorios trabajo ligero, PRETUL",P027,Cautines y accesorios,CAUTINES
22806,CAU-30P2,"Cautín 30 W tipo lápiz para trabajo ligero, PRETUL",P027,Cautines y accesorios,CAUTINES
22809,CAU-45P2,"Cautín 45 W tipo lápiz para trabajo medio, PRETUL",P027,Cautines y accesorios,CAUTINES
22810,CAU-60P2,"Cautín 60 W tipo lápiz para trabajo pesado, PRETUL",P027,Cautines y accesorios,CAUTINES
101590,R-CAU-25E,"Juego de 4 puntas para cautín CAU-25E, TRUPER",P027,Cautines y accesorios,CAUTINES
101815,R-CAU-48ES,"Juego de 4 puntas para cautín CAU-48ES, TRUPER",P027,Cautines y accesorios,CAUTINES
102142,CAU-50,"Cautín 50 W tipo pistola, TRUPER",P027,Cautines y accesorios,CAUTINES
102173,R-CAU-50,"Juego de 2 puntas para cautín tipo pistola CAU-50, TRUPER",P027,Cautines y accesorios,CAUTINES
102550,R-CAU-25ER,"Juego de 5 puntas para cautín CAU-25R, TRUPER",P027,Cautines y accesorios,CAUTINES
12723,R-CAU-80,Blíster con 3 puntas de repuesto p/cautín tipo lápiz CAU-80,P027,Cautines y accesorios,CAUTINES
12729,R-CAU-100,Blíster con 3 puntas de repuesto p/cautín tipo lápiz CAU-100,P027,Cautines y accesorios,CAUTINES
14622,CAU-80,"Cautín 80 W tipo lápiz para trabajo pesado, TRUPER",P027,Cautines y accesorios,CAUTINES
14623,CAU-100,"Cautín 100 W tipo lápiz para trabajo pesado, TRUPER",P027,Cautines y accesorios,CAUTINES
16793,REP-CAU-150X,"Punta de repuesto para cautín tipo lápiz CAU-150X, TRUPER",P027,Cautines y accesorios,CAUTINES
16794,REP-CAU-300X,"Punta de repuesto para cautín tipo lápiz CAU-300X, TRUPER",P027,Cautines y accesorios,CAUTINES
17545,CAU-30,"Cautín 30 W tipo lápiz para trabajo ligero, TRUPER",P027,Cautines y accesorios,CAUTINES
17546,CAU-45,"Cautín 45 W tipo lápiz para trabajo medio, TRUPER",P027,Cautines y accesorios,CAUTINES
17547,CAU-60,"Cautín 60 W tipo lápiz para trabajo pesado, TRUPER",P027,Cautines y accesorios,CAUTINES
17548,CAU-140,"Cautín 140 W tipo pistola con 2 temperaturas, TRUPER",P027,Cautines y accesorios,CAUTINES
17549,CAU-230,"Cautín 230 W tipo pistola con 2 temperaturas, TRUPER",P027,Cautines y accesorios,CAUTINES
17552,R-CAU-30,Blíster con 2 puntas de repuesto p/cautín tipo lápiz CAU-30,P027,Cautines y accesorios,CAUTINES
17553,R-CAU-45,Blíster con 3 puntas de repuesto p/cautín tipo lápiz CAU-45,P027,Cautines y accesorios,CAUTINES
17554,R-CAU-140,Blíster con 2 puntas para cautín tipo pistola CAU-140,P027,Cautines y accesorios,CAUTINES
17555,R-CAU-230,Blíster con 2 puntas para cautín tipo pistola CAU-230,P027,Cautines y accesorios,CAUTINES
17556,BASE-CAU,"Base para cautín tipo lápiz con limpiador de esponja, TRUPER",P027,Cautines y accesorios,CAUTINES
17557,R-CAU-60,Blíster con 3 puntas de repuesto p/cautín tipo lápiz CAU-60,P027,Cautines y accesorios,CAUTINES
100139,CA-40,"Cavador giratorio de acero, mango 'T' 30', TRUPER",P402,Cavadores nacionales y Latam,CAVADORES
11131,CA-36M,"Cavador mangos de acero 45', TRUPER",P402,Cavadores nacionales y Latam,CAVADORES
11973,CA-36,"Cavador mangos de madera 48', TRUPER",P402,Cavadores nacionales y Latam,CAVADORES
11979,CA-38,"Cavador mangos de madera 48', TRUPER EXPERT",P402,Cavadores nacionales y Latam,CAVADORES
11981,CA-38M,"Cavador mangos de acero 47', TRUPER EXPERT",P402,Cavadores nacionales y Latam,CAVADORES
22698,CA-34,"Cavador mangos de madera 48', PRETUL",P402,Cavadores nacionales y Latam,CAVADORES
100174,CA-36F,"Cavador mangos de fibra de vidrio 45', TRUPER",P402,Cavadores nacionales y Latam,CAVADORES
11982,CA-38F,"Cavador mangos de fibra de vidrio 48', TRUPER EXPERT",P402,Cavadores nacionales y Latam,CAVADORES
20643,CA-34F,"Cavador mangos de fibra de vidrio 44', PRETUL",P402,Cavadores nacionales y Latam,CAVADORES
12036,CU-C6,"Cuchilla para cepillo de carpintero # 6, TRUPER",P181,Cepillo (refacciones),CUCHILLAS PARA CEPILLOS Y ESCOCHEBRES
12045,CCU-C6,"Cuchilla y contra para cepillo de carpintero # 6, TRUPER",P181,Cepillo (refacciones),CUCHILLAS PARA CEPILLOS Y ESCOCHEBRES
12033,CU-C4/5,"Cuchilla para cepillo de carpintero # 4 y # 5, TRUPER",P181,Cepillo (refacciones),CUCHILLAS PARA CEPILLOS Y ESCOCHEBRES
12042,CCU-C4/5,Cuchilla y contra para cepillo de carpintero # 4 y # 5,P181,Cepillo (refacciones),CUCHILLAS PARA CEPILLOS Y ESCOCHEBRES
12047,MG-MACE,"Manija de repuesto para cepillos de carpintero, TRUPER",P181,Cepillo (refacciones),CUCHILLAS PARA CEPILLOS Y ESCOCHEBRES
12051,MGPE-CE,"Perilla de madera para cepillos de carpintero, TRUPER",P181,Cepillo (refacciones),CUCHILLAS PARA CEPILLOS Y ESCOCHEBRES
12006,4L,"Cepillo para carpintero #4 base lisa, TRUPER",P029,Cepillos carpintero,CEPILLOS PARA CARPINTERO
12009,4C,"Cepillo para carpintero #4 base estriada, TRUPER",P029,Cepillos carpintero,CEPILLOS PARA CARPINTERO
12012,5L,"Cepillo para carpintero #5 base lisa, TRUPER",P029,Cepillos carpintero,CEPILLOS PARA CARPINTERO
12015,5C,"Cepillo para carpintero #5 base estriada, TRUPER",P029,Cepillos carpintero,CEPILLOS PARA CARPINTERO
12018,6L,"Cepillo para carpintero #6 base lisa, TRUPER",P029,Cepillos carpintero,CEPILLOS PARA CARPINTERO
12021,6C,"Cepillo para carpintero #6 base estriada, TRUPER",P029,Cepillos carpintero,CEPILLOS PARA CARPINTERO
12022,CH-3,"Mini chancla para carpintero, TRUPER",P029,Cepillos carpintero,CEPILLOS PARA CARPINTERO
12024,CH-7,"Cepillo tipo chancla para carpintero, TRUPER",P029,Cepillos carpintero,CEPILLOS PARA CARPINTERO
12028,REP-CH7-2,"Repuesto de cuchilla para cepillo CH-7, TRUPER",P029,Cepillos carpintero,CEPILLOS PARA CARPINTERO
12058,E-9R,"Escochebre recto 9', TRUPER",P029,Cepillos carpintero,CEPILLOS PARA CARPINTERO
12059,E-9C,"Escochebre curvo 9', TRUPER",P029,Cepillos carpintero,CEPILLOS PARA CARPINTERO
12842,REP-E9,"Repuesto de cuchilla para escochebre E-9R, TRUPER",P029,Cepillos carpintero,CEPILLOS PARA CARPINTERO
11539,CEA-18E,Cepillo de alambre 51 pinceles acero al carbono con espátula,P179,Cepillos de alambre,CEPILLOS DE ALAMBRE
11540,CEA-10,"Cepillo de alambre curvo anti-chispa, acero latonado, TRUPER",P179,Cepillos de alambre,CEPILLOS DE ALAMBRE
11556,CEA-36,"Cepillo de alambre 114 pinceles,rectangular sin mango,TRUPER",P179,Cepillos de alambre,CEPILLOS DE ALAMBRE
11562,CEA-72,"Cepillo de alambre 180 pinceles,rectangular sin mango,TRUPER",P179,Cepillos de alambre,CEPILLOS DE ALAMBRE
12655,CEA-82,"Cepillo de alambre 172 pinceles,rectangular con mango,TRUPER",P179,Cepillos de alambre,CEPILLOS DE ALAMBRE
10652,JCEA-3,"Juego de 3 minicepillos de alambre 28 pinceles, TRUPER",P179,Cepillos de alambre,CEPILLOS DE ALAMBRE
10656,CEA-54I,"Cepillo de alambre 64 pinceles de acero inoxidable, TRUPER",P179,Cepillos de alambre,CEPILLOS DE ALAMBRE
11553,CEA-18,"Cepillo de alambre 51 pinceles de acero al carbono, TRUPER",P179,Cepillos de alambre,CEPILLOS DE ALAMBRE
11559,CEA-54,"Cepillo de alambre 64 pinceles de acero al carbono, TRUPER",P179,Cepillos de alambre,CEPILLOS DE ALAMBRE
20653,CEA-54P,"Cepillo de alambre 64 pinceles de acero al carbono, PRETUL",P179,Cepillos de alambre,CEPILLOS DE ALAMBRE
43499,CB-30,"Cerradura de barra fija, cilindro exterior, HERMEX",P167,Cerraduras de barra,CERRADURAS Y CERROJOS
43500,CB-35,"Cerradura de barra libre con 2 llaves estándar, HERMEX",P167,Cerraduras de barra,CERRADURAS Y CERROJOS
43505,CB-40D,"Cerradura de barra fija, derecha, HERMEX",P167,Cerraduras de barra,CERRADURAS Y CERROJOS
43506,CB-40DB,"Cerradura de barra fija, derecha, blíster, HERMEX",P167,Cerraduras de barra,CERRADURAS Y CERROJOS
43507,CB-40I,"Cerradura de barra fija, izquierda, HERMEX",P167,Cerraduras de barra,CERRADURAS Y CERROJOS
43508,CB-40IB,"Cerradura de barra fija, izquierda, blíster, HERMEX",P167,Cerraduras de barra,CERRADURAS Y CERROJOS
43509,CB-50D,"Cerradura de barra fija, llave tetra, derecha, HERMEX",P167,Cerraduras de barra,CERRADURAS Y CERROJOS
43510,CB-50DB,"Cerradura de barra fija, llave tetra, derecha, blíster",P167,Cerraduras de barra,CERRADURAS Y CERROJOS
43511,CB-50IB,"Cerradura de barra fija, llave tetra, izquierda, blíster",P167,Cerraduras de barra,CERRADURAS Y CERROJOS
43512,CB-50I,"Cerradura de barra fija, llave tetra, izquierda, HERMEX",P167,Cerraduras de barra,CERRADURAS Y CERROJOS
43516,CB-45D,"Cerradura de barra libre, derecha, HERMEX",P167,Cerraduras de barra,CERRADURAS Y CERROJOS
43517,CB-45DB,"Cerradura de barra libre, derecha, blíster, HERMEX",P167,Cerraduras de barra,CERRADURAS Y CERROJOS
43518,CB-45I,"Cerradura de barra libre, izquierda, HERMEX",P167,Cerraduras de barra,CERRADURAS Y CERROJOS
43519,CB-45IB,"Cerradura de barra libre, izquierda, blíster, HERMEX",P167,Cerraduras de barra,CERRADURAS Y CERROJOS
45580,CB-456I,"Cerradura de barra libre, izquierda, negra HERMEX",P167,Cerraduras de barra,CERRADURAS Y CERROJOS
45584,CB-456D,"Cerradura de barra libre, derecha, negra, HERMEX",P167,Cerraduras de barra,CERRADURAS Y CERROJOS
43501,CB-32,"Cerradura doble barra, doble cerrojo, HERMEX",P167,Cerraduras de barra,CERRADURAS Y CERROJOS
20032,CEMA-1RB,"Cerradura manija 'Milán' recámara latón brillante, cil metal",P164,Cerraduras de manija,CERRADURAS Y CERROJOS
20033,CEMA-1BB,"Cerradura manija 'Milán' baño latón brillante, cil metal",P164,Cerraduras de manija,CERRADURAS Y CERROJOS
20034,CEMA-2RB,"Cerradura manija 'Milán' recámara latón antiguo, cil metal",P164,Cerraduras de manija,CERRADURAS Y CERROJOS
20035,CEMA-2BB,"Cerradura manija 'Milán' baño latón antiguo, cil metal",P164,Cerraduras de manija,CERRADURAS Y CERROJOS
20036,CEMA-3RB,"Cerradura manija 'Milán' recámara cromo mate, cil metal",P164,Cerraduras de manija,CERRADURAS Y CERROJOS
20037,CEMA-3BB,"Cerradura manija 'Milán' baño cromo mate, cilindro metal",P164,Cerraduras de manija,CERRADURAS Y CERROJOS
28153,CEMA-6RB,"Cerradura manija 'Milán' p/recámara, negro, cil latón, BASIC",P164,Cerraduras de manija,CERRADURAS Y CERROJOS
28154,CEMA-6BB,"Cerradura manija 'Milán' p/baño, negro, cil latón, BASIC",P164,Cerraduras de manija,CERRADURAS Y CERROJOS
43653,CEMA-3B,"Cerradura manija 'Turín' p/baño cromo mate, cil latón",P164,Cerraduras de manija,CERRADURAS Y CERROJOS
43654,CEMA-3R,"Cerradura manija 'Turín' p/recámara cromo mate, cil latón",P164,Cerraduras de manija,CERRADURAS Y CERROJOS
43658,CEMA-1B,"Cerradura manija 'Turín' p/baño láton brillante, cil latón",P164,Cerraduras de manija,CERRADURAS Y CERROJOS
43995,CEMA-24R,"Cerradura manija 'Módena' p/recámara, níquel satinado,HERMEX",P164,Cerraduras de manija,CERRADURAS Y CERROJOS
43996,CEMA-24B,"Cerradura manija 'Módena' p/baño, níquel satinado, HERMEX",P164,Cerraduras de manija,CERRADURAS Y CERROJOS
43997,CEMA-14R,"Cerradura manija 'Siena' p/recámara, níquel satinado, HERMEX",P164,Cerraduras de manija,CERRADURAS Y CERROJOS
43998,CEMA-14B,"Cerradura manija 'Siena' p/baño, níquel satinado, HERMEX",P164,Cerraduras de manija,CERRADURAS Y CERROJOS
43999,CEMA-4R,"Cerradura manija 'Turín' p/recámara níquel satinado, HERMEX",P164,Cerraduras de manija,CERRADURAS Y CERROJOS
44034,CEMA-4B,"Cerradura manija 'Turín' p/baño níquel satinado, HERMEX",P164,Cerraduras de manija,CERRADURAS Y CERROJOS
45333,CEMA-23R,"Cerradura manija 'Módena' p/recámara, cromo mate, HERMEX",P164,Cerraduras de manija,CERRADURAS Y CERROJOS
45334,CEMA-23B,"Cerradura manija 'Módena' p/baño, cromo mate, HERMEX",P164,Cerraduras de manija,CERRADURAS Y CERROJOS
45335,CEMA-26R,"Cerradura manija 'Módena' p/recámara, negro mate, HERMEX",P164,Cerraduras de manija,CERRADURAS Y CERROJOS
45337,CEMA-26B,"Cerradura manija 'Módena' p/baño, negro mate, HERMEX",P164,Cerraduras de manija,CERRADURAS Y CERROJOS
47421,CEMA-11R,"Cerradura manija 'Siena' p/recámara, latón brillante, HERMEX",P164,Cerraduras de manija,CERRADURAS Y CERROJOS
47422,CEMA-11B,"Cerradura manija 'Siena' p/baño, latón brillante, HERMEX",P164,Cerraduras de manija,CERRADURAS Y CERROJOS
47423,CEMA-13R,"Cerradura manija 'Siena' p/recámara cromo mate, HERMEX",P164,Cerraduras de manija,CERRADURAS Y CERROJOS
48412,CEMA-13B,"Cerradura manija 'Siena' p/baño, cromo mate, HERMEX",P164,Cerraduras de manija,CERRADURAS Y CERROJOS
48430,CEMA-12B,"Cerradura manija 'Siena' p/baño, latón antiguo, HERMEX",P164,Cerraduras de manija,CERRADURAS Y CERROJOS
48431,CEMA-16R,"Cerradura manija 'Siena' p/recámara, negro mate, HERMEX",P164,Cerraduras de manija,CERRADURAS Y CERROJOS
49419,CEMA-12R,"Cerradura manija 'Siena' p/recámara, latón antiguo, HERMEX",P164,Cerraduras de manija,CERRADURAS Y CERROJOS
49429,CEMA-16B,"Cerradura manija 'Siena' p/baño, negro mate, HERMEX",P164,Cerraduras de manija,CERRADURAS Y CERROJOS
49852,CEMA-6R,"Cerradura manija 'Turín' p/recámara, negro, cilindro latón",P164,Cerraduras de manija,CERRADURAS Y CERROJOS
49853,CEMA-6B,"Cerradura de manija 'Turín' p/baño, negro, cilindro latón",P164,Cerraduras de manija,CERRADURAS Y CERROJOS
43659,CEMA-1R,"Cerradura manija 'Turín', recámara latón brillante,cil latón",P164,Cerraduras de manija,CERRADURAS Y CERROJOS
43660,CEMA-2B,"Cerradura manija 'Turín' p/baño latón antiguo, cil latón",P164,Cerraduras de manija,CERRADURAS Y CERROJOS
43661,CEMA-2R,"Cerradura manija 'Turín' p/recámara latón antiguo, cil latón",P164,Cerraduras de manija,CERRADURAS Y CERROJOS
43904,CEMB-704E,"Cerradura de embutir 4 bulones, llave de puntos, HERMEX",P164,Cerraduras de manija,CERRADURAS Y CERROJOS
43909,CILE-704,"Cilindro Europeo de 70mm,llave-llave, HERMEX",P164,Cerraduras de manija,CERRADURAS Y CERROJOS
23560,BAL-LB-EP,"Cerradura tipo esfera, cilíndrico, entrada, brillante, BASIC",P031,Cerraduras de pomo y cerrojos,CERRADURAS Y CERROJOS
23561,BAL-LA-EP,"Cerradura tipo esfera, cilíndrico, entrada, antiguo, BASIC",P031,Cerraduras de pomo y cerrojos,CERRADURAS Y CERROJOS
23562,BAL-CM-EP,"Cerradura tipo esfera, cilíndrico, entrada, cromo, BASIC",P031,Cerraduras de pomo y cerrojos,CERRADURAS Y CERROJOS
23563,BAL-LB-RP,"Cerradura tipo esfera cilíndrico, recámara, brillante, BASIC",P031,Cerraduras de pomo y cerrojos,CERRADURAS Y CERROJOS
23564,BAL-LA-RP,"Cerradura tipo esfera, cilíndrico, recámara, antiguo, BASIC",P031,Cerraduras de pomo y cerrojos,CERRADURAS Y CERROJOS
23565,BAL-CM-RP,"Cerradura tipo esfera, cilíndrico, recámara, cromo, BASIC",P031,Cerraduras de pomo y cerrojos,CERRADURAS Y CERROJOS
23566,BAL-LB-BP,"Cerradura tipo esfera, cilíndrico, baño, brillante, BASIC",P031,Cerraduras de pomo y cerrojos,CERRADURAS Y CERROJOS
23567,BAL-LA-BP,"Cerradura tipo esfera, cilíndrico, baño, antiguo, BASIC",P031,Cerraduras de pomo y cerrojos,CERRADURAS Y CERROJOS
23568,BAL-CM-BP,"Cerradura tipo esfera, cilíndrico, baño, cromo, HERMEX BASIC",P031,Cerraduras de pomo y cerrojos,CERRADURAS Y CERROJOS
23613,CERO-11P,"Cerrojo llave-mariposa, latón brillante, tradicional, BASIC",P031,Cerraduras de pomo y cerrojos,CERRADURAS Y CERROJOS
23616,CMB-11P,"Combo cerraduras, llave-mariposa, L.brillante, HERMEX BASIC",P031,Cerraduras de pomo y cerrojos,CERRADURAS Y CERROJOS
23617,CMB-21P,"Combo cerraduras, llave-mariposa, latón antiguo HERMEX BASIC",P031,Cerraduras de pomo y cerrojos,CERRADURAS Y CERROJOS
23618,CMB-31P,"Combo cerraduras, llave-mariposa, cromo, HERMEX BASIC",P031,Cerraduras de pomo y cerrojos,CERRADURAS Y CERROJOS
23655,BALT-LB-EP,"Cerradura tipo esfera, tubular, entrada, brillante, BASIC",P031,Cerraduras de pomo y cerrojos,CERRADURAS Y CERROJOS
23656,BALT-LA-EP,"Cerradura tipo esfera, tubular, entrada, antiguo, BASIC",P031,Cerraduras de pomo y cerrojos,CERRADURAS Y CERROJOS
23657,BALT-CM-EP,"Cerradura tipo esfera, tubular, entrada, cromo, HERMEX BASIC",P031,Cerraduras de pomo y cerrojos,CERRADURAS Y CERROJOS
23658,BALT-LB-RP,"Cerradura tipo esfera, recámara, tubular, brillante, BASIC",P031,Cerraduras de pomo y cerrojos,CERRADURAS Y CERROJOS
23659,BALT-LA-RP,"Cerradura tipo esfera, tubular, recámara, antiguo, BASIC",P031,Cerraduras de pomo y cerrojos,CERRADURAS Y CERROJOS
23660,BALT-CM-RP,"Cerradura tipo esfera, tubular, recámara, cromo, BASIC",P031,Cerraduras de pomo y cerrojos,CERRADURAS Y CERROJOS
23661,BALT-LB-BP,"Cerradura tipo esfera, tubular, baño, brillante, BASIC",P031,Cerraduras de pomo y cerrojos,CERRADURAS Y CERROJOS
23662,BALT-LA-BP,"Cerradura tipo esfera, tubular, baño, antiguo, HERMEX BASIC",P031,Cerraduras de pomo y cerrojos,CERRADURAS Y CERROJOS
23663,BALT-CM-BP,"Cerradura tipo esfera, tubular, baño, cromo, HERMEX BASIC",P031,Cerraduras de pomo y cerrojos,CERRADURAS Y CERROJOS
26175,BALT-NE-EP,"Cerradura esfera tubular, entrada, negro, HERMEX BASIC",P031,Cerraduras de pomo y cerrojos,CERRADURAS Y CERROJOS
26176,BALT-NE-RP,"Cerradura esfera tubular, recámara, negro, HERMEX BASIC",P031,Cerraduras de pomo y cerrojos,CERRADURAS Y CERROJOS
26177,BALT-NE-BP,"Cerradura esfera tubular, baño, negro, HERMEX BASIC",P031,Cerraduras de pomo y cerrojos,CERRADURAS Y CERROJOS
26178,BALT-NE-EPB,"Cerradura esfera tubular, entrada, negro, blíster, BASIC",P031,Cerraduras de pomo y cerrojos,CERRADURAS Y CERROJOS
26179,BALT-NE-RPB,"Cerradura esfera tubular, recámara, negro, blíster, BASIC",P031,Cerraduras de pomo y cerrojos,CERRADURAS Y CERROJOS
26180,BALT-NE-BPB,"Cerradura esfera tubular, baño, negro, blíster, BASIC",P031,Cerraduras de pomo y cerrojos,CERRADURAS Y CERROJOS
28048,BAL-LB-EPB,"Cerradura esfera cilíndrico, entrada, brillante, blíster, HB",P031,Cerraduras de pomo y cerrojos,CERRADURAS Y CERROJOS
28049,BAL-LA-EPB,"Cerradura esfera cilíndrico, entrada, antiguo, blíster, HB",P031,Cerraduras de pomo y cerrojos,CERRADURAS Y CERROJOS
28050,BAL-CM-EPB,"Cerradura esfera cilíndrico, entrada, cromo, blíster, BASIC",P031,Cerraduras de pomo y cerrojos,CERRADURAS Y CERROJOS
28051,BAL-LB-RPB,"Cerradura esfera cilíndrico, recámara, brillante, blíster,HB",P031,Cerraduras de pomo y cerrojos,CERRADURAS Y CERROJOS
28052,BAL-LA-RPB,"Cerradura esfera cilíndrico, recámara, antiguo, blíster, HB",P031,Cerraduras de pomo y cerrojos,CERRADURAS Y CERROJOS
28053,BAL-CM-RPB,"Cerradura esfera cilíndrico, recámara, cromo, blíster, BASIC",P031,Cerraduras de pomo y cerrojos,CERRADURAS Y CERROJOS
28054,BAL-LB-BPB,"Cerradura esfera cilíndrico, baño, brillante, blíster, BASIC",P031,Cerraduras de pomo y cerrojos,CERRADURAS Y CERROJOS
28055,BAL-LA-BPB,"Cerradura esfera cilíndrico, baño, antiguo, blíster, BASIC",P031,Cerraduras de pomo y cerrojos,CERRADURAS Y CERROJOS
28056,BAL-CM-BPB,"Cerradura esfera cilíndrico, baño, cromo, blíster, BASIC",P031,Cerraduras de pomo y cerrojos,CERRADURAS Y CERROJOS
28067,BALT-LB-EPB,"Cerradura esfera tubular, entrada, brillante, blíster, BASIC",P031,Cerraduras de pomo y cerrojos,CERRADURAS Y CERROJOS
28068,BALT-LA-EPB,"Cerradura esfera tubular, entrada, antiguo, blíster, BASIC",P031,Cerraduras de pomo y cerrojos,CERRADURAS Y CERROJOS
28069,BALT-CM-EPB,"Cerradura esfera tubular, entrada, cromo, blíster, BASIC",P031,Cerraduras de pomo y cerrojos,CERRADURAS Y CERROJOS
28070,BALT-LB-RPB,"Cerradura esfera tubular, recámara,brillante, blíster, BASIC",P031,Cerraduras de pomo y cerrojos,CERRADURAS Y CERROJOS
28071,BALT-LA-RPB,"Cerradura esfera tubular, recámara, antiguo, blíster, BASIC",P031,Cerraduras de pomo y cerrojos,CERRADURAS Y CERROJOS
28072,BALT-CM-RPB,"Cerradura esfera tubular, recámara, cromo, blíster, BASIC",P031,Cerraduras de pomo y cerrojos,CERRADURAS Y CERROJOS
28073,BALT-LB-BPB,"Cerradura esfera tubular, baño, brillante, blíster, BASIC",P031,Cerraduras de pomo y cerrojos,CERRADURAS Y CERROJOS
28074,BALT-LA-BPB,"Cerradura esfera tubular, baño, antiguo, blíster, BASIC",P031,Cerraduras de pomo y cerrojos,CERRADURAS Y CERROJOS
28075,BALT-CM-BPB,"Cerradura esfera tubular, baño, cromo, blíster, HERMEX BASIC",P031,Cerraduras de pomo y cerrojos,CERRADURAS Y CERROJOS
28137,BAL-NE-EP,"Cerradura tipo esfera, cilíndrico, entrada, negro, BASIC",P031,Cerraduras de pomo y cerrojos,CERRADURAS Y CERROJOS
28138,BAL-NE-RP,"Cerradura tipo esfera, cilíndrico, recámara, negro, BASIC",P031,Cerraduras de pomo y cerrojos,CERRADURAS Y CERROJOS
28139,BAL-NE-BP,"Cerradura tipo esfera, cilíndrico, baño, negro, BASIC",P031,Cerraduras de pomo y cerrojos,CERRADURAS Y CERROJOS
28140,BAL-NE-EPB,"Cerradura esfera, cil, entrada, negro, blíster, BASIC",P031,Cerraduras de pomo y cerrojos,CERRADURAS Y CERROJOS
28141,BAL-NE-RPB,"Cerradura esfera, cil, recámara, negro, blíster, BASIC",P031,Cerraduras de pomo y cerrojos,CERRADURAS Y CERROJOS
28142,BAL-NE-BPB,"Cerradura esfera, cil, baño, negro, blíster, BASIC",P031,Cerraduras de pomo y cerrojos,CERRADURAS Y CERROJOS
28143,CMB-61P,"Combo cerraduras, llave-mariposa, Negro, HERMEX BASIC",P031,Cerraduras de pomo y cerrojos,CERRADURAS Y CERROJOS
43450,CEPO-32B,"Cerradura tipo oval para baño, cromo mate, HERMEX",P031,Cerraduras de pomo y cerrojos,CERRADURAS Y CERROJOS
43451,CEPO-32E,"Cerradura tipo oval para entrada, cromo mate, HERMEX",P031,Cerraduras de pomo y cerrojos,CERRADURAS Y CERROJOS
43452,CEPO-32R,"Cerradura tipo oval para recámara, cromo mate, HERMEX",P031,Cerraduras de pomo y cerrojos,CERRADURAS Y CERROJOS
43453,CEPO-22B,"Cerradura tipo oval para baño, latón antiguo, HERMEX",P031,Cerraduras de pomo y cerrojos,CERRADURAS Y CERROJOS
43454,CEPO-22E,"Cerradura tipo oval para entrada, latón antiguo, HERMEX",P031,Cerraduras de pomo y cerrojos,CERRADURAS Y CERROJOS
43455,CEPO-22R,"Cerradura tipo oval para recámara, latón antiguo, HERMEX",P031,Cerraduras de pomo y cerrojos,CERRADURAS Y CERROJOS
43456,CEPO-12B,"Cerradura tipo oval para baño, latón brillante, HERMEX",P031,Cerraduras de pomo y cerrojos,CERRADURAS Y CERROJOS
43457,CEPO-12E,"Cerradura tipo oval para entrada, latón brillante, HERMEX",P031,Cerraduras de pomo y cerrojos,CERRADURAS Y CERROJOS
43458,CEPO-12R,"Cerradura tipo oval para recámara, latón brillante, HERMEX",P031,Cerraduras de pomo y cerrojos,CERRADURAS Y CERROJOS
43462,CEPO-31B,"Cerradura tipo esfera para baño, cromo mate, HERMEX",P031,Cerraduras de pomo y cerrojos,CERRADURAS Y CERROJOS
43463,CEPO-31E,"Cerradura tipo esfera para entrada, cromo mate, HERMEX",P031,Cerraduras de pomo y cerrojos,CERRADURAS Y CERROJOS
43464,CEPO-31R,"Cerradura tipo esfera para recámara, cromo mate, HERMEX",P031,Cerraduras de pomo y cerrojos,CERRADURAS Y CERROJOS
43468,CEPO-21B,"Cerradura tipo esfera para baño, latón antiguo, HERMEX",P031,Cerraduras de pomo y cerrojos,CERRADURAS Y CERROJOS
43469,CEPO-21E,"Cerradura tipo esfera para entrada, latón antiguo, HERMEX",P031,Cerraduras de pomo y cerrojos,CERRADURAS Y CERROJOS
43470,CEPO-21R,"Cerradura tipo esfera para recámara, latón antiguo, HERMEX",P031,Cerraduras de pomo y cerrojos,CERRADURAS Y CERROJOS
43471,CEPO-11B,"Cerradura tipo esfera para baño, latón brillante, HERMEX",P031,Cerraduras de pomo y cerrojos,CERRADURAS Y CERROJOS
43472,CEPO-11E,"Cerradura tipo esfera para entrada, latón brillante, HERMEX",P031,Cerraduras de pomo y cerrojos,CERRADURAS Y CERROJOS
43473,CEPO-11R,"Cerradura tipo esfera para recámara, latón brillante, HERMEX",P031,Cerraduras de pomo y cerrojos,CERRADURAS Y CERROJOS
44052,CEPO-42E,"Cerradura tipo oval para entrada, níquel satín, HERMEX",P031,Cerraduras de pomo y cerrojos,CERRADURAS Y CERROJOS
44057,CEPO-42R,"Cerradura tipo oval para recámara, níquel satín, HERMEX",P031,Cerraduras de pomo y cerrojos,CERRADURAS Y CERROJOS
44058,CEPO-42B,"Cerradura tipo oval para baño, níquel satín, HERMEX",P031,Cerraduras de pomo y cerrojos,CERRADURAS Y CERROJOS
44059,CEPO-41E,"Cerradura tipo esfera para entrada, níquel satín, HERMEX",P031,Cerraduras de pomo y cerrojos,CERRADURAS Y CERROJOS
44064,CEPO-41R,"Cerradura tipo esfera para recámara, níquel satín, HERMEX",P031,Cerraduras de pomo y cerrojos,CERRADURAS Y CERROJOS
44065,CEPO-41B,"Cerradura tipo esfera para baño, níquel satín, HERMEX",P031,Cerraduras de pomo y cerrojos,CERRADURAS Y CERROJOS
47909,CEPO-61E,"Cerradura pomo, negro, esfera, entrada, HERMEX",P031,Cerraduras de pomo y cerrojos,CERRADURAS Y CERROJOS
47910,CEPO-61R,"Cerradura pomo, negro, esfera, recámara, HERMEX",P031,Cerraduras de pomo y cerrojos,CERRADURAS Y CERROJOS
47911,CEPO-61B,"Cerradura pomo, negro, esfera, baño, HERMEX",P031,Cerraduras de pomo y cerrojos,CERRADURAS Y CERROJOS
47912,CEPO-62E,"Cerradura pomo, negro, oval, entrada, HERMEX",P031,Cerraduras de pomo y cerrojos,CERRADURAS Y CERROJOS
47913,CEPO-62R,"Cerradura pomo, negro, oval, recámara, HERMEX",P031,Cerraduras de pomo y cerrojos,CERRADURAS Y CERROJOS
47914,CEPO-62B,"Cerradura pomo, negro, oval, baño, HERMEX",P031,Cerraduras de pomo y cerrojos,CERRADURAS Y CERROJOS
23614,CERO-31P,"Cerrojo llave-mariposa, cromo mate, llave tradicional, BASIC",P031,Cerraduras de pomo y cerrojos,CERRADURAS Y CERROJOS
23615,CERO-21P,"Cerrojo llave-mariposa,latón antiguo,llave tradicional,BASIC",P031,Cerraduras de pomo y cerrojos,CERRADURAS Y CERROJOS
23619,CMB-12P,"Combo cerraduras, llave-llave, latón brillante, HERMEX BASIC",P031,Cerraduras de pomo y cerrojos,CERRADURAS Y CERROJOS
23620,CMB-22P,"Combo cerraduras, llave-llave, latón antiguo, HERMEX BASIC",P031,Cerraduras de pomo y cerrojos,CERRADURAS Y CERROJOS
23621,CMB-32P,"Combo cerraduras, llave-llave, cromo, HERMEX BASIC",P031,Cerraduras de pomo y cerrojos,CERRADURAS Y CERROJOS
26067,CERO-61P,"Cerrojo llave-mariposa, negro mate, llave tradicional, BASIC",P031,Cerraduras de pomo y cerrojos,CERRADURAS Y CERROJOS
28144,CMB-62P,"Combo cerraduras, llave-llave, negro, HERMEX BASIC",P031,Cerraduras de pomo y cerrojos,CERRADURAS Y CERROJOS
43591,CERO-11,"Cerrojo llave-mariposa latón brillante, llave puntos, HERMEX",P031,Cerraduras de pomo y cerrojos,CERRADURAS Y CERROJOS
43596,CERO-21,"Cerrojo llave-mariposa latón antiguo, llave puntos, HERMEX",P031,Cerraduras de pomo y cerrojos,CERRADURAS Y CERROJOS
43601,CERO-31,"Cerrojo llave-mariposa cromo mate, llave puntos, HERMEX",P031,Cerraduras de pomo y cerrojos,CERRADURAS Y CERROJOS
44036,CERO-41,"Cerrojo llave-mariposa níquel satinado, llave puntos, HERMEX",P031,Cerraduras de pomo y cerrojos,CERRADURAS Y CERROJOS
49224,CERO-61,"Cerrojo llave-mariposa negro, llave puntos, HERMEX",P031,Cerraduras de pomo y cerrojos,CERRADURAS Y CERROJOS
23610,CERO-12P,"Cerrojo llave-llave, latón brillante,llave tradicional,BASIC",P031,Cerraduras de pomo y cerrojos,CERRADURAS Y CERROJOS
23611,CERO-32P,"Cerrojo llave-llave, cromo mate, llave tradicional, BASIC",P031,Cerraduras de pomo y cerrojos,CERRADURAS Y CERROJOS
23612,CERO-22P,"Cerrojo llave-llave, latón antiguo, llave tradicional, BASIC",P031,Cerraduras de pomo y cerrojos,CERRADURAS Y CERROJOS
26066,CERO-62P,"Cerrojo llave-llave, negro mate, llave tradicional, BASIC",P031,Cerraduras de pomo y cerrojos,CERRADURAS Y CERROJOS
43592,CERO-12,"Cerrojo llave-llave latón brillante, llave puntos, HERMEX",P031,Cerraduras de pomo y cerrojos,CERRADURAS Y CERROJOS
43597,CERO-22,"Cerrojo llave-llave latón antiguo, llave puntos, HERMEX",P031,Cerraduras de pomo y cerrojos,CERRADURAS Y CERROJOS
43602,CERO-32,"Cerrojo llave-llave cromo mate, llave puntos, HERMEX",P031,Cerraduras de pomo y cerrojos,CERRADURAS Y CERROJOS
44035,CERO-42,"Cerrojo llave-llave níquel satinado, llave puntos, HERMEX",P031,Cerraduras de pomo y cerrojos,CERRADURAS Y CERROJOS
49223,CERO-62,"Cerrojo llave-llave negro, llave puntos, HERMEX",P031,Cerraduras de pomo y cerrojos,CERRADURAS Y CERROJOS
27046,CS-75IP,"Cerradura sobreponer izq instala-fácil, caja, HERMEX BASIC",P032,Cerraduras de sobreponer,CERRADURAS Y CERROJOS
27047,CS-75DP,"Cerradura sobreponer der instala-fácil, caja, HERMEX BASIC",P032,Cerraduras de sobreponer,CERRADURAS Y CERROJOS
27048,CS-75IBP,"Cerradura sobreponer izq instala-fácil, blíster, BASIC",P032,Cerraduras de sobreponer,CERRADURAS Y CERROJOS
27049,CS-75DBP,"Cerradura sobreponer der instala-fácil, blíster, BASIC",P032,Cerraduras de sobreponer,CERRADURAS Y CERROJOS
43482,CS-90D,"Cerradura sobreponer der 2 barras clásica, llave tradicional",P032,Cerraduras de sobreponer,CERRADURAS Y CERROJOS
43483,CS-90I,"Cerradura sobreponer izq 2 barras clásica, llave tradicional",P032,Cerraduras de sobreponer,CERRADURAS Y CERROJOS
43484,CS-92,"Cerradura sobreponer 2 barras instala-fácil, llave puntos",P032,Cerraduras de sobreponer,CERRADURAS Y CERROJOS
43488,CS-93,"Cerradura sobreponer 3 barras instala-fácil, llave puntos",P032,Cerraduras de sobreponer,CERRADURAS Y CERROJOS
43489,CS-95I,"Cerradura sobreponer, puerta corrediza, instala-fácil, izq.",P032,Cerraduras de sobreponer,CERRADURAS Y CERROJOS
43490,CS-95D,"Cerradura sobreponer, puerta corrediza, instala-fácil, der.",P032,Cerraduras de sobreponer,CERRADURAS Y CERROJOS
43492,CS-60D,"Cerradura sobreponer, puerta corrediza, mariposa, derecha",P032,Cerraduras de sobreponer,CERRADURAS Y CERROJOS
43493,CS-65D,"Cerradura sobreponer, puerta corrediza, clásica, derecha",P032,Cerraduras de sobreponer,CERRADURAS Y CERROJOS
43494,CS-60I,"Cerradura sobreponer, puerta corrediza, mariposa, izquierda",P032,Cerraduras de sobreponer,CERRADURAS Y CERROJOS
43495,CS-65I,"Cerradura sobreponer, puerta corrediza, clásica, izquierda",P032,Cerraduras de sobreponer,CERRADURAS Y CERROJOS
43528,CS-80D,"Cerradura sobreponer derecha clásica, llave tetra, caja",P032,Cerraduras de sobreponer,CERRADURAS Y CERROJOS
43529,CS-80DB,"Cerradura sobreponer derecha clásica, llave tetra, blíster",P032,Cerraduras de sobreponer,CERRADURAS Y CERROJOS
43530,CS-80I,"Cerradura sobreponer izquierda clásica, llave tetra, caja",P032,Cerraduras de sobreponer,CERRADURAS Y CERROJOS
43531,CS-80IB,"Cerradura sobreponer izquierda clásica, llave tetra, blíster",P032,Cerraduras de sobreponer,CERRADURAS Y CERROJOS
43573,CS-70I,"Cerradura sobreponer izq clásica, llave tradicional, caja",P032,Cerraduras de sobreponer,CERRADURAS Y CERROJOS
43574,CS-70D,"Cerradura sobreponer der clásica, llave tradicional, caja",P032,Cerraduras de sobreponer,CERRADURAS Y CERROJOS
43575,CS-75I,"Cerradura sobreponer izq instala-fácil, tradicional, caja",P032,Cerraduras de sobreponer,CERRADURAS Y CERROJOS
43576,CS-75D,"Cerradura sobreponer der instala-fácil, tradicional, caja",P032,Cerraduras de sobreponer,CERRADURAS Y CERROJOS
43577,CS-85I,"Cerradura sobreponer izq instala-fácil, llave tetra, caja",P032,Cerraduras de sobreponer,CERRADURAS Y CERROJOS
43578,CS-85D,"Cerradura sobreponer der instala-fácil, llave tetra, caja",P032,Cerraduras de sobreponer,CERRADURAS Y CERROJOS
43582,CS-70IB,"Cerradura sobreponer izq clásica, llave tradicional, blíster",P032,Cerraduras de sobreponer,CERRADURAS Y CERROJOS
43583,CS-70DB,"Cerradura sobreponer der clásica, llave tradicional, blíster",P032,Cerraduras de sobreponer,CERRADURAS Y CERROJOS
43584,CS-75IB,"Cerradura sobreponer izq instala-fácil, tradicional, blíster",P032,Cerraduras de sobreponer,CERRADURAS Y CERROJOS
43585,CS-75DB,"Cerradura sobreponer der instala-fácil, tradicional, blíster",P032,Cerraduras de sobreponer,CERRADURAS Y CERROJOS
43586,CS-85IB,"Cerradura sobreponer izq instala-fácil, llave tetra, blíster",P032,Cerraduras de sobreponer,CERRADURAS Y CERROJOS
43587,CS-85DB,"Cerradura sobreponer der instala-fácil, llave tetra, blíster",P032,Cerraduras de sobreponer,CERRADURAS Y CERROJOS
43588,CS-75DC,"Cerradura sobreponer der instala-fácil, cromada, tradicional",P032,Cerraduras de sobreponer,CERRADURAS Y CERROJOS
43589,CS-75IC,"Cerradura sobreponer izq instala-fácil, cromada, tradicional",P032,Cerraduras de sobreponer,CERRADURAS Y CERROJOS
46559,CS-75IQ,"Cerradura sobreponer izq instala-fácil, llave puntos, caja",P032,Cerraduras de sobreponer,CERRADURAS Y CERROJOS
46600,CS-75DQ,"Cerradura sobreponer der instala-fácil, llave puntos, caja",P032,Cerraduras de sobreponer,CERRADURAS Y CERROJOS
46699,CS-75IQB,"Cerradura sobreponer izq instala-fácil, llave puntos,blíster",P032,Cerraduras de sobreponer,CERRADURAS Y CERROJOS
47977,CEM-32I,"Cerradura electromecánica con botón, izquierda, HERMEX",P032,Cerraduras de sobreponer,CERRADURAS Y CERROJOS
47978,CEM-31D,"Cerradura electromecánica sin botón, derecha, HERMEX",P032,Cerraduras de sobreponer,CERRADURAS Y CERROJOS
47979,CEM-32D,"Cerradura electromecánica con botón, derecha, HERMEX",P032,Cerraduras de sobreponer,CERRADURAS Y CERROJOS
47980,TRANS-CEM,"Transformador para cerradura electromecánica, HERMEX",P032,Cerraduras de sobreponer,CERRADURAS Y CERROJOS
48368,CS-756I,"Cerradura sobreponer izq instala-fácil, tradicional, negro",P032,Cerraduras de sobreponer,CERRADURAS Y CERROJOS
48369,CS-756D,"Cerradura sobreponer der instala-fácil, tradicional, negro",P032,Cerraduras de sobreponer,CERRADURAS Y CERROJOS
49093,CD-26,"Cerrojo Digital tubular color negro, HERMEX",P032,Cerraduras de sobreponer,CERRADURAS Y CERROJOS
49740,CS-75DQB,"Cerradura sobreponer der instala-fácil, llave puntos,blíster",P032,Cerraduras de sobreponer,CERRADURAS Y CERROJOS
23671,CEP-11PJP,"Jaladera y perilla, Berna llave-mariposa ,LB, BASIC",P030,Cerraduras para entrada principal,CERRADURAS Y CERROJOS
23673,CEP-21PJP,"Jaladera y perilla, Berna llave-mariposa, LA, BASIC",P030,Cerraduras para entrada principal,CERRADURAS Y CERROJOS
23675,CEP-31PJP,"Jaladera y perilla, Berna llave-mariposa, cromo mate, BASIC",P030,Cerraduras para entrada principal,CERRADURAS Y CERROJOS
23676,CEP-11JJP,"Doble jaladera y perilla, Berna mariposa, LB, BASIC",P030,Cerraduras para entrada principal,CERRADURAS Y CERROJOS
23677,CEP-21JJP,"Doble jaladera y perilla, Berna mariposa, LA, BASIC",P030,Cerraduras para entrada principal,CERRADURAS Y CERROJOS
23678,CEP-31JJP,"Doble jaladera y perilla, Berna mariposa, cromo mate, BASIC",P030,Cerraduras para entrada principal,CERRADURAS Y CERROJOS
27239,CEP-61PJP,"Jaladera y perilla, Berna llave-mariposa, negro, BASIC",P030,Cerraduras para entrada principal,CERRADURAS Y CERROJOS
27240,CEP-61JJP,"Doble jaladera y perilla, Berna mariposa, negro, BASIC",P030,Cerraduras para entrada principal,CERRADURAS Y CERROJOS
43021,CEP-11PJ,"Jaladera/perilla, Lugo llave-mariposa,Latón Brillante,HERMEX",P030,Cerraduras para entrada principal,CERRADURAS Y CERROJOS
43023,CEP-21PJ,"Jaladera/perilla, Lugo llave-mariposa, Latón Antiguo, HERMEX",P030,Cerraduras para entrada principal,CERRADURAS Y CERROJOS
43025,CEP-31PJ,"Jaladera/perilla, Lugo llave-mariposa, Cromo Mate, HERMEX",P030,Cerraduras para entrada principal,CERRADURAS Y CERROJOS
43026,CEP-11JJ,"Doble jaladera, Lugo llave-mariposa,Latón Brillante,HERMEX",P030,Cerraduras para entrada principal,CERRADURAS Y CERROJOS
43027,CEP-21JJ,"Doble jaladera, Lugo llave-mariposa, Latón Antiguo, HERMEX",P030,Cerraduras para entrada principal,CERRADURAS Y CERROJOS
43028,CEP-31JJ,"Doble jaladera, Lugo llave-mariposa, Cromo Mate, HERMEX",P030,Cerraduras para entrada principal,CERRADURAS Y CERROJOS
44043,CEP-41JJ,"Doble jaladera, Lugo llave-mariposa, Níquel Satín, HERMEX",P030,Cerraduras para entrada principal,CERRADURAS Y CERROJOS
44044,CEP-41PJ,"Jaladera/perilla, Lugo llave-mariposa, Níquel Satín, HERMEX",P030,Cerraduras para entrada principal,CERRADURAS Y CERROJOS
44051,CEP-41PJC,"Jaladera/perilla/cerrojo, Porto llave-mariposa, Níquel Satín",P030,Cerraduras para entrada principal,CERRADURAS Y CERROJOS
44998,CEP-11PJC,"Jaladera/perilla/cerrojo,Porto llave-mariposa,LatónBrillante",P030,Cerraduras para entrada principal,CERRADURAS Y CERROJOS
44999,CEP-31PJC,"Jaladera/perilla/cerrojo, Porto llave-mariposa, Cromo",P030,Cerraduras para entrada principal,CERRADURAS Y CERROJOS
45228,CEP-21PJC,"Jaladera/perilla/cerrojo, Porto llave-mariposa,LatónAntinguo",P030,Cerraduras para entrada principal,CERRADURAS Y CERROJOS
45229,CEP-61PJC,"Jaladera/perilla/cerrojo, Porto llave-mariposa, Negro",P030,Cerraduras para entrada principal,CERRADURAS Y CERROJOS
48437,CEP-61PJ,"Jaladera/perilla, Lugo llave-mariposa, Negro, HERMEX",P030,Cerraduras para entrada principal,CERRADURAS Y CERROJOS
48438,CEP-61JJ,"Doble jaladera, Lugo llave-mariposa, Negro, HERMEX",P030,Cerraduras para entrada principal,CERRADURAS Y CERROJOS
23670,CEP-12PJP,"Jaladera y perilla, Berna llave-llave, LB, BASIC",P030,Cerraduras para entrada principal,CERRADURAS Y CERROJOS
23672,CEP-22PJP,"Jaladera y perilla, Berna llave-llave, LA, BASIC",P030,Cerraduras para entrada principal,CERRADURAS Y CERROJOS
23674,CEP-32PJP,"Jaladera y perilla, Berna llave-llave, cromo mate, BASIC",P030,Cerraduras para entrada principal,CERRADURAS Y CERROJOS
27238,CEP-62PJP,"Jaladera y perilla, Berna llave-llave, negro, BASIC",P030,Cerraduras para entrada principal,CERRADURAS Y CERROJOS
43020,CEP-12PJ,"Jaladera/perilla, Lugo llave-llave, Latón Brillante,HERMEX",P030,Cerraduras para entrada principal,CERRADURAS Y CERROJOS
43022,CEP-22PJ,"Jaladera/perilla, Lugo llave-llave, Latón Antiguo, HERMEX",P030,Cerraduras para entrada principal,CERRADURAS Y CERROJOS
43024,CEP-32PJ,"Jaladera/perilla, Lugo llave-llave, Cromo Mate, HERMEX",P030,Cerraduras para entrada principal,CERRADURAS Y CERROJOS
44042,CEP-42PJ,"Jaladera/perilla, Lugo llave-llave, Níquel Satín, HERMEX",P030,Cerraduras para entrada principal,CERRADURAS Y CERROJOS
44050,CEP-42PJC,"Jaladera/perilla/cerrojo, Porto llave-llave, Níquel Satín",P030,Cerraduras para entrada principal,CERRADURAS Y CERROJOS
45236,CEP-12PJC,"Jaladera/perilla/cerrojo, Porto llave-llave, Latón Brillante",P030,Cerraduras para entrada principal,CERRADURAS Y CERROJOS
45279,CEP-32PJC,"Jaladera/perilla/cerrojo, Porto llave-llave, Cromo",P030,Cerraduras para entrada principal,CERRADURAS Y CERROJOS
45295,CEP-22PJC,"Jaladera/perilla/cerrojo, Porto llave-llave, Latón Antiguo",P030,Cerraduras para entrada principal,CERRADURAS Y CERROJOS
45296,CEP-62PJC,"Jaladera/perilla/cerrojo, Porto llave-llave, Negro",P030,Cerraduras para entrada principal,CERRADURAS Y CERROJOS
48436,CEP-62PJ,"Jaladera/perilla, Lugo llave-llave, Negro, HERMEX",P030,Cerraduras para entrada principal,CERRADURAS Y CERROJOS
23505,CM-21L-P,"Cerradura para mueble, modelo 21, latón, HERMEX BASIC",P168,Cerraduras para muebles,CERRADURAS Y CERROJOS
23506,CM-21C-P,"Cerradura para mueble, modelo 21, cromo, HERMEX BASIC",P168,Cerraduras para muebles,CERRADURAS Y CERROJOS
43535,CV-10,"Cerradura para vitrina, HERMEX",P168,Cerraduras para muebles,CERRADURAS Y CERROJOS
43557,CM-24C,"Cerradura para mueble, modelo 24, cromo, HERMEX",P168,Cerraduras para muebles,CERRADURAS Y CERROJOS
43558,CM-21C,"Cerradura para mueble, modelo 21, cromo, HERMEX",P168,Cerraduras para muebles,CERRADURAS Y CERROJOS
43559,CM-25C,"Cerradura para mueble, modelo 25, cromo, HERMEX",P168,Cerraduras para muebles,CERRADURAS Y CERROJOS
43560,CM-26C,"Cerradura para mueble, modelo 26, cromo, HERMEX",P168,Cerraduras para muebles,CERRADURAS Y CERROJOS
43561,CM-20C,"Cerradura para mueble, modelo 20, cromo, HERMEX",P168,Cerraduras para muebles,CERRADURAS Y CERROJOS
43565,CM-24L,"Cerradura para mueble, modelo 24, latón, HERMEX",P168,Cerraduras para muebles,CERRADURAS Y CERROJOS
43566,CM-21L,"Cerradura para mueble, modelo 21, latón, HERMEX",P168,Cerraduras para muebles,CERRADURAS Y CERROJOS
43567,CM-25L,"Cerradura para mueble, modelo 25, latón, HERMEX",P168,Cerraduras para muebles,CERRADURAS Y CERROJOS
43568,CM-26L,"Cerradura para mueble, modelo 26, latón, HERMEX",P168,Cerraduras para muebles,CERRADURAS Y CERROJOS
43569,CM-20L,"Cerradura para mueble, modelo 20, latón, HERMEX",P168,Cerraduras para muebles,CERRADURAS Y CERROJOS
12181,C-1X12G,"Cincel de corte frío 1 X 12' con grip, TRUPER",P773,Cinceles y punzones,CINCELES
12273,C-1X10G,"Cincel de corte frío 1 x 10' con grip, TRUPER",P773,Cinceles y punzones,CINCELES
12276,C-1X8G,"Cincel de corte frío 1 x 8' con grip, TRUPER",P773,Cinceles y punzones,CINCELES
12100,C-1/4X5,"Cincel de corte frío de 1/4 X 5', TRUPER",P773,Cinceles y punzones,CINCELES
12103,C-5/16X6,"Cincel de corte frío de 5/16 X 6', TRUPER",P773,Cinceles y punzones,CINCELES
12106,C-3/8X6,"Cincel de corte frío de 3/8 X 6', TRUPER",P773,Cinceles y punzones,CINCELES
12109,C-3/8X8,"Cincel de corte frío de 3/8 X 8', TRUPER",P773,Cinceles y punzones,CINCELES
12112,C-3/8X10,"Cincel de corte frío de 3/8 X 10', TRUPER",P773,Cinceles y punzones,CINCELES
12115,C-1/2X6,"Cincel de corte frío de 1/2 X 6', TRUPER",P773,Cinceles y punzones,CINCELES
12118,C-1/2X8,"Cincel de corte frío de 1/2 X 8', TRUPER",P773,Cinceles y punzones,CINCELES
12121,C-1/2X10,"Cincel de corte frío de 1/2 X 10', TRUPER",P773,Cinceles y punzones,CINCELES
12124,C-1/2X12,"Cincel de corte frío de 1/2 X 12', TRUPER",P773,Cinceles y punzones,CINCELES
12127,C-5/8X6,"Cincel de corte frío de 5/8 X 6', TRUPER",P773,Cinceles y punzones,CINCELES
12130,C-5/8X8,"Cincel de corte frío de 5/8 X 8', TRUPER",P773,Cinceles y punzones,CINCELES
12133,C-5/8X10,"Cincel de corte frío de 5/8 X 10', TRUPER",P773,Cinceles y punzones,CINCELES
12136,C-5/8X12,"Cincel de corte frío de 5/8 X 12', TRUPER",P773,Cinceles y punzones,CINCELES
12139,C-3/4X6,"Cincel de corte frío de 3/4 X 6', TRUPER",P773,Cinceles y punzones,CINCELES
12142,C-3/4X8,"Cincel de corte frío de 3/4 X 8', TRUPER",P773,Cinceles y punzones,CINCELES
12145,C-3/4X10,"Cincel de corte frío de 3/4 X 10', TRUPER",P773,Cinceles y punzones,CINCELES
12148,C-3/4X12,"Cincel de corte frío de 3/4 X 12', TRUPER",P773,Cinceles y punzones,CINCELES
12151,C-7/8X8,"Cincel de corte frío de 7/8 X 8', TRUPER",P773,Cinceles y punzones,CINCELES
12154,C-7/8X10,"Cincel de corte frío de 7/8 X 10', TRUPER",P773,Cinceles y punzones,CINCELES
12157,C-7/8X12,"Cincel de corte frío de 7/8 X 12', TRUPER",P773,Cinceles y punzones,CINCELES
12160,C-1X8,"Cincel de corte frío de 1 X 8', TRUPER",P773,Cinceles y punzones,CINCELES
12163,C-1X10,"Cincel de corte frío de 1 X 10', TRUPER",P773,Cinceles y punzones,CINCELES
12166,C-1X12,"Cincel de corte frío de 1 X 12', TRUPER",P773,Cinceles y punzones,CINCELES
12172,C-3/4X12G,"Cincel de corte frío 3/4 X 12' con grip, TRUPER",P773,Cinceles y punzones,CINCELES
12175,C-7/8X12G,"Cincel de corte frío 7/8 X 12' con grip, TRUPER",P773,Cinceles y punzones,CINCELES
12184,CL-2-3/4X10,"Cincel ladrillero 2-3/4 X 10', TRUPER",P773,Cinceles y punzones,CINCELES
12187,CL-2-3/4X10G,"Cincel ladrillero 2-3/4 X 10' con grip, TRUPER",P773,Cinceles y punzones,CINCELES
12190,CL-3-1/2X8,"Cincel ladrillero 3-1/2 X 8', TRUPER",P773,Cinceles y punzones,CINCELES
12193,CL-3-1/2X8G,"Cincel ladrillero 3-1/2 X 8' con grip, TRUPER",P773,Cinceles y punzones,CINCELES
12221,PUBAR-7/16,"Punzón 7/16' para barrenar, largo 5-1/4', TRUPER",P773,Cinceles y punzones,CINCELES
12274,C-7/8X10G,"Cincel de corte frío 7/8 x 10' con grip, TRUPER",P773,Cinceles y punzones,CINCELES
12275,C-3/4X10G,"Cincel de corte frío 3/4 x 10' con grip, TRUPER",P773,Cinceles y punzones,CINCELES
12277,C-7/8X8G,"Cincel de corte frío 7/8 x 8' con grip, TRUPER",P773,Cinceles y punzones,CINCELES
12278,C-3/4X8G,"Cincel de corte frío 3/4 x 8' con grip, TRUPER",P773,Cinceles y punzones,CINCELES
18064,PUNZ-3,"Juego de 3 embutidores de clavos, TRUPER",P773,Cinceles y punzones,CINCELES
12219,PUBAR-5/16,"Punzón 5/16' para barrenar, largo 4-5/8', TRUPER",P773,Cinceles y punzones,CINCELES
12220,PUBAR-3/8,"Punzón 3/8' para barrenar, largo 4-7/8', TRUPER",P773,Cinceles y punzones,CINCELES
12222,PUBAR-1/2,"Punzón 1/2' para barrenar, largo 5-1/2', TRUPER",P773,Cinceles y punzones,CINCELES
12223,PUBAR-5/8,"Punzón 5/8' para barrenar, largo 6-1/8', TRUPER",P773,Cinceles y punzones,CINCELES
12225,PUMAR-5/16,"Punzón 5/16' para marcar, largo 5', TRUPER",P773,Cinceles y punzones,CINCELES
12226,PUMAR-3/8,"Punzón 3/8' para marcar, largo 4-3/4', TRUPER",P773,Cinceles y punzones,CINCELES
12218,PUBAR-1/4,"Punzón 1/4' para barrenar, largo 4-1/4', TRUPER",P773,Cinceles y punzones,CINCELES
12224,PUMAR-1/4,"Punzón 1/4' para marcar, largo 4-3/4', TRUPER",P773,Cinceles y punzones,CINCELES
12638,TP20ME,"Cinta métrica larga 20m fibra de vidrio, carcasa plástica",P038,Cintas largas,CINTAS LARGAS
12639,TP30ME,"Cinta métrica larga 30m fibra de vidrio, carcasa plástica",P038,Cintas largas,CINTAS LARGAS
12640,TP50ME,"Cinta métrica larga 50m fibra de vidrio, carcasa plástica",P038,Cintas largas,CINTAS LARGAS
12645,TFC-100ME,"Cinta métrica larga 100m fibra de vidrio, tipo cruceta",P038,Cintas largas,CINTAS LARGAS
12646,TFC-30ME,"Cinta métrica larga 30m fibra de vidrio, tipo cruceta",P038,Cintas largas,CINTAS LARGAS
12647,TFC-50ME,"Cinta métrica larga 50m fibra de vidrio, tipo cruceta",P038,Cintas largas,CINTAS LARGAS
20900,PRO-20ME,"Cinta métrica larga 20 m, metálica, carcasa plástica, TRUPER",P038,Cintas largas,CINTAS LARGAS
20901,PRO-30ME,"Cinta métrica larga 30 m, metálica, carcasa plástica, TRUPER",P038,Cintas largas,CINTAS LARGAS
12648,CRUCE-30,"Cinta métrica larga 30 m, metálica, tipo cruceta, TRUPER",P038,Cintas largas,CINTAS LARGAS
12649,CRUCE-50,"Cinta métrica larga 50 m, metálica, tipo cruceta, TRUPER",P038,Cintas largas,CINTAS LARGAS
100885,CAZ-60BX,"Cortador azulejo 25' (63cm) gran formato c/maletín, EXPERT",P045,Cortadores de azulejo,"CORTADORES 
DE AZULEJO CON O SIN BALEROS Y CUCHILLAS"
101242,CAZ-100BX,"Cortador azulejo 40' (100cm) gran formato c/maletín, EXPERT",P045,Cortadores de azulejo,"CORTADORES 
DE AZULEJO CON O SIN BALEROS Y CUCHILLAS"
11773,CAZ-90X,"Cortador azulejo 35' (90cm) gran formato c/maletín, EXPERT",P045,Cortadores de azulejo,"CORTADORES 
DE AZULEJO CON O SIN BALEROS Y CUCHILLAS"
11775,CAZ-120X,"Cortador azulejo 47' (120cm) gran formato c/maletín, EXPERT",P045,Cortadores de azulejo,"CORTADORES 
DE AZULEJO CON O SIN BALEROS Y CUCHILLAS"
12930,CAZ-40B,"Cortador de azulejo 16' (40 cm) con baleros, TRUPER",P045,Cortadores de azulejo,"CORTADORES 
DE AZULEJO CON O SIN BALEROS Y CUCHILLAS"
12931,CAZ-60B,"Cortador de azulejo 24' (60 cm) con baleros, TRUPER",P045,Cortadores de azulejo,"CORTADORES 
DE AZULEJO CON O SIN BALEROS Y CUCHILLAS"
15825,CAZ-60X2,"Cortador azulejo 24' (60cm) romp.multipunto en caja, EXPERT",P045,Cortadores de azulejo,"CORTADORES 
DE AZULEJO CON O SIN BALEROS Y CUCHILLAS"
15826,CAZ-60XM2,"Cortador azulejo 24' (60cm) romp.multipunto c/maletín,EXPERT",P045,Cortadores de azulejo,"CORTADORES 
DE AZULEJO CON O SIN BALEROS Y CUCHILLAS"
15827,CAZ-75XM2,"Cortador azulejo 29' (75cm) romp.multipunto c/maletín,EXPERT",P045,Cortadores de azulejo,"CORTADORES 
DE AZULEJO CON O SIN BALEROS Y CUCHILLAS"
16782,CAZ-50B,"Cortador de azulejo 20' (50 cm) con baleros, TRUPER",P045,Cortadores de azulejo,"CORTADORES 
DE AZULEJO CON O SIN BALEROS Y CUCHILLAS"
16783,CAZ-66B,"Cortador de azulejo 26' (66 cm) con baleros, TRUPER",P045,Cortadores de azulejo,"CORTADORES 
DE AZULEJO CON O SIN BALEROS Y CUCHILLAS"
12926,CAZ-33,"Cortador de azulejo de 13' (33 cm), TRUPER",P045,Cortadores de azulejo,"CORTADORES 
DE AZULEJO CON O SIN BALEROS Y CUCHILLAS"
12929,CAZ-40,"Cortador de azulejo de 16' (40 cm), TRUPER",P045,Cortadores de azulejo,"CORTADORES 
DE AZULEJO CON O SIN BALEROS Y CUCHILLAS"
16780,CAZ-50,"Cortador de azulejo de 20' (50 cm), TRUPER",P045,Cortadores de azulejo,"CORTADORES 
DE AZULEJO CON O SIN BALEROS Y CUCHILLAS"
16781,CAZ-60,"Cortador de azulejo de 24' (60 cm), TRUPER",P045,Cortadores de azulejo,"CORTADORES 
DE AZULEJO CON O SIN BALEROS Y CUCHILLAS"
20996,CAZ-40P,"Cortador de azulejo de 16' (40 cm), PRETUL",P045,Cortadores de azulejo,"CORTADORES 
DE AZULEJO CON O SIN BALEROS Y CUCHILLAS"
12954,CV-5X,"Cortador de vidrio 5' con 6 cuchillas, TRUPER",P200,Cortadores de vidrio,CORTAVIDRIOS
12953,CV-5,"Cortador de vidrio 5', TRUPER",P200,Cortadores de vidrio,CORTAVIDRIOS
19605,CV-5DX,"Cortador de vidrio 6' con depósito de aceite, TRUPER EXPERT",P200,Cortadores de vidrio,CORTAVIDRIOS
103114,CP-8X,"Cortapernos 8', profesional, a una mano, TRUPER",P046,Cortapernos,CORTAPERNOS Y CUCHILLAS
12830,CP-12X,"Cortapernos 12', profesional, TRUPER",P046,Cortapernos,CORTAPERNOS Y CUCHILLAS
12831,CP-14X,"Cortapernos 14', profesional, TRUPER",P046,Cortapernos,CORTAPERNOS Y CUCHILLAS
12832,CP-18X,"Cortapernos 18', profesional, TRUPER",P046,Cortapernos,CORTAPERNOS Y CUCHILLAS
12833,CP-24X,"Cortapernos 24', profesional, TRUPER",P046,Cortapernos,CORTAPERNOS Y CUCHILLAS
12834,CP-30X,"Cortapernos 30', profesional, TRUPER",P046,Cortapernos,CORTAPERNOS Y CUCHILLAS
12835,CP-36X,"Cortapernos 36', profesional, TRUPER",P046,Cortapernos,CORTAPERNOS Y CUCHILLAS
20944,CP-12P,"Cortapernos 12', mango tubular, PRETUL",P046,Cortapernos,CORTAPERNOS Y CUCHILLAS
20945,CP-14P,"Cortapernos 14', mango tubular, PRETUL",P046,Cortapernos,CORTAPERNOS Y CUCHILLAS
20946,CP-18P,"Cortapernos 18', mango tubular, PRETUL",P046,Cortapernos,CORTAPERNOS Y CUCHILLAS
20947,CP-24P,"Cortapernos 24', mango tubular, PRETUL",P046,Cortapernos,CORTAPERNOS Y CUCHILLAS
20948,CP-30P,"Cortapernos 30', mango tubular, PRETUL",P046,Cortapernos,CORTAPERNOS Y CUCHILLAS
20949,CP-36P,"Cortapernos 36', mango tubular, PRETUL",P046,Cortapernos,CORTAPERNOS Y CUCHILLAS
12836,REP-CP-12X,"Cuchillas de repuesto para cortapernos 12', TRUPER",P215,Cortapernos (repuestos),CORTAPERNOS Y CUCHILLAS
12837,REP-CP-14X,"Cuchillas de repuesto para cortapernos 14', TRUPER",P215,Cortapernos (repuestos),CORTAPERNOS Y CUCHILLAS
12838,REP-CP-18X,"Cuchillas de repuesto para cortapernos 18', TRUPER",P215,Cortapernos (repuestos),CORTAPERNOS Y CUCHILLAS
12839,REP-CP-24X,"Cuchillas de repuesto para cortapernos 24', TRUPER",P215,Cortapernos (repuestos),CORTAPERNOS Y CUCHILLAS
12840,REP-CP-30X,"Cuchillas de repuesto para cortapernos 30', TRUPER",P215,Cortapernos (repuestos),CORTAPERNOS Y CUCHILLAS
12841,REP-CP-36X,"Cuchillas de repuesto para cortapernos 36', TRUPER",P215,Cortapernos (repuestos),CORTAPERNOS Y CUCHILLAS
20950,REP-CP-12P,"Cuchillas de repuesto para cortapernos 12', PRETUL",P215,Cortapernos (repuestos),CORTAPERNOS Y CUCHILLAS
20951,REP-CP-14P,"Cuchillas de repuesto para cortapernos 14', PRETUL",P215,Cortapernos (repuestos),CORTAPERNOS Y CUCHILLAS
20952,REP-CP-18P,"Cuchillas de repuesto para cortapernos 18', PRETUL",P215,Cortapernos (repuestos),CORTAPERNOS Y CUCHILLAS
20953,REP-CP-24P,"Cuchillas de repuesto para cortapernos 24', PRETUL",P215,Cortapernos (repuestos),CORTAPERNOS Y CUCHILLAS
20954,REP-CP-30P,"Cuchillas de repuesto para cortapernos 30', PRETUL",P215,Cortapernos (repuestos),CORTAPERNOS Y CUCHILLAS
20955,REP-CP-36P,"Cuchillas de repuesto para cortapernos 36', PRETUL",P215,Cortapernos (repuestos),CORTAPERNOS Y CUCHILLAS
12868,JAV-7,"Avellanador para tubo, ajustable de 3/16' a 5/8', TRUPER",P043,Cortatubo y avellanadores,AVELLANADORES
12865,AVE-X,"Avellanador profesional de 3/16' a 5/8', TRUPER EXPERT",P043,Cortatubo y avellanadores,AVELLANADORES
12861,REP-COT-45X/30E,Blíster con 2 cuchillas para cortador de tubo COT-30E,P043,Cortatubo y avellanadores,AVELLANADORES
12796,REP-COT-30X,Blíster con 2 cuchillas para cortador de tubo COT-30X,P043,Cortatubo y avellanadores,AVELLANADORES
12864,REP-COTA-50,Blíster con 2 cuchillas para cortador de tubo COTA-50,P043,Cortatubo y avellanadores,AVELLANADORES
20963,REP-COT-PN,"Blíster con 2 cuchillas para cortador de tubo COT-P, PRETUL",P043,Cortatubo y avellanadores,AVELLANADORES
12862,REP-COTS,Blíster con 2 cuchillas para cortadores de tubo COT-16-50,P043,Cortatubo y avellanadores,AVELLANADORES
12856,COT-32,"Cortador de tubo de cobre 1/8' a 1-1/4' cuchilla 18mm,Truper",P043,Cortatubo y avellanadores,AVELLANADORES
20960,COT-P,Cortador de tubo de cobre 1/8' a 1-1/8' cuchilla 17mm PRETUL,P043,Cortatubo y avellanadores,AVELLANADORES
12853,COT-30,"Cortador de tubo de cobre 1/8' a 1-1/8' cuchilla 17mm,Truper",P043,Cortatubo y avellanadores,AVELLANADORES
12795,COT-30X,"Cortador de tubo de cobre 1/8' a 1-1/8' cuchilla 20mm,EXPERT",P043,Cortatubo y avellanadores,AVELLANADORES
12859,COT-50,"Cortador de tubo de cobre 3/16' a 2' cuchilla 18 mm, TRUPER",P043,Cortatubo y avellanadores,AVELLANADORES
12860,COT-PVC,"Cortador de tubo plástico, corte 1-5/8' (41 mm), TRUPER",P043,Cortatubo y avellanadores,AVELLANADORES
12867,COT-PVC-X,"Cortador de tubo plástico, corte 2-1/2' (65 mm), EXPERT",P043,Cortatubo y avellanadores,AVELLANADORES
12857,COT-PPR,"Cortador de tubo plástico, corte 3/4' (19 mm), TRUPER",P043,Cortatubo y avellanadores,AVELLANADORES
12871,JCA-3,"Juego de cortador de tubo y avellanador, TRUPER",P043,Cortatubo y avellanadores,AVELLANADORES
12851,COT-30E,Mini cortador de tubo de cobre 1/8' a 1-1/8' cuchilla 18 mm,P043,Cortatubo y avellanadores,AVELLANADORES
12850,COT-16,Mini cortador de tubo de cobre 1/8' a 5/8' cuchilla 18 mm,P043,Cortatubo y avellanadores,AVELLANADORES
102617,CT-12B,"Cuchara para albañil 12' forjada tipo Filadelfia,mgo Comfort",P047,Cucharas de albañil,CUCHARAS PARA ALBAÑIL
11231,CT-9B,"Cuchara para albañil 9' forjada tipo Filadelfia, mgo Comfort",P047,Cucharas de albañil,CUCHARAS PARA ALBAÑIL
11232,CT-10B,"Cuchara para albañil 10' forjada tipo Filadelfia,mgo Comfort",P047,Cucharas de albañil,CUCHARAS PARA ALBAÑIL
11234,CT-11B,"Cuchara para albañil 11' forjada tipo Filadelfia,mgo Comfort",P047,Cucharas de albañil,CUCHARAS PARA ALBAÑIL
12994,CT-9G,"Cuchara para albañil 9' forjada tipo Guadalajara, TRUPER",P047,Cucharas de albañil,CUCHARAS PARA ALBAÑIL
13003,CT-6C,"Cuchara para albañil 6' forjada tipo Centroamericana, TRUPER",P047,Cucharas de albañil,CUCHARAS PARA ALBAÑIL
13004,CT-7C,"Cuchara para albañil 7' forjada tipo Centroamericana, TRUPER",P047,Cucharas de albañil,CUCHARAS PARA ALBAÑIL
13005,CT-8C,"Cuchara para albañil 8' forjada tipo Centroamericana, TRUPER",P047,Cucharas de albañil,CUCHARAS PARA ALBAÑIL
13006,CT-9C,"Cuchara para albañil 9' forjada tipo Centroamericana, TRUPER",P047,Cucharas de albañil,CUCHARAS PARA ALBAÑIL
13007,CT-10C,"Cuchara para albañil 10' forjada tipo Centroamericana,TRUPER",P047,Cucharas de albañil,CUCHARAS PARA ALBAÑIL
20541,CT-6PC,"Cuchara para albañil 6' tipo Centroamericana, PRETUL",P047,Cucharas de albañil,CUCHARAS PARA ALBAÑIL
20542,CT-7PC,"Cuchara para albañil 7' tipo Centroamericana, PRETUL",P047,Cucharas de albañil,CUCHARAS PARA ALBAÑIL
20543,CT-8PC,"Cuchara para albañil 8' tipo Centroamericana, PRETUL",P047,Cucharas de albañil,CUCHARAS PARA ALBAÑIL
20544,CT-9PC,"Cuchara para albañil 9' tipo Centroamericana, PRETUL",P047,Cucharas de albañil,CUCHARAS PARA ALBAÑIL
20545,CT-10PC,"Cuchara para albañil 10' tipo Centroamericana, PRETUL",P047,Cucharas de albañil,CUCHARAS PARA ALBAÑIL
20683,CT-5AP,"Cuchara para azulejo 5', PRETUL",P047,Cucharas de albañil,CUCHARAS PARA ALBAÑIL
21049,CT-9YP,"Cuchara para albañil 9' yesera, PRETUL",P047,Cucharas de albañil,CUCHARAS PARA ALBAÑIL
21050,CT-6P,"Cuchara para albañil 6' tipo Filadelfia, PRETUL",P047,Cucharas de albañil,CUCHARAS PARA ALBAÑIL
21051,CT-7P,"Cuchara para albañil 7' tipo Filadelfia, PRETUL",P047,Cucharas de albañil,CUCHARAS PARA ALBAÑIL
21052,CT-8P,"Cuchara para albañil 8' tipo Filadelfia, PRETUL",P047,Cucharas de albañil,CUCHARAS PARA ALBAÑIL
21053,CT-9P,"Cuchara para albañil 9' tipo Filadelfia, PRETUL",P047,Cucharas de albañil,CUCHARAS PARA ALBAÑIL
21054,CT-10P,"Cuchara para albañil 10' tipo Filadelfia, PRETUL",P047,Cucharas de albañil,CUCHARAS PARA ALBAÑIL
21055,CT-11P,"Cuchara para albañil 11' tipo Filadelfia, PRETUL",P047,Cucharas de albañil,CUCHARAS PARA ALBAÑIL
21056,CT-9GP,"Cuchara para albañil 9' tipo Guadalajara, PRETUL",P047,Cucharas de albañil,CUCHARAS PARA ALBAÑIL
21057,CT-7PM,"Cuchara para albañil 7' tipo Mérida, PRETUL",P047,Cucharas de albañil,CUCHARAS PARA ALBAÑIL
21058,CT-8PM,"Cuchara para albañil 8' tipo Mérida, PRETUL",P047,Cucharas de albañil,CUCHARAS PARA ALBAÑIL
21059,CT-9PM,"Cuchara para albañil 9' tipo Mérida, PRETUL",P047,Cucharas de albañil,CUCHARAS PARA ALBAÑIL
102614,CT-7,"Cuchara para albañil 7' forjada tipo Filadelfia, TRUPER",P047,Cucharas de albañil,CUCHARAS PARA ALBAÑIL
102615,CT-8,"Cuchara para albañil 8' forjada tipo Filadelfia, TRUPER",P047,Cucharas de albañil,CUCHARAS PARA ALBAÑIL
102616,CT-12,"Cuchara para albañil 12' forjada tipo Filadelfia, TRUPER",P047,Cucharas de albañil,CUCHARAS PARA ALBAÑIL
12990,CT-6,"Cuchara para albañil 6' forjada tipo Filadelfia, TRUPER",P047,Cucharas de albañil,CUCHARAS PARA ALBAÑIL
12991,CT-9,"Cuchara para albañil 9' forjada tipo Filadelfia, TRUPER",P047,Cucharas de albañil,CUCHARAS PARA ALBAÑIL
12992,CT-10,"Cuchara para albañil 10' forjada tipo Filadelfia, TRUPER",P047,Cucharas de albañil,CUCHARAS PARA ALBAÑIL
12993,CT-11,"Cuchara para albañil 11' forjada tipo Filadelfia, TRUPER",P047,Cucharas de albañil,CUCHARAS PARA ALBAÑIL
100098,REP-CUT-5X,"Estuche con 10 cuchillas SK2 de 9 mm para cutter, EXPERT",P049,Cutters y exactos,CUTTERS Y NAVAJAS MULTIUSOS
100099,REP-CUT-6X,"Estuche con 10 cuchillas SK2 de 18 mm para cutter, EXPERT",P049,Cutters y exactos,CUTTERS Y NAVAJAS MULTIUSOS
100101,REP-CUT-650,"Estuche con 50 cuchillas SK4 de 18 mm para cutter, TRUPER",P049,Cutters y exactos,CUTTERS Y NAVAJAS MULTIUSOS
100130,REP-CUT-7X,"Estuche con 10 cuchillas SK2 de 25 mm para cutter, EXPERT",P049,Cutters y exactos,CUTTERS Y NAVAJAS MULTIUSOS
100131,REP-CUT-650X,"Estuche con 50 cuchillas SK2 de 18 mm para cutter, EXPERT",P049,Cutters y exactos,CUTTERS Y NAVAJAS MULTIUSOS
16962,REP-CUT-5,"Estuche con 10 cuchillas SK4 de 9 mm para cutter, TRUPER",P049,Cutters y exactos,CUTTERS Y NAVAJAS MULTIUSOS
16965,REP-CUT-6,"Estuche con 10 cuchillas SK4 de 18 mm para cutter, TRUPER",P049,Cutters y exactos,CUTTERS Y NAVAJAS MULTIUSOS
16968,CUT-5,"Cutter 9 mm reforzado de plástico con alma metálica, TRUPER",P049,Cutters y exactos,CUTTERS Y NAVAJAS MULTIUSOS
16971,CUT-5X,"Cutter 9 mm profesional con alma metálica y grip, TRUPER",P049,Cutters y exactos,CUTTERS Y NAVAJAS MULTIUSOS
16974,CUT-6,"Cutter 18 mm reforzado de plástico con alma metálica, TRUPER",P049,Cutters y exactos,CUTTERS Y NAVAJAS MULTIUSOS
16976,CUT-6XX,"Cutter 18 mm trabajo pesado c/alma metálica y grip, EXPERT",P049,Cutters y exactos,CUTTERS Y NAVAJAS MULTIUSOS
16977,CUT-6X,"Cutter 18 mm profesional con alma metálica y grip, TRUPER",P049,Cutters y exactos,CUTTERS Y NAVAJAS MULTIUSOS
16979,REP-CUTEX,"Repuesto para EXA-6 , blíster con 5 pzas, TRUPER",P049,Cutters y exactos,CUTTERS Y NAVAJAS MULTIUSOS
17512,EXA-11,"Juego de exactos profesional con 13 cuchillas,estuche,TRUPER",P049,Cutters y exactos,CUTTERS Y NAVAJAS MULTIUSOS
17901,CUT-7X,"Cutter 25 mm profesional con alma metálica y grip, TRUPER",P049,Cutters y exactos,CUTTERS Y NAVAJAS MULTIUSOS
17902,CUT-7XX,"Cutter 25 mm trabajo pesado c/alma metálica y grip, EXPERT",P049,Cutters y exactos,CUTTERS Y NAVAJAS MULTIUSOS
17903,REP-CUT-7,"Estuche con 10 cuchillas SK4 de 25 mm para cutter, TRUPER",P049,Cutters y exactos,CUTTERS Y NAVAJAS MULTIUSOS
17904,CUT-7,"Cutter 25 mm reforzado de plástico con alma metálica, TRUPER",P049,Cutters y exactos,CUTTERS Y NAVAJAS MULTIUSOS
22396,CUT-6P,"Cutter 18 mm plástico con alma metálica, PRETUL",P049,Cutters y exactos,CUTTERS Y NAVAJAS MULTIUSOS
22403,CUT-5PB,"Cutter 9 mm plástico, PRETUL",P049,Cutters y exactos,CUTTERS Y NAVAJAS MULTIUSOS
22405,CUT-6PB,"Cutter 18 mm plástico, PRETUL",P049,Cutters y exactos,CUTTERS Y NAVAJAS MULTIUSOS
22409,EXA-13P,"Juego de exactos con 13 cuchillas en estuche, PRETUL",P049,Cutters y exactos,CUTTERS Y NAVAJAS MULTIUSOS
16969,EXA-6,"Exacto 6' profesional con 5 cuchillas de acero SK2, TRUPER",P049,Cutters y exactos,CUTTERS Y NAVAJAS MULTIUSOS
100905,D-7321-MLPD,"Dado largo impacto prot. plást. 21 mm, 6 puntas, cuadro 1/2'",P804,Dados y accesorios 1/2',DADOS Y ACCESORIOS (TODAS LAS MEDIDAS)
100921,D-7322-ML,"Dado largo impacto de 22 mm, 6 puntas, cuadro 1/2', TRUPER",P804,Dados y accesorios 1/2',DADOS Y ACCESORIOS (TODAS LAS MEDIDAS)
100922,D-7323-ML,"Dado largo impacto de 23 mm, 6 puntas, cuadro 1/2', TRUPER",P804,Dados y accesorios 1/2',DADOS Y ACCESORIOS (TODAS LAS MEDIDAS)
100923,D-7324-ML,"Dado largo impacto de 24 mm, 6 puntas, cuadro 1/2', TRUPER",P804,Dados y accesorios 1/2',DADOS Y ACCESORIOS (TODAS LAS MEDIDAS)
100924,D-7325-ML,"Dado largo impacto de 25 mm, 6 puntas, cuadro 1/2', TRUPER",P804,Dados y accesorios 1/2',DADOS Y ACCESORIOS (TODAS LAS MEDIDAS)
100925,D-7326-ML,"Dado largo impacto de 26 mm, 6 puntas, cuadro 1/2', TRUPER",P804,Dados y accesorios 1/2',DADOS Y ACCESORIOS (TODAS LAS MEDIDAS)
100926,D-7327-ML,"Dado largo impacto de 27 mm, 6 puntas, cuadro 1/2', TRUPER",P804,Dados y accesorios 1/2',DADOS Y ACCESORIOS (TODAS LAS MEDIDAS)
100927,D-7324-HLPD,"Dado largo impacto prot. plást. 3/4', 6 puntas, cuadro 1/2'",P804,Dados y accesorios 1/2',DADOS Y ACCESORIOS (TODAS LAS MEDIDAS)
100928,D-7326-HLPD,"Dado largo impacto prot. plást. 13/16', 6 puntas,cuadro 1/2'",P804,Dados y accesorios 1/2',DADOS Y ACCESORIOS (TODAS LAS MEDIDAS)
100929,D-7328-HLPD,"Dado largo impacto prot. plást. 7/8', 6 puntas, cuadro 1/2'",P804,Dados y accesorios 1/2',DADOS Y ACCESORIOS (TODAS LAS MEDIDAS)
100930,D-7317-MLPD,"Dado largo impacto prot. plást. 17 mm, 6 puntas, cuadro 1/2'",P804,Dados y accesorios 1/2',DADOS Y ACCESORIOS (TODAS LAS MEDIDAS)
100931,D-7319-MLPD,"Dado largo impacto prot. plást. 19 mm, 6 puntas, cuadro 1/2'",P804,Dados y accesorios 1/2',DADOS Y ACCESORIOS (TODAS LAS MEDIDAS)
101001,D-1210-EL,"Dado largo de 5/16' 12 puntas, cuadro 1/2', TRUPER",P804,Dados y accesorios 1/2',DADOS Y ACCESORIOS (TODAS LAS MEDIDAS)
101002,D-1212-EL,"Dado largo de 3/8' 12 puntas, cuadro 1/2', TRUPER",P804,Dados y accesorios 1/2',DADOS Y ACCESORIOS (TODAS LAS MEDIDAS)
101003,D-1214-EL,"Dado largo de 7/16' 12 puntas, cuadro 1/2', TRUPER",P804,Dados y accesorios 1/2',DADOS Y ACCESORIOS (TODAS LAS MEDIDAS)
101006,D-1226-M,"Dado de 26 mm, 6 puntas, cuadro 1/2', TRUPER",P804,Dados y accesorios 1/2',DADOS Y ACCESORIOS (TODAS LAS MEDIDAS)
101007,D-1227-M,"Dado de 27 mm, 6 puntas, cuadro 1/2', TRUPER",P804,Dados y accesorios 1/2',DADOS Y ACCESORIOS (TODAS LAS MEDIDAS)
101008,D-1220-ML,"Dado largo de 20 mm, 6 puntas, cuadro 1/2', TRUPER",P804,Dados y accesorios 1/2',DADOS Y ACCESORIOS (TODAS LAS MEDIDAS)
101009,D-1221-ML,"Dado largo de 21 mm, 6 puntas, cuadro 1/2', TRUPER",P804,Dados y accesorios 1/2',DADOS Y ACCESORIOS (TODAS LAS MEDIDAS)
101010,D-1222-ML,"Dado largo de 22 mm, 6 puntas, cuadro 1/2', TRUPER",P804,Dados y accesorios 1/2',DADOS Y ACCESORIOS (TODAS LAS MEDIDAS)
101011,D-1223-ML,"Dado largo de 23 mm, 6 puntas, cuadro 1/2', TRUPER",P804,Dados y accesorios 1/2',DADOS Y ACCESORIOS (TODAS LAS MEDIDAS)
101012,D-1224-ML,"Dado largo de 24 mm, 6 puntas, cuadro 1/2', TRUPER",P804,Dados y accesorios 1/2',DADOS Y ACCESORIOS (TODAS LAS MEDIDAS)
101013,D-1225-ML,"Dado largo de 25 mm, 6 puntas, cuadro 1/2', TRUPER",P804,Dados y accesorios 1/2',DADOS Y ACCESORIOS (TODAS LAS MEDIDAS)
101014,D-1226-ML,"Dado largo de 26 mm, 6 puntas, cuadro 1/2', TRUPER",P804,Dados y accesorios 1/2',DADOS Y ACCESORIOS (TODAS LAS MEDIDAS)
101015,D-1227-ML,"Dado largo de 27 mm, 6 puntas, cuadro 1/2', TRUPER",P804,Dados y accesorios 1/2',DADOS Y ACCESORIOS (TODAS LAS MEDIDAS)
101246,D-1214-BC,"Dado punta corta bristol M14, cuadro 1/2', TRUPER",P804,Dados y accesorios 1/2',DADOS Y ACCESORIOS (TODAS LAS MEDIDAS)
101247,D-1216-BC,"Dado punta corta bristol M16, cuadro 1/2', TRUPER",P804,Dados y accesorios 1/2',DADOS Y ACCESORIOS (TODAS LAS MEDIDAS)
101248,D-1205-BL,"Dado punta larga bristol M5, cuadro 1/2', TRUPER",P804,Dados y accesorios 1/2',DADOS Y ACCESORIOS (TODAS LAS MEDIDAS)
101249,D-1206-BL,"Dado punta larga bristol M6, cuadro 1/2', TRUPER",P804,Dados y accesorios 1/2',DADOS Y ACCESORIOS (TODAS LAS MEDIDAS)
101274,D-1212-BC,"Dado punta corta bristol M12, cuadro 1/2', TRUPER",P804,Dados y accesorios 1/2',DADOS Y ACCESORIOS (TODAS LAS MEDIDAS)
101292,D-1205-BC,"Dado punta corta bristol M5, cuadro 1/2', TRUPER",P804,Dados y accesorios 1/2',DADOS Y ACCESORIOS (TODAS LAS MEDIDAS)
101293,D-1206-BC,"Dado punta corta bristol M6, cuadro 1/2', TRUPER",P804,Dados y accesorios 1/2',DADOS Y ACCESORIOS (TODAS LAS MEDIDAS)
101294,D-1208-BC,"Dado punta corta bristol M8, cuadro 1/2', TRUPER",P804,Dados y accesorios 1/2',DADOS Y ACCESORIOS (TODAS LAS MEDIDAS)
101295,D-1210-BC,"Dado punta corta bristol M10, cuadro 1/2', TRUPER",P804,Dados y accesorios 1/2',DADOS Y ACCESORIOS (TODAS LAS MEDIDAS)
101300,D-1208-BL,"Dado punta larga bristol M8, cuadro 1/2', TRUPER",P804,Dados y accesorios 1/2',DADOS Y ACCESORIOS (TODAS LAS MEDIDAS)
101301,D-1210-BL,"Dado punta larga bristol M10, cuadro 1/2', TRUPER",P804,Dados y accesorios 1/2',DADOS Y ACCESORIOS (TODAS LAS MEDIDAS)
101302,D-1212-BL,"Dado punta larga bristol M12, cuadro 1/2', TRUPER",P804,Dados y accesorios 1/2',DADOS Y ACCESORIOS (TODAS LAS MEDIDAS)
101303,D-1214-BL,"Dado punta larga bristol M14, cuadro 1/2', TRUPER",P804,Dados y accesorios 1/2',DADOS Y ACCESORIOS (TODAS LAS MEDIDAS)
101304,D-1216-BL,"Dado punta larga bristol M16, cuadro 1/2', TRUPER",P804,Dados y accesorios 1/2',DADOS Y ACCESORIOS (TODAS LAS MEDIDAS)
103192,D-7332-ML,"Dado largo impacto de 32 mm, 6 puntas, cuadro 1/2', TRUPER",P804,Dados y accesorios 1/2',DADOS Y ACCESORIOS (TODAS LAS MEDIDAS)
103193,D-7334-ML,"Dado largo impacto de 34 mm, 6 puntas, cuadro 1/2', TRUPER",P804,Dados y accesorios 1/2',DADOS Y ACCESORIOS (TODAS LAS MEDIDAS)
103194,D-7336-ML,"Dado largo impacto de 36 mm, 6 puntas, cuadro 1/2', TRUPER",P804,Dados y accesorios 1/2',DADOS Y ACCESORIOS (TODAS LAS MEDIDAS)
13230,D-1212-H,"Dado de 3/8', 6 puntas, cuadro 1/2', TRUPER",P804,Dados y accesorios 1/2',DADOS Y ACCESORIOS (TODAS LAS MEDIDAS)
13231,D-1214-H,"Dado de 7/16', 6 puntas, cuadro 1/2', TRUPER",P804,Dados y accesorios 1/2',DADOS Y ACCESORIOS (TODAS LAS MEDIDAS)
13233,D-1218-H,"Dado de 9/16', 6 puntas, cuadro 1/2', TRUPER",P804,Dados y accesorios 1/2',DADOS Y ACCESORIOS (TODAS LAS MEDIDAS)
13234,D-1220-H,"Dado de 5/8', 6 puntas, cuadro 1/2', TRUPER",P804,Dados y accesorios 1/2',DADOS Y ACCESORIOS (TODAS LAS MEDIDAS)
13235,D-1222-H,"Dado de 11/16', 6 puntas, cuadro 1/2', TRUPER",P804,Dados y accesorios 1/2',DADOS Y ACCESORIOS (TODAS LAS MEDIDAS)
13236,D-1224-H,"Dado de 3/4', 6 puntas, cuadro 1/2', TRUPER",P804,Dados y accesorios 1/2',DADOS Y ACCESORIOS (TODAS LAS MEDIDAS)
13237,D-1226-H,"Dado de 13/16', 6 puntas, cuadro 1/2', TRUPER",P804,Dados y accesorios 1/2',DADOS Y ACCESORIOS (TODAS LAS MEDIDAS)
13238,D-1228-H,"Dado de 7/8', 6 puntas, cuadro 1/2', TRUPER",P804,Dados y accesorios 1/2',DADOS Y ACCESORIOS (TODAS LAS MEDIDAS)
13239,D-1230-H,"Dado de 15/16', 6 puntas, cuadro 1/2', TRUPER",P804,Dados y accesorios 1/2',DADOS Y ACCESORIOS (TODAS LAS MEDIDAS)
13260,D-1210-M,"Dado de 10 mm, 6 puntas, cuadro 1/2', TRUPER",P804,Dados y accesorios 1/2',DADOS Y ACCESORIOS (TODAS LAS MEDIDAS)
13261,D-1211-M,"Dado de 11 mm, 6 puntas, cuadro 1/2', TRUPER",P804,Dados y accesorios 1/2',DADOS Y ACCESORIOS (TODAS LAS MEDIDAS)
13262,D-1212-M,"Dado de 12 mm, 6 puntas, cuadro 1/2', TRUPER",P804,Dados y accesorios 1/2',DADOS Y ACCESORIOS (TODAS LAS MEDIDAS)
13263,D-1213-M,"Dado de 13 mm, 6 puntas, cuadro 1/2', TRUPER",P804,Dados y accesorios 1/2',DADOS Y ACCESORIOS (TODAS LAS MEDIDAS)
13264,D-1214-M,"Dado de 14 mm, 6 puntas, cuadro 1/2', TRUPER",P804,Dados y accesorios 1/2',DADOS Y ACCESORIOS (TODAS LAS MEDIDAS)
13265,D-1215-M,"Dado de 15 mm, 6 puntas, cuadro 1/2', TRUPER",P804,Dados y accesorios 1/2',DADOS Y ACCESORIOS (TODAS LAS MEDIDAS)
13266,D-1216-M,"Dado de 16 mm, 6 puntas, cuadro 1/2', TRUPER",P804,Dados y accesorios 1/2',DADOS Y ACCESORIOS (TODAS LAS MEDIDAS)
13267,D-1217-M,"Dado de 17 mm, 6 puntas, cuadro 1/2', TRUPER",P804,Dados y accesorios 1/2',DADOS Y ACCESORIOS (TODAS LAS MEDIDAS)
13268,D-1218-M,"Dado de 18 mm, 6 puntas, cuadro 1/2', TRUPER",P804,Dados y accesorios 1/2',DADOS Y ACCESORIOS (TODAS LAS MEDIDAS)
13269,D-1219-M,"Dado de 19 mm, 6 puntas, cuadro 1/2', TRUPER",P804,Dados y accesorios 1/2',DADOS Y ACCESORIOS (TODAS LAS MEDIDAS)
13270,D-1220-M,"Dado de 20 mm, 6 puntas, cuadro 1/2', TRUPER",P804,Dados y accesorios 1/2',DADOS Y ACCESORIOS (TODAS LAS MEDIDAS)
13271,D-1221-M,"Dado de 21 mm, 6 puntas, cuadro 1/2', TRUPER",P804,Dados y accesorios 1/2',DADOS Y ACCESORIOS (TODAS LAS MEDIDAS)
13272,D-1222-M,"Dado de 22 mm, 6 puntas, cuadro 1/2', TRUPER",P804,Dados y accesorios 1/2',DADOS Y ACCESORIOS (TODAS LAS MEDIDAS)
13273,D-1223-M,"Dado de 23 mm, 6 puntas, cuadro 1/2', TRUPER",P804,Dados y accesorios 1/2',DADOS Y ACCESORIOS (TODAS LAS MEDIDAS)
13274,D-1224-M,"Dado de 24 mm, 6 puntas, cuadro 1/2', TRUPER",P804,Dados y accesorios 1/2',DADOS Y ACCESORIOS (TODAS LAS MEDIDAS)
13275,D-1225-M,"Dado de 25 mm, 6 puntas, cuadro 1/2', TRUPER",P804,Dados y accesorios 1/2',DADOS Y ACCESORIOS (TODAS LAS MEDIDAS)
13281,D-1241-6M,"Dado punta hexagonal de 6 mm, cuadro 1/2', TRUPER",P804,Dados y accesorios 1/2',DADOS Y ACCESORIOS (TODAS LAS MEDIDAS)
13282,D-1241-8M,"Dado punta hexagonal de 8 mm, cuadro 1/2', TRUPER",P804,Dados y accesorios 1/2',DADOS Y ACCESORIOS (TODAS LAS MEDIDAS)
13283,D-1241-10M,"Dado punta hexagonal de 10 mm, cuadro 1/2', TRUPER",P804,Dados y accesorios 1/2',DADOS Y ACCESORIOS (TODAS LAS MEDIDAS)
13284,D-1241-12M,"Dado punta hexagonal de 12 mm, cuadro 1/2', TRUPER",P804,Dados y accesorios 1/2',DADOS Y ACCESORIOS (TODAS LAS MEDIDAS)
13285,D-1241-14M,"Dado punta hexagonal de 14 mm, cuadro 1/2', TRUPER",P804,Dados y accesorios 1/2',DADOS Y ACCESORIOS (TODAS LAS MEDIDAS)
13286,D-1241-17M,"Dado punta hexagonal de 17 mm, cuadro 1/2', TRUPER",P804,Dados y accesorios 1/2',DADOS Y ACCESORIOS (TODAS LAS MEDIDAS)
13299,D-1210,"Dado de 5/16', 12 puntas, cuadro 1/2', TRUPER",P804,Dados y accesorios 1/2',DADOS Y ACCESORIOS (TODAS LAS MEDIDAS)
13300,D-1212,"Dado de 3/8', 12 puntas, cuadro 1/2', TRUPER",P804,Dados y accesorios 1/2',DADOS Y ACCESORIOS (TODAS LAS MEDIDAS)
13301,D-1214,"Dado de 7/16', 12 puntas, cuadro 1/2', TRUPER",P804,Dados y accesorios 1/2',DADOS Y ACCESORIOS (TODAS LAS MEDIDAS)
13303,D-1218,"Dado de 9/16', 12 puntas, cuadro 1/2', TRUPER",P804,Dados y accesorios 1/2',DADOS Y ACCESORIOS (TODAS LAS MEDIDAS)
13304,D-1220,"Dado de 5/8', 12 puntas, cuadro 1/2', TRUPER",P804,Dados y accesorios 1/2',DADOS Y ACCESORIOS (TODAS LAS MEDIDAS)
13305,D-1222,"Dado de 11/16', 12 puntas, cuadro 1/2', TRUPER",P804,Dados y accesorios 1/2',DADOS Y ACCESORIOS (TODAS LAS MEDIDAS)
13306,D-1224,"Dado de 3/4', 12 puntas, cuadro 1/2', TRUPER",P804,Dados y accesorios 1/2',DADOS Y ACCESORIOS (TODAS LAS MEDIDAS)
13307,D-1226,"Dado de 13/16', 12 puntas, cuadro 1/2', TRUPER",P804,Dados y accesorios 1/2',DADOS Y ACCESORIOS (TODAS LAS MEDIDAS)
13308,D-1228,"Dado de 7/8', 12 puntas, cuadro 1/2', TRUPER",P804,Dados y accesorios 1/2',DADOS Y ACCESORIOS (TODAS LAS MEDIDAS)
13309,D-1230,"Dado de 15/16', 12 puntas, cuadro 1/2', TRUPER",P804,Dados y accesorios 1/2',DADOS Y ACCESORIOS (TODAS LAS MEDIDAS)
13323,D-1212-HL,"Dado largo de 3/8', 6 puntas, cuadro 1/2', TRUPER",P804,Dados y accesorios 1/2',DADOS Y ACCESORIOS (TODAS LAS MEDIDAS)
13324,D-1214-HL,"Dado largo de 7/16', 6 puntas, cuadro 1/2', TRUPER",P804,Dados y accesorios 1/2',DADOS Y ACCESORIOS (TODAS LAS MEDIDAS)
13326,D-1218-HL,"Dado largo de 9/16', 6 puntas, cuadro 1/2', TRUPER",P804,Dados y accesorios 1/2',DADOS Y ACCESORIOS (TODAS LAS MEDIDAS)
13327,D-1220-HL,"Dado largo de 5/8', 6 puntas, cuadro 1/2', TRUPER",P804,Dados y accesorios 1/2',DADOS Y ACCESORIOS (TODAS LAS MEDIDAS)
13328,D-1222-HL,"Dado largo de 11/16', 6 puntas, cuadro 1/2', TRUPER",P804,Dados y accesorios 1/2',DADOS Y ACCESORIOS (TODAS LAS MEDIDAS)
13329,D-1224-HL,"Dado largo de 3/4', 6 puntas, cuadro 1/2', TRUPER",P804,Dados y accesorios 1/2',DADOS Y ACCESORIOS (TODAS LAS MEDIDAS)
13330,D-1226-HL,"Dado largo de 13/16', 6 puntas, cuadro 1/2', TRUPER",P804,Dados y accesorios 1/2',DADOS Y ACCESORIOS (TODAS LAS MEDIDAS)
13331,D-1228-HL,"Dado largo de 7/8', 6 puntas, cuadro 1/2', TRUPER",P804,Dados y accesorios 1/2',DADOS Y ACCESORIOS (TODAS LAS MEDIDAS)
13332,D-1230-HL,"Dado largo de 15/16', 6 puntas, cuadro 1/2', TRUPER",P804,Dados y accesorios 1/2',DADOS Y ACCESORIOS (TODAS LAS MEDIDAS)
13350,D-1210-ML,"Dado largo de 10 mm, 6 puntas, cuadro 1/2', TRUPER",P804,Dados y accesorios 1/2',DADOS Y ACCESORIOS (TODAS LAS MEDIDAS)
13351,D-1211-ML,"Dado largo de 11 mm, 6 puntas, cuadro 1/2', TRUPER",P804,Dados y accesorios 1/2',DADOS Y ACCESORIOS (TODAS LAS MEDIDAS)
13352,D-1212-ML,"Dado largo de 12 mm, 6 puntas, cuadro 1/2', TRUPER",P804,Dados y accesorios 1/2',DADOS Y ACCESORIOS (TODAS LAS MEDIDAS)
13353,D-1213-ML,"Dado largo de 13 mm, 6 puntas, cuadro 1/2', TRUPER",P804,Dados y accesorios 1/2',DADOS Y ACCESORIOS (TODAS LAS MEDIDAS)
13354,D-1214-ML,"Dado largo de 14 mm, 6 puntas, cuadro 1/2', TRUPER",P804,Dados y accesorios 1/2',DADOS Y ACCESORIOS (TODAS LAS MEDIDAS)
13355,D-1215-ML,"Dado largo de 15 mm, 6 puntas, cuadro 1/2', TRUPER",P804,Dados y accesorios 1/2',DADOS Y ACCESORIOS (TODAS LAS MEDIDAS)
13356,D-1216-ML,"Dado largo de 16 mm, 6 puntas, cuadro 1/2', TRUPER",P804,Dados y accesorios 1/2',DADOS Y ACCESORIOS (TODAS LAS MEDIDAS)
13357,D-1217-ML,"Dado largo de 17 mm, 6 puntas, cuadro 1/2', TRUPER",P804,Dados y accesorios 1/2',DADOS Y ACCESORIOS (TODAS LAS MEDIDAS)
13358,D-1218-ML,"Dado largo de 18 mm, 6 puntas, cuadro 1/2', TRUPER",P804,Dados y accesorios 1/2',DADOS Y ACCESORIOS (TODAS LAS MEDIDAS)
13359,D-1219-ML,"Dado largo de 19 mm, 6 puntas, cuadro 1/2', TRUPER",P804,Dados y accesorios 1/2',DADOS Y ACCESORIOS (TODAS LAS MEDIDAS)
13361,D-1218-EL,"Dado largo de 9/16', 12 puntas, cuadro 1/2', TRUPER",P804,Dados y accesorios 1/2',DADOS Y ACCESORIOS (TODAS LAS MEDIDAS)
13362,D-1220-EL,"Dado largo de 5/8', 12 puntas, cuadro 1/2', TRUPER",P804,Dados y accesorios 1/2',DADOS Y ACCESORIOS (TODAS LAS MEDIDAS)
13363,D-1222-EL,"Dado largo de 11/16', 12 puntas, cuadro 1/2', TRUPER",P804,Dados y accesorios 1/2',DADOS Y ACCESORIOS (TODAS LAS MEDIDAS)
13364,D-1224-EL,"Dado largo de 3/4', 12 puntas, cuadro 1/2', TRUPER",P804,Dados y accesorios 1/2',DADOS Y ACCESORIOS (TODAS LAS MEDIDAS)
13366,D-1226-HPAL,"Dado largo para bujía de 13/16', 6 puntas, cuadro 1/2'",P804,Dados y accesorios 1/2',DADOS Y ACCESORIOS (TODAS LAS MEDIDAS)
13367,D-1226-EL,"Dado largo de 13/16', 12 puntas, cuadro 1/2', TRUPER",P804,Dados y accesorios 1/2',DADOS Y ACCESORIOS (TODAS LAS MEDIDAS)
13368,D-1228-EL,"Dado largo de 7/8', 12 puntas, cuadro 1/2', TRUPER",P804,Dados y accesorios 1/2',DADOS Y ACCESORIOS (TODAS LAS MEDIDAS)
13369,D-1230-EL,"Dado largo de 15/16', 12 puntas, cuadro 1/2', TRUPER",P804,Dados y accesorios 1/2',DADOS Y ACCESORIOS (TODAS LAS MEDIDAS)
13386,D-7312-HL,"Dado largo impacto de 3/8', 6 puntas, cuadro 1/2', TRUPER",P804,Dados y accesorios 1/2',DADOS Y ACCESORIOS (TODAS LAS MEDIDAS)
13387,D-7314-HL,"Dado largo impacto de 7/16', 6 puntas, cuadro 1/2', TRUPER",P804,Dados y accesorios 1/2',DADOS Y ACCESORIOS (TODAS LAS MEDIDAS)
13389,D-7318-HL,"Dado largo impacto de 9/16', 6 puntas, cuadro 1/2', TRUPER",P804,Dados y accesorios 1/2',DADOS Y ACCESORIOS (TODAS LAS MEDIDAS)
13390,D-7320-HL,"Dado largo impacto de 5/8', 6 puntas, cuadro 1/2', TRUPER",P804,Dados y accesorios 1/2',DADOS Y ACCESORIOS (TODAS LAS MEDIDAS)
13391,D-7322-HL,"Dado largo impacto de 11/16', 6 puntas, cuadro 1/2', TRUPER",P804,Dados y accesorios 1/2',DADOS Y ACCESORIOS (TODAS LAS MEDIDAS)
13392,D-7324-HL,"Dado largo impacto de 3/4', 6 puntas, cuadro 1/2', TRUPER",P804,Dados y accesorios 1/2',DADOS Y ACCESORIOS (TODAS LAS MEDIDAS)
13393,D-7326-HL,"Dado largo impacto de 13/16', 6 puntas, cuadro 1/2', TRUPER",P804,Dados y accesorios 1/2',DADOS Y ACCESORIOS (TODAS LAS MEDIDAS)
13394,D-7328-HL,"Dado largo impacto de 7/8', 6 puntas, cuadro 1/2', TRUPER",P804,Dados y accesorios 1/2',DADOS Y ACCESORIOS (TODAS LAS MEDIDAS)
13395,D-7330-HL,"Dado largo impacto de 15/16', 6 puntas, cuadro 1/2', TRUPER",P804,Dados y accesorios 1/2',DADOS Y ACCESORIOS (TODAS LAS MEDIDAS)
13434,D-543920-W,"Dado punta torx T-20, cuadro 1/2', TRUPER",P804,Dados y accesorios 1/2',DADOS Y ACCESORIOS (TODAS LAS MEDIDAS)
13435,D-543925-W,"Dado punta torx T-25, cuadro 1/2', TRUPER",P804,Dados y accesorios 1/2',DADOS Y ACCESORIOS (TODAS LAS MEDIDAS)
13436,D-543930-W,"Dado punta torx T-30, cuadro 1/2', TRUPER",P804,Dados y accesorios 1/2',DADOS Y ACCESORIOS (TODAS LAS MEDIDAS)
13437,D-543940-W,"Dado punta torx T-40, cuadro 1/2', TRUPER",P804,Dados y accesorios 1/2',DADOS Y ACCESORIOS (TODAS LAS MEDIDAS)
13438,D-543945-W,"Dado punta torx T-45, cuadro 1/2', TRUPER",P804,Dados y accesorios 1/2',DADOS Y ACCESORIOS (TODAS LAS MEDIDAS)
13439,D-543950-W,"Dado punta torx T-50, cuadro 1/2', TRUPER",P804,Dados y accesorios 1/2',DADOS Y ACCESORIOS (TODAS LAS MEDIDAS)
13440,D-543955-W,"Dado punta torx T-55, cuadro 1/2', TRUPER",P804,Dados y accesorios 1/2',DADOS Y ACCESORIOS (TODAS LAS MEDIDAS)
13523,D-1209-EM,"Dado de 9 mm, 12 puntas, cuadro 1/2', TRUPER",P804,Dados y accesorios 1/2',DADOS Y ACCESORIOS (TODAS LAS MEDIDAS)
13524,D-1210-EM,"Dado de 10 mm, 12 puntas, cuadro 1/2', TRUPER",P804,Dados y accesorios 1/2',DADOS Y ACCESORIOS (TODAS LAS MEDIDAS)
13525,D-1211-EM,"Dado de 11 mm, 12 puntas, cuadro 1/2', TRUPER",P804,Dados y accesorios 1/2',DADOS Y ACCESORIOS (TODAS LAS MEDIDAS)
13527,D-1213-EM,"Dado de 13 mm, 12 puntas, cuadro 1/2', TRUPER",P804,Dados y accesorios 1/2',DADOS Y ACCESORIOS (TODAS LAS MEDIDAS)
13528,D-1214-EM,"Dado de 14 mm, 12 puntas, cuadro 1/2', TRUPER",P804,Dados y accesorios 1/2',DADOS Y ACCESORIOS (TODAS LAS MEDIDAS)
13529,D-1215-EM,"Dado de 15 mm, 12 puntas, cuadro 1/2', TRUPER",P804,Dados y accesorios 1/2',DADOS Y ACCESORIOS (TODAS LAS MEDIDAS)
13530,D-1216-EM,"Dado de 16 mm, 12 puntas, cuadro 1/2', TRUPER",P804,Dados y accesorios 1/2',DADOS Y ACCESORIOS (TODAS LAS MEDIDAS)
13531,D-1217-EM,"Dado de 17 mm, 12 puntas, cuadro 1/2', TRUPER",P804,Dados y accesorios 1/2',DADOS Y ACCESORIOS (TODAS LAS MEDIDAS)
13532,D-1218-EM,"Dado de 18 mm, 12 puntas, cuadro 1/2', TRUPER",P804,Dados y accesorios 1/2',DADOS Y ACCESORIOS (TODAS LAS MEDIDAS)
13533,D-1219-EM,"Dado de 19 mm, 12 puntas, cuadro 1/2', TRUPER",P804,Dados y accesorios 1/2',DADOS Y ACCESORIOS (TODAS LAS MEDIDAS)
13534,D-1220-EM,"Dado de 20 mm, 12 puntas, cuadro 1/2', TRUPER",P804,Dados y accesorios 1/2',DADOS Y ACCESORIOS (TODAS LAS MEDIDAS)
13535,D-1221-EM,"Dado de 21 mm, 12 puntas, cuadro 1/2', TRUPER",P804,Dados y accesorios 1/2',DADOS Y ACCESORIOS (TODAS LAS MEDIDAS)
13536,D-1222-EM,"Dado de 22 mm, 12 puntas, cuadro 1/2', TRUPER",P804,Dados y accesorios 1/2',DADOS Y ACCESORIOS (TODAS LAS MEDIDAS)
13537,D-1223-EM,"Dado de 23 mm, 12 puntas, cuadro 1/2', TRUPER",P804,Dados y accesorios 1/2',DADOS Y ACCESORIOS (TODAS LAS MEDIDAS)
13538,D-1224-EM,"Dado de 24 mm, 12 puntas, cuadro 1/2', TRUPER",P804,Dados y accesorios 1/2',DADOS Y ACCESORIOS (TODAS LAS MEDIDAS)
13539,D-1225-EM,"Dado de 25 mm, 12 puntas, cuadro 1/2', TRUPER",P804,Dados y accesorios 1/2',DADOS Y ACCESORIOS (TODAS LAS MEDIDAS)
13540,D-1226-EM,"Dado de 26 mm, 12 puntas, cuadro 1/2', TRUPER",P804,Dados y accesorios 1/2',DADOS Y ACCESORIOS (TODAS LAS MEDIDAS)
13541,D-1227-EM,"Dado de 27 mm, 12 puntas, cuadro 1/2', TRUPER",P804,Dados y accesorios 1/2',DADOS Y ACCESORIOS (TODAS LAS MEDIDAS)
13542,D-1228-EM,"Dado de 28 mm, 12 puntas, cuadro 1/2', TRUPER",P804,Dados y accesorios 1/2',DADOS Y ACCESORIOS (TODAS LAS MEDIDAS)
13543,D-1229-EM,"Dado de 29 mm, 12 puntas, cuadro 1/2', TRUPER",P804,Dados y accesorios 1/2',DADOS Y ACCESORIOS (TODAS LAS MEDIDAS)
13544,D-1230-EM,"Dado de 30 mm, 12 puntas, cuadro 1/2', TRUPER",P804,Dados y accesorios 1/2',DADOS Y ACCESORIOS (TODAS LAS MEDIDAS)
13545,D-1232-EM,"Dado de 32 mm, 12 puntas, cuadro 1/2', TRUPER",P804,Dados y accesorios 1/2',DADOS Y ACCESORIOS (TODAS LAS MEDIDAS)
10026,JDTH-1/2X10,"Juego de 10 dados cuadro 1/2' torx, TRUPER",P804,Dados y accesorios 1/2',DADOS Y ACCESORIOS (TODAS LAS MEDIDAS)
100895,D-7422-M,"Dado de impacto de 22 mm, 6 puntas, cuadro 1/2', TRUPER",P804,Dados y accesorios 1/2',DADOS Y ACCESORIOS (TODAS LAS MEDIDAS)
100896,D-7423-M,"Dado de impacto de 23 mm, 6 puntas, cuadro 1/2', TRUPER",P804,Dados y accesorios 1/2',DADOS Y ACCESORIOS (TODAS LAS MEDIDAS)
100897,D-7424-M,"Dado de impacto de 24 mm, 6 puntas, cuadro 1/2', TRUPER",P804,Dados y accesorios 1/2',DADOS Y ACCESORIOS (TODAS LAS MEDIDAS)
100898,D-7425-M,"Dado de impacto de 25 mm, 6 puntas, cuadro 1/2', TRUPER",P804,Dados y accesorios 1/2',DADOS Y ACCESORIOS (TODAS LAS MEDIDAS)
100899,D-7426-M,"Dado de impacto de 26 mm, 6 puntas, cuadro 1/2', TRUPER",P804,Dados y accesorios 1/2',DADOS Y ACCESORIOS (TODAS LAS MEDIDAS)
100920,D-7427-M,"Dado de impacto de 27 mm, 6 puntas, cuadro 1/2', TRUPER",P804,Dados y accesorios 1/2',DADOS Y ACCESORIOS (TODAS LAS MEDIDAS)
100941,JDI-1/2X3LP,Juego 3 dados largos 1/2' impacto protección plástica 6p std,P804,Dados y accesorios 1/2',DADOS Y ACCESORIOS (TODAS LAS MEDIDAS)
100942,JDI-1/2X3MP,Juego 3 dados largos 1/2' impacto protección plástica 6p mm,P804,Dados y accesorios 1/2',DADOS Y ACCESORIOS (TODAS LAS MEDIDAS)
100943,JDI-1/2X12H,Juego de 12 dados cuadro 1/2' de impacto 6 puntas std,P804,Dados y accesorios 1/2',DADOS Y ACCESORIOS (TODAS LAS MEDIDAS)
100944,JDI-1/2X12M,"Juego de 12 dados de impacto cuadro 1/2', 6 puntas mm",P804,Dados y accesorios 1/2',DADOS Y ACCESORIOS (TODAS LAS MEDIDAS)
100945,JDI-1/2X12HL,Juego de 12 dados largos cuadro 1/2' de impacto 6 puntas std,P804,Dados y accesorios 1/2',DADOS Y ACCESORIOS (TODAS LAS MEDIDAS)
100946,JDI-1/2X12ML,"Juego de 12 dados largos de impacto cuadro 1/2', 6 puntas mm",P804,Dados y accesorios 1/2',DADOS Y ACCESORIOS (TODAS LAS MEDIDAS)
100999,D-1238-HL,"Dado largo de 1-3/16', 6 puntas, cuadro 1/2', TRUPER",P804,Dados y accesorios 1/2',DADOS Y ACCESORIOS (TODAS LAS MEDIDAS)
101004,D-1238-EL,"Dado largo de 1-3/16' 12 puntas, cuadro 1/2', TRUPER",P804,Dados y accesorios 1/2',DADOS Y ACCESORIOS (TODAS LAS MEDIDAS)
101305,JD-1/2X7-BC,"Juego de 7 dados cuadro 1/2' punta corta bristol, en estuche",P804,Dados y accesorios 1/2',DADOS Y ACCESORIOS (TODAS LAS MEDIDAS)
101306,JD-1/2X7-BL,"Juego de 7 dados cuadro 1/2' punta larga bristol, en estuche",P804,Dados y accesorios 1/2',DADOS Y ACCESORIOS (TODAS LAS MEDIDAS)
102237,JPT-1/2X7T,"Juego de 7 dados cuadro 1/2' punta torx, TRUPER",P804,Dados y accesorios 1/2',DADOS Y ACCESORIOS (TODAS LAS MEDIDAS)
102238,JPH-1/2X7M,"Juego de 7 dados cuadro 1/2' punta hexagonal mm, TRUPER",P804,Dados y accesorios 1/2',DADOS Y ACCESORIOS (TODAS LAS MEDIDAS)
102239,JPH-1/2X7P,"Juego de 7 dados cuadro 1/2' punta hexagonal std, TRUPER",P804,Dados y accesorios 1/2',DADOS Y ACCESORIOS (TODAS LAS MEDIDAS)
12410,D-7410-M,"Dado cuadro 1/2' de impacto 6 puntas de 10 mm, TRUPER",P804,Dados y accesorios 1/2',DADOS Y ACCESORIOS (TODAS LAS MEDIDAS)
12411,D-7411-M,"Dado cuadro 1/2' de impacto 6 puntas de 11 mm, TRUPER",P804,Dados y accesorios 1/2',DADOS Y ACCESORIOS (TODAS LAS MEDIDAS)
12412,D-7412-M,"Dado cuadro 1/2' de impacto 6 puntas de 12 mm, TRUPER",P804,Dados y accesorios 1/2',DADOS Y ACCESORIOS (TODAS LAS MEDIDAS)
12413,D-7413-M,"Dado cuadro 1/2' de impacto 6 puntas de 13 mm, TRUPER",P804,Dados y accesorios 1/2',DADOS Y ACCESORIOS (TODAS LAS MEDIDAS)
12414,D-7414-M,"Dado cuadro 1/2' de impacto 6 puntas de 14 mm, TRUPER",P804,Dados y accesorios 1/2',DADOS Y ACCESORIOS (TODAS LAS MEDIDAS)
12415,D-7415-M,"Dado cuadro 1/2' de impacto 6 puntas de 15 mm, TRUPER",P804,Dados y accesorios 1/2',DADOS Y ACCESORIOS (TODAS LAS MEDIDAS)
12416,D-7416-M,"Dado cuadro 1/2' de impacto 6 puntas de 16 mm, TRUPER",P804,Dados y accesorios 1/2',DADOS Y ACCESORIOS (TODAS LAS MEDIDAS)
12417,D-7417-M,"Dado cuadro 1/2' de impacto 6 puntas de 17 mm, TRUPER",P804,Dados y accesorios 1/2',DADOS Y ACCESORIOS (TODAS LAS MEDIDAS)
12418,D-7418-M,"Dado cuadro 1/2' de impacto 6 puntas de 18 mm, TRUPER",P804,Dados y accesorios 1/2',DADOS Y ACCESORIOS (TODAS LAS MEDIDAS)
12419,D-7419-M,"Dado cuadro 1/2' de impacto 6 puntas de 19 mm, TRUPER",P804,Dados y accesorios 1/2',DADOS Y ACCESORIOS (TODAS LAS MEDIDAS)
12420,D-7420-M,"Dado cuadro 1/2' de impacto 6 puntas de 20 mm, TRUPER",P804,Dados y accesorios 1/2',DADOS Y ACCESORIOS (TODAS LAS MEDIDAS)
12421,D-7421-M,"Dado cuadro 1/2' de impacto 6 puntas de 21 mm, TRUPER",P804,Dados y accesorios 1/2',DADOS Y ACCESORIOS (TODAS LAS MEDIDAS)
12422,D-7310-ML,"Dado largo cuadro 1/2' de impacto 6 puntas de 10 mm, TRUPER",P804,Dados y accesorios 1/2',DADOS Y ACCESORIOS (TODAS LAS MEDIDAS)
12423,D-7311-ML,"Dado largo cuadro 1/2' de impacto 6 puntas de 11 mm, TRUPER",P804,Dados y accesorios 1/2',DADOS Y ACCESORIOS (TODAS LAS MEDIDAS)
12424,D-7312-ML,"Dado largo cuadro 1/2' de impacto 6 puntas de 12 mm, TRUPER",P804,Dados y accesorios 1/2',DADOS Y ACCESORIOS (TODAS LAS MEDIDAS)
12425,D-7313-ML,"Dado largo cuadro 1/2' de impacto 6 puntas de 13 mm, TRUPER",P804,Dados y accesorios 1/2',DADOS Y ACCESORIOS (TODAS LAS MEDIDAS)
12426,D-7314-ML,"Dado largo cuadro 1/2' de impacto 6 puntas de 14 mm, TRUPER",P804,Dados y accesorios 1/2',DADOS Y ACCESORIOS (TODAS LAS MEDIDAS)
12427,D-7315-ML,"Dado largo cuadro 1/2' de impacto 6 puntas de 15 mm, TRUPER",P804,Dados y accesorios 1/2',DADOS Y ACCESORIOS (TODAS LAS MEDIDAS)
12428,D-7316-ML,"Dado largo cuadro 1/2' de impacto 6 puntas de 16 mm, TRUPER",P804,Dados y accesorios 1/2',DADOS Y ACCESORIOS (TODAS LAS MEDIDAS)
12429,D-7317-ML,"Dado largo cuadro 1/2' de impacto 6 puntas de 17 mm, TRUPER",P804,Dados y accesorios 1/2',DADOS Y ACCESORIOS (TODAS LAS MEDIDAS)
12430,D-7318-ML,"Dado largo cuadro 1/2' de impacto 6 puntas de 18 mm, TRUPER",P804,Dados y accesorios 1/2',DADOS Y ACCESORIOS (TODAS LAS MEDIDAS)
12431,D-7319-ML,"Dado largo cuadro 1/2' de impacto 6 puntas de 19 mm, TRUPER",P804,Dados y accesorios 1/2',DADOS Y ACCESORIOS (TODAS LAS MEDIDAS)
12432,D-7320-ML,"Dado largo cuadro 1/2' de impacto 6 puntas de 20 mm, TRUPER",P804,Dados y accesorios 1/2',DADOS Y ACCESORIOS (TODAS LAS MEDIDAS)
12433,D-7321-ML,"Dado largo cuadro 1/2' de impacto 6 puntas de 21 mm, TRUPER",P804,Dados y accesorios 1/2',DADOS Y ACCESORIOS (TODAS LAS MEDIDAS)
13232,D-1216-H,"Dado de 1/2', 6 puntas, cuadro 1/2', TRUPER",P804,Dados y accesorios 1/2',DADOS Y ACCESORIOS (TODAS LAS MEDIDAS)
13240,D-1232-H,"Dado de 1', 6 puntas, cuadro 1/2', TRUPER",P804,Dados y accesorios 1/2',DADOS Y ACCESORIOS (TODAS LAS MEDIDAS)
13243,D-1238-H,"Dado de 1-3/16', 6 puntas, cuadro 1/2', TRUPER",P804,Dados y accesorios 1/2',DADOS Y ACCESORIOS (TODAS LAS MEDIDAS)
13252,D-1241-5/16,"Dado punta hexagonal de 5/16', cuadro 1/2', TRUPER",P804,Dados y accesorios 1/2',DADOS Y ACCESORIOS (TODAS LAS MEDIDAS)
13253,D-1241-3/8,"Dado punta hexagonal de 3/8', cuadro 1/2', TRUPER",P804,Dados y accesorios 1/2',DADOS Y ACCESORIOS (TODAS LAS MEDIDAS)
13254,D-1241-7/16,"Dado punta hexagonal de 7/16', cuadro 1/2', TRUPER",P804,Dados y accesorios 1/2',DADOS Y ACCESORIOS (TODAS LAS MEDIDAS)
13256,D-1241-9/16,"Dado punta hexagonal de 9/16', cuadro 1/2', TRUPER",P804,Dados y accesorios 1/2',DADOS Y ACCESORIOS (TODAS LAS MEDIDAS)
13257,D-1241-5/8,"Dado punta hexagonal de 5/8', cuadro 1/2', TRUPER",P804,Dados y accesorios 1/2',DADOS Y ACCESORIOS (TODAS LAS MEDIDAS)
13302,D-1216,"Dado de 1/2', 12 puntas, cuadro 1/2', TRUPER",P804,Dados y accesorios 1/2',DADOS Y ACCESORIOS (TODAS LAS MEDIDAS)
13310,D-1232,"Dado de 1', 12 puntas, cuadro 1/2', TRUPER",P804,Dados y accesorios 1/2',DADOS Y ACCESORIOS (TODAS LAS MEDIDAS)
13313,D-1238,"Dado de 1-3/16', 12 puntas, cuadro 1/2', TRUPER",P804,Dados y accesorios 1/2',DADOS Y ACCESORIOS (TODAS LAS MEDIDAS)
13325,D-1216-HL,"Dado largo de 1/2', 6 puntas, cuadro 1/2', TRUPER",P804,Dados y accesorios 1/2',DADOS Y ACCESORIOS (TODAS LAS MEDIDAS)
13333,D-1232-HL,"Dado largo de 1', 6 puntas, cuadro 1/2', TRUPER",P804,Dados y accesorios 1/2',DADOS Y ACCESORIOS (TODAS LAS MEDIDAS)
13360,D-1216-EL,"Dado largo de 1/2', 12 puntas, cuadro 1/2', TRUPER",P804,Dados y accesorios 1/2',DADOS Y ACCESORIOS (TODAS LAS MEDIDAS)
13365,D-1220-50L,"Dado largo para bujía de 5/8', 6 puntas, cuadro de 1/2'",P804,Dados y accesorios 1/2',DADOS Y ACCESORIOS (TODAS LAS MEDIDAS)
13370,D-1232-EL,"Dado largo de 1', 12 puntas, cuadro 1/2', TRUPER",P804,Dados y accesorios 1/2',DADOS Y ACCESORIOS (TODAS LAS MEDIDAS)
13375,D-7412-H,"Dado de impacto de 3/8', 6 puntas, cuadro 1/2', TRUPER",P804,Dados y accesorios 1/2',DADOS Y ACCESORIOS (TODAS LAS MEDIDAS)
13376,D-7414-H,"Dado de impacto de 7/16', 6 puntas, cuadro 1/2', TRUPER",P804,Dados y accesorios 1/2',DADOS Y ACCESORIOS (TODAS LAS MEDIDAS)
13377,D-7416-H,"Dado de impacto de 1/2', 6 puntas, cuadro 1/2', TRUPER",P804,Dados y accesorios 1/2',DADOS Y ACCESORIOS (TODAS LAS MEDIDAS)
13378,D-7418-H,"Dado de impacto de 9/16', 6 puntas, cuadro 1/2', TRUPER",P804,Dados y accesorios 1/2',DADOS Y ACCESORIOS (TODAS LAS MEDIDAS)
13379,D-7420-H,"Dado de impacto de 5/8', 6 puntas cuadro 1/2', TRUPER",P804,Dados y accesorios 1/2',DADOS Y ACCESORIOS (TODAS LAS MEDIDAS)
13380,D-7422-H,"Dado de impacto de 11/16', 6 puntas, cuadro 1/2', TRUPER",P804,Dados y accesorios 1/2',DADOS Y ACCESORIOS (TODAS LAS MEDIDAS)
13381,D-7424-H,"Dado de impacto de 3/4', 6 puntas, cuadro 1/2', TRUPER",P804,Dados y accesorios 1/2',DADOS Y ACCESORIOS (TODAS LAS MEDIDAS)
13382,D-7426-H,"Dado de impacto de 13/16', 6 puntas, cuadro 1/2', TRUPER",P804,Dados y accesorios 1/2',DADOS Y ACCESORIOS (TODAS LAS MEDIDAS)
13383,D-7428-H,"Dado de impacto de 7/8', 6 puntas, cuadro 1/2', TRUPER",P804,Dados y accesorios 1/2',DADOS Y ACCESORIOS (TODAS LAS MEDIDAS)
13384,D-7430-H,"Dado de impacto de 15/16', 6 puntas, cuadro 1/2', TRUPER",P804,Dados y accesorios 1/2',DADOS Y ACCESORIOS (TODAS LAS MEDIDAS)
13385,D-7432-H,"Dado de impacto de 1', 6 puntas, cuadro 1/2', TRUPER",P804,Dados y accesorios 1/2',DADOS Y ACCESORIOS (TODAS LAS MEDIDAS)
13388,D-7316-HL,"Dado largo impacto de 1/2', 6 puntas, cuadro 1/2', TRUPER",P804,Dados y accesorios 1/2',DADOS Y ACCESORIOS (TODAS LAS MEDIDAS)
13396,D-7332-HL,"Dado largo impacto de 1', 6 puntas, cuadro 1/2', TRUPER",P804,Dados y accesorios 1/2',DADOS Y ACCESORIOS (TODAS LAS MEDIDAS)
13526,D-1212-EM,"Dado de 12 mm, 12 puntas, cuadro 1/2', TRUPER",P804,Dados y accesorios 1/2',DADOS Y ACCESORIOS (TODAS LAS MEDIDAS)
13926,JPH-1/2X6M,"Juego de 6 dados cuadro 1/2' punta hex mm, estuche metálico",P804,Dados y accesorios 1/2',DADOS Y ACCESORIOS (TODAS LAS MEDIDAS)
13928,JPT-1/2X7,"Juego de 7 dados cuadro 1/2' punta torx, estuche metálico",P804,Dados y accesorios 1/2',DADOS Y ACCESORIOS (TODAS LAS MEDIDAS)
13929,JPH-1/2X7PH,"Juego de 7 dados cuadro 1/2' punta hex std, estuche metálico",P804,Dados y accesorios 1/2',DADOS Y ACCESORIOS (TODAS LAS MEDIDAS)
14174,JD-1/2X6LP,"Juego 6 dados largos cuadro 1/2' std, TRUPER",P804,Dados y accesorios 1/2',DADOS Y ACCESORIOS (TODAS LAS MEDIDAS)
14175,JD-1/2X6LM,"Juego 6 dados largos cuadro 1/2' mm, TRUPER",P804,Dados y accesorios 1/2',DADOS Y ACCESORIOS (TODAS LAS MEDIDAS)
14176,JD-1/2X10P,"Juego de 10 dados cuadro 1/2' std, TRUPER",P804,Dados y accesorios 1/2',DADOS Y ACCESORIOS (TODAS LAS MEDIDAS)
14177,JD-1/2X10M,"Juego de 10 dados cuadro 1/2' mm, TRUPER",P804,Dados y accesorios 1/2',DADOS Y ACCESORIOS (TODAS LAS MEDIDAS)
21170,JD-1/2X9SAE-P,"Juego de 8 dados cuadro 1/2' std, PRETUL",P804,Dados y accesorios 1/2',DADOS Y ACCESORIOS (TODAS LAS MEDIDAS)
21176,JD-1/2X9MM-P,"Juego de 8 dados cuadro 1/2' mm, PRETUL",P804,Dados y accesorios 1/2',DADOS Y ACCESORIOS (TODAS LAS MEDIDAS)
100997,D-1234-HL,"Dado largo de 1-1/16', 6 puntas, cuadro 1/2', TRUPER",P804,Dados y accesorios 1/2',DADOS Y ACCESORIOS (TODAS LAS MEDIDAS)
100998,D-1236-HL,"Dado largo de 1-1/8', 6 puntas, cuadro 1/2', TRUPER",P804,Dados y accesorios 1/2',DADOS Y ACCESORIOS (TODAS LAS MEDIDAS)
101000,D-1240-HL,"Dado largo de 1-1/4', 6 puntas, cuadro 1/2', TRUPER",P804,Dados y accesorios 1/2',DADOS Y ACCESORIOS (TODAS LAS MEDIDAS)
101005,D-1240-EL,"Dado largo de 1-1/4' 12 puntas, cuadro 1/2', TRUPER",P804,Dados y accesorios 1/2',DADOS Y ACCESORIOS (TODAS LAS MEDIDAS)
13241,D-1234-H,"Dado de 1-1/16', 6 puntas, cuadro 1/2', TRUPER",P804,Dados y accesorios 1/2',DADOS Y ACCESORIOS (TODAS LAS MEDIDAS)
13242,D-1236-H,"Dado de 1-1/8', 6 puntas, cuadro 1/2', TRUPER",P804,Dados y accesorios 1/2',DADOS Y ACCESORIOS (TODAS LAS MEDIDAS)
13244,D-1240-H,"Dado de 1-1/4', 6 puntas, cuadro 1/2', TRUPER",P804,Dados y accesorios 1/2',DADOS Y ACCESORIOS (TODAS LAS MEDIDAS)
13251,D-1241-1/4,"Dado punta hexagonal de 1/4', cuadro 1/2', TRUPER",P804,Dados y accesorios 1/2',DADOS Y ACCESORIOS (TODAS LAS MEDIDAS)
13255,D-1241-1/2,"Dado punta hexagonal de 1/2', cuadro 1/2', TRUPER",P804,Dados y accesorios 1/2',DADOS Y ACCESORIOS (TODAS LAS MEDIDAS)
13311,D-1234,"Dado de 1-1/16', 12 puntas, cuadro 1/2', TRUPER",P804,Dados y accesorios 1/2',DADOS Y ACCESORIOS (TODAS LAS MEDIDAS)
13312,D-1236,"Dado de 1-1/8', 12 puntas, cuadro 1/2', TRUPER",P804,Dados y accesorios 1/2',DADOS Y ACCESORIOS (TODAS LAS MEDIDAS)
13314,D-1240,"Dado de 1-1/4', 12 puntas, cuadro 1/2', TRUPER",P804,Dados y accesorios 1/2',DADOS Y ACCESORIOS (TODAS LAS MEDIDAS)
13371,D-1234-EL,"Dado largo de 1-1/16', 12 puntas, cuadro 1/2', TRUPER",P804,Dados y accesorios 1/2',DADOS Y ACCESORIOS (TODAS LAS MEDIDAS)
13372,D-1236-EL,"Dado largo de 1-1/8', 12 puntas, cuadro 1/2', TRUPER",P804,Dados y accesorios 1/2',DADOS Y ACCESORIOS (TODAS LAS MEDIDAS)
13397,D-7434-H,"Dado de impacto de 1-1/16', 6 puntas, cuadro 1/2', TRUPER",P804,Dados y accesorios 1/2',DADOS Y ACCESORIOS (TODAS LAS MEDIDAS)
13398,D-7436-H,"Dado de impacto de 1-1/8', 6 puntas, cuadro 1/2', TRUPER",P804,Dados y accesorios 1/2',DADOS Y ACCESORIOS (TODAS LAS MEDIDAS)
13399,D-7440-H,"Dado de impacto de 1-1/4', 6 puntas, cuadro 1/2', TRUPER",P804,Dados y accesorios 1/2',DADOS Y ACCESORIOS (TODAS LAS MEDIDAS)
13400,D-7334-HL,"Dado largo impacto de 1-1/16', 6 puntas, cuadro 1/2',Truper",P804,Dados y accesorios 1/2',DADOS Y ACCESORIOS (TODAS LAS MEDIDAS)
13401,D-7336-HL,"Dado largo impacto de 1-1/8', 6 puntas, cuadro 1/2', TRUPER",P804,Dados y accesorios 1/2',DADOS Y ACCESORIOS (TODAS LAS MEDIDAS)
13402,D-7340-HL,"Dado largo impacto de 1-1/4', 6 puntas, cuadro 1/2', TRUPER",P804,Dados y accesorios 1/2',DADOS Y ACCESORIOS (TODAS LAS MEDIDAS)
100873,D-1406-B,"Dado de 3/16', 12 puntas, cuadro 1/4', TRUPER",P805,Dados y accesorios 1/4',DADOS Y ACCESORIOS (TODAS LAS MEDIDAS)
100874,D-1407-B,"Dado de 7/32', 12 puntas, cuadro 1/4', TRUPER",P805,Dados y accesorios 1/4',DADOS Y ACCESORIOS (TODAS LAS MEDIDAS)
100876,D-1409-B,"Dado de 9/32', 12 puntas, cuadro 1/4', TRUPER",P805,Dados y accesorios 1/4',DADOS Y ACCESORIOS (TODAS LAS MEDIDAS)
100878,D-1410-B,"Dado de 5/16', 12 puntas, cuadro 1/4', TRUPER",P805,Dados y accesorios 1/4',DADOS Y ACCESORIOS (TODAS LAS MEDIDAS)
100879,D-1411-B,"Dado de 11/32', 12 puntas, cuadro 1/4', TRUPER",P805,Dados y accesorios 1/4',DADOS Y ACCESORIOS (TODAS LAS MEDIDAS)
100916,D-1418,"Dado de 9/16', 6 puntas, cuadro 1/4', TRUPER",P805,Dados y accesorios 1/4',DADOS Y ACCESORIOS (TODAS LAS MEDIDAS)
100917,D-1405-B,"Dado de 5/32', 12 puntas, cuadro 1/4', TRUPER",P805,Dados y accesorios 1/4',DADOS Y ACCESORIOS (TODAS LAS MEDIDAS)
100953,D-1414-BM,"Dado de 14 mm, 12 puntas, cuadro 1/4', TRUPER",P805,Dados y accesorios 1/4',DADOS Y ACCESORIOS (TODAS LAS MEDIDAS)
100961,D-1412-B,"Dado de 3/8', 12 puntas, cuadro 1/4', TRUPER",P805,Dados y accesorios 1/4',DADOS Y ACCESORIOS (TODAS LAS MEDIDAS)
100962,D-1414-B,"Dado de 7/16', 12 puntas, cuadro 1/4', TRUPER",P805,Dados y accesorios 1/4',DADOS Y ACCESORIOS (TODAS LAS MEDIDAS)
100965,D-1418-B,"Dado de 9/16', 12 puntas, cuadro 1/4', TRUPER",P805,Dados y accesorios 1/4',DADOS Y ACCESORIOS (TODAS LAS MEDIDAS)
100967,D-1414-M,"Dado de 14 mm, 6 puntas, cuadro 1/4', TRUPER",P805,Dados y accesorios 1/4',DADOS Y ACCESORIOS (TODAS LAS MEDIDAS)
100969,D-1405-LM,"Dado largo de 5 mm, 6 puntas, cuadro 1/4', TRUPER",P805,Dados y accesorios 1/4',DADOS Y ACCESORIOS (TODAS LAS MEDIDAS)
100974,D-1405-BM,"Dado de 5 mm, 12 puntas, cuadro 1/4', TRUPER",P805,Dados y accesorios 1/4',DADOS Y ACCESORIOS (TODAS LAS MEDIDAS)
100978,D-1406-BM,"Dado de 6 mm, 12 puntas, cuadro 1/4', TRUPER",P805,Dados y accesorios 1/4',DADOS Y ACCESORIOS (TODAS LAS MEDIDAS)
100979,D-1407-BM,"Dado de 7 mm, 12 puntas, cuadro 1/4', TRUPER",P805,Dados y accesorios 1/4',DADOS Y ACCESORIOS (TODAS LAS MEDIDAS)
100980,D-1408-BM,"Dado de 8 mm, 12 puntas, cuadro 1/4', TRUPER",P805,Dados y accesorios 1/4',DADOS Y ACCESORIOS (TODAS LAS MEDIDAS)
100981,D-1409-BM,"Dado de 9 mm, 12 puntas, cuadro 1/4', TRUPER",P805,Dados y accesorios 1/4',DADOS Y ACCESORIOS (TODAS LAS MEDIDAS)
100982,D-1410-BM,"Dado de 10 mm, 12 puntas, cuadro 1/4', TRUPER",P805,Dados y accesorios 1/4',DADOS Y ACCESORIOS (TODAS LAS MEDIDAS)
100984,D-1411-BM,"Dado de 11 mm, 12 puntas, cuadro 1/4', TRUPER",P805,Dados y accesorios 1/4',DADOS Y ACCESORIOS (TODAS LAS MEDIDAS)
100987,D-1413-BM,"Dado de 13 mm, 12 puntas, cuadro 1/4', TRUPER",P805,Dados y accesorios 1/4',DADOS Y ACCESORIOS (TODAS LAS MEDIDAS)
13153,D-1405,"Dado de 5/32', 6 puntas, cuadro 1/4', TRUPER",P805,Dados y accesorios 1/4',DADOS Y ACCESORIOS (TODAS LAS MEDIDAS)
13154,D-1406,"Dado de 3/16', 6 puntas, cuadro 1/4', TRUPER",P805,Dados y accesorios 1/4',DADOS Y ACCESORIOS (TODAS LAS MEDIDAS)
13155,D-1407,"Dado de 7/32', 6 puntas, cuadro 1/4', TRUPER",P805,Dados y accesorios 1/4',DADOS Y ACCESORIOS (TODAS LAS MEDIDAS)
13157,D-1409,"Dado de 9/32', 6 puntas, cuadro 1/4', TRUPER",P805,Dados y accesorios 1/4',DADOS Y ACCESORIOS (TODAS LAS MEDIDAS)
13158,D-1410,"Dado de 5/16', 6 puntas, cuadro 1/4', TRUPER",P805,Dados y accesorios 1/4',DADOS Y ACCESORIOS (TODAS LAS MEDIDAS)
13159,D-1411,"Dado de 11/32', 6 puntas, cuadro 1/4', TRUPER",P805,Dados y accesorios 1/4',DADOS Y ACCESORIOS (TODAS LAS MEDIDAS)
13160,D-1412,"Dado de 3/8', 6 puntas, cuadro 1/4', TRUPER",P805,Dados y accesorios 1/4',DADOS Y ACCESORIOS (TODAS LAS MEDIDAS)
13161,D-1414,"Dado de 7/16', 6 puntas, cuadro 1/4', TRUPER",P805,Dados y accesorios 1/4',DADOS Y ACCESORIOS (TODAS LAS MEDIDAS)
13167,D-1405-M,"Dado de 5 mm, 6 puntas, cuadro 1/4', TRUPER",P805,Dados y accesorios 1/4',DADOS Y ACCESORIOS (TODAS LAS MEDIDAS)
13169,D-1407-M,"Dado de 7 mm, 6 puntas, cuadro 1/4', TRUPER",P805,Dados y accesorios 1/4',DADOS Y ACCESORIOS (TODAS LAS MEDIDAS)
13170,D-1408-M,"Dado de 8 mm, 6 puntas, cuadro 1/4', TRUPER",P805,Dados y accesorios 1/4',DADOS Y ACCESORIOS (TODAS LAS MEDIDAS)
13171,D-1409-M,"Dado de 9 mm, 6 puntas, cuadro 1/4', TRUPER",P805,Dados y accesorios 1/4',DADOS Y ACCESORIOS (TODAS LAS MEDIDAS)
13172,D-1410-M,"Dado de 10 mm, 6 puntas, cuadro 1/4', TRUPER",P805,Dados y accesorios 1/4',DADOS Y ACCESORIOS (TODAS LAS MEDIDAS)
13173,D-1411-M,"Dado de 11 mm, 6 puntas, cuadro 1/4', TRUPER",P805,Dados y accesorios 1/4',DADOS Y ACCESORIOS (TODAS LAS MEDIDAS)
13174,D-1412-M,"Dado de 12 mm, 6 puntas, cuadro 1/4', TRUPER",P805,Dados y accesorios 1/4',DADOS Y ACCESORIOS (TODAS LAS MEDIDAS)
13175,D-1413-M,"Dado de 13 mm, 6 puntas, cuadro 1/4', TRUPER",P805,Dados y accesorios 1/4',DADOS Y ACCESORIOS (TODAS LAS MEDIDAS)
13183,D-1409-L,"Dado largo de 9/32', 6 puntas, cuadro 1/4', TRUPER",P805,Dados y accesorios 1/4',DADOS Y ACCESORIOS (TODAS LAS MEDIDAS)
13184,D-1410-L,"Dado largo de 5/16', 6 puntas, cuadro 1/4', TRUPER",P805,Dados y accesorios 1/4',DADOS Y ACCESORIOS (TODAS LAS MEDIDAS)
13185,D-1411-L,"Dado largo de 11/32', 6 puntas, cuadro 1/4', TRUPER",P805,Dados y accesorios 1/4',DADOS Y ACCESORIOS (TODAS LAS MEDIDAS)
13186,D-1412-L,"Dado largo de 3/8', 6 puntas, cuadro 1/4', TRUPER",P805,Dados y accesorios 1/4',DADOS Y ACCESORIOS (TODAS LAS MEDIDAS)
13187,D-1414-L,"Dado largo de 7/16', 6 puntas, cuadro 1/4', TRUPER",P805,Dados y accesorios 1/4',DADOS Y ACCESORIOS (TODAS LAS MEDIDAS)
13189,D-1418-L,"Dado largo de 9/16', 6 puntas, cuadro 1/4', TRUPER",P805,Dados y accesorios 1/4',DADOS Y ACCESORIOS (TODAS LAS MEDIDAS)
13201,D-1407-LM,"Dado largo de 7 mm, 6 puntas, cuadro 1/4', TRUPER",P805,Dados y accesorios 1/4',DADOS Y ACCESORIOS (TODAS LAS MEDIDAS)
13202,D-1408-LM,"Dado largo de 8 mm, 6 puntas, cuadro 1/4', TRUPER",P805,Dados y accesorios 1/4',DADOS Y ACCESORIOS (TODAS LAS MEDIDAS)
13203,D-1409-LM,"Dado largo de 9 mm, 6 puntas, cuadro 1/4', TRUPER",P805,Dados y accesorios 1/4',DADOS Y ACCESORIOS (TODAS LAS MEDIDAS)
13204,D-1410-LM,"Dado largo de 10 mm, 6 puntas, cuadro 1/4', TRUPER",P805,Dados y accesorios 1/4',DADOS Y ACCESORIOS (TODAS LAS MEDIDAS)
13205,D-1411-LM,"Dado largo de 11 mm, 6 puntas, cuadro 1/4', TRUPER",P805,Dados y accesorios 1/4',DADOS Y ACCESORIOS (TODAS LAS MEDIDAS)
13206,D-1412-LM,"Dado largo de 12 mm, 6 puntas, cuadro 1/4', TRUPER",P805,Dados y accesorios 1/4',DADOS Y ACCESORIOS (TODAS LAS MEDIDAS)
13207,D-1413-LM,"Dado largo de 13 mm, 6 puntas, cuadro 1/4', TRUPER",P805,Dados y accesorios 1/4',DADOS Y ACCESORIOS (TODAS LAS MEDIDAS)
13208,D-1414-LM,"Dado largo de 14 mm, 6 puntas, cuadro 1/4', TRUPER",P805,Dados y accesorios 1/4',DADOS Y ACCESORIOS (TODAS LAS MEDIDAS)
10027,JDTH-1/4X7,"Juego de 7 dados torx cuadro 1/4', TRUPER",P805,Dados y accesorios 1/4',DADOS Y ACCESORIOS (TODAS LAS MEDIDAS)
100875,D-1408-B,"Dado de 1/4', 12 puntas, cuadro 1/4', TRUPER",P805,Dados y accesorios 1/4',DADOS Y ACCESORIOS (TODAS LAS MEDIDAS)
100964,D-1416-B,"Dado de 1/2', 12 puntas, cuadro 1/4', TRUPER",P805,Dados y accesorios 1/4',DADOS Y ACCESORIOS (TODAS LAS MEDIDAS)
100966,D-14055-M,"Dado de 5.5 mm, 6 puntas, cuadro 1/4', TRUPER",P805,Dados y accesorios 1/4',DADOS Y ACCESORIOS (TODAS LAS MEDIDAS)
100968,D-1404-LM,"Dado largo de 4 mm, 6 puntas, cuadro 1/4', TRUPER",P805,Dados y accesorios 1/4',DADOS Y ACCESORIOS (TODAS LAS MEDIDAS)
100970,D-14055-LM,"Dado largo de 5.5 mm, 6 puntas, cuadro 1/4', TRUPER",P805,Dados y accesorios 1/4',DADOS Y ACCESORIOS (TODAS LAS MEDIDAS)
100973,D-1404-BM,"Dado de 4 mm, 12 puntas, cuadro 1/4', TRUPER",P805,Dados y accesorios 1/4',DADOS Y ACCESORIOS (TODAS LAS MEDIDAS)
100975,D-14055-BM,"Dado de 5.5 mm, 12 puntas, cuadro 1/4', TRUPER",P805,Dados y accesorios 1/4',DADOS Y ACCESORIOS (TODAS LAS MEDIDAS)
100986,D-1412-BM,"Dado de 12 mm, 12 puntas, cuadro 1/4', TRUPER",P805,Dados y accesorios 1/4',DADOS Y ACCESORIOS (TODAS LAS MEDIDAS)
13156,D-1408,"Dado de 1/4', 6 puntas, cuadro 1/4', TRUPER",P805,Dados y accesorios 1/4',DADOS Y ACCESORIOS (TODAS LAS MEDIDAS)
13162,D-1416,"Dado de 1/2', 6 puntas, cuadro 1/4', TRUPER",P805,Dados y accesorios 1/4',DADOS Y ACCESORIOS (TODAS LAS MEDIDAS)
13166,D-1404-M,"Dado de 4 mm, 6 puntas, cuadro 1/4', TRUPER",P805,Dados y accesorios 1/4',DADOS Y ACCESORIOS (TODAS LAS MEDIDAS)
13168,D-1406-M,"Dado de 6 mm, 6 puntas, cuadro 1/4', TRUPER",P805,Dados y accesorios 1/4',DADOS Y ACCESORIOS (TODAS LAS MEDIDAS)
13182,D-1408-L,"Dado largo de 1/4', 6 puntas, cuadro 1/4', TRUPER",P805,Dados y accesorios 1/4',DADOS Y ACCESORIOS (TODAS LAS MEDIDAS)
13188,D-1416-L,"Dado largo de 1/2', 6 puntas, cuadro 1/4', TRUPER",P805,Dados y accesorios 1/4',DADOS Y ACCESORIOS (TODAS LAS MEDIDAS)
13200,D-1406-LM,"Dado largo de 6 mm, 6 puntas, cuadro 1/4', TRUPER",P805,Dados y accesorios 1/4',DADOS Y ACCESORIOS (TODAS LAS MEDIDAS)
14165,JD-1/4X10P,"Juego de 10 dados cuadro 1/4' std, TRUPER",P805,Dados y accesorios 1/4',DADOS Y ACCESORIOS (TODAS LAS MEDIDAS)
14166,JD-1/4X10M,"Juego de 10 dados cuadro 1/4' mm, TRUPER",P805,Dados y accesorios 1/4',DADOS Y ACCESORIOS (TODAS LAS MEDIDAS)
14167,JD-1/4X10LP,"Juego de 10 dados largos cuadro 1/4' std, TRUPER",P805,Dados y accesorios 1/4',DADOS Y ACCESORIOS (TODAS LAS MEDIDAS)
14168,JD-1/4X10LM,"Juego de 10 dados largos cuadro 1/4' mm, TRUPER",P805,Dados y accesorios 1/4',DADOS Y ACCESORIOS (TODAS LAS MEDIDAS)
101016,D-3432-H,"Dado de 1', 6 puntas, cuadro 3/4', TRUPER",P806,Dados y accesorios 3/4',DADOS Y ACCESORIOS (TODAS LAS MEDIDAS)
13823,D-3430-H,"Dado de 15/16', 6 puntas, cuadro 3/4', TRUPER",P806,Dados y accesorios 3/4',DADOS Y ACCESORIOS (TODAS LAS MEDIDAS)
13829,D-3442-H,"Dado de 1-5/16', 6 puntas, cuadro 3/4', TRUPER",P806,Dados y accesorios 3/4',DADOS Y ACCESORIOS (TODAS LAS MEDIDAS)
13831,D-3446-H,"Dado de 1-7/16', 6 puntas, cuadro 3/4', TRUPER",P806,Dados y accesorios 3/4',DADOS Y ACCESORIOS (TODAS LAS MEDIDAS)
13833,D-3450-H,"Dado de 1-9/16', 6 puntas, cuadro 3/4', TRUPER",P806,Dados y accesorios 3/4',DADOS Y ACCESORIOS (TODAS LAS MEDIDAS)
13834,D-3452-H,"Dado de 1-5/8', 6 puntas, cuadro 3/4', TRUPER",P806,Dados y accesorios 3/4',DADOS Y ACCESORIOS (TODAS LAS MEDIDAS)
13835,D-3454-H,"Dado de 1-11/16', 6 puntas, cuadro 3/4', TRUPER",P806,Dados y accesorios 3/4',DADOS Y ACCESORIOS (TODAS LAS MEDIDAS)
13837,D-3458-H,"Dado de 1-13/16', 6 puntas, cuadro 3/4', TRUPER",P806,Dados y accesorios 3/4',DADOS Y ACCESORIOS (TODAS LAS MEDIDAS)
13838,D-3460-H,"Dado de 1-7/8', 6 puntas, cuadro 3/4', TRUPER",P806,Dados y accesorios 3/4',DADOS Y ACCESORIOS (TODAS LAS MEDIDAS)
13840,D-3464-H,"Dado de 2', 6 puntas, cuadro 3/4', TRUPER",P806,Dados y accesorios 3/4',DADOS Y ACCESORIOS (TODAS LAS MEDIDAS)
13851,D-3426,"Dado de 13/16', 12 puntas, cuadro 3/4', TRUPER",P806,Dados y accesorios 3/4',DADOS Y ACCESORIOS (TODAS LAS MEDIDAS)
13852,D-3428,"Dado de 7/8', 12 puntas, cuadro 3/4', TRUPER",P806,Dados y accesorios 3/4',DADOS Y ACCESORIOS (TODAS LAS MEDIDAS)
13853,D-3430,"Dado de 15/16', 12 puntas, cuadro 3/4', TRUPER",P806,Dados y accesorios 3/4',DADOS Y ACCESORIOS (TODAS LAS MEDIDAS)
13854,D-3432,"Dado de 1', 12 puntas, cuadro 3/4', TRUPER",P806,Dados y accesorios 3/4',DADOS Y ACCESORIOS (TODAS LAS MEDIDAS)
13859,D-3442,"Dado de 1-5/16', 12 puntas, cuadro 3/4', TRUPER",P806,Dados y accesorios 3/4',DADOS Y ACCESORIOS (TODAS LAS MEDIDAS)
13861,D-3446,"Dado de 1-7/16', 12 puntas, cuadro 3/4', TRUPER",P806,Dados y accesorios 3/4',DADOS Y ACCESORIOS (TODAS LAS MEDIDAS)
13863,D-3450,"Dado de 1-9/16', 12 puntas, cuadro 3/4', TRUPER",P806,Dados y accesorios 3/4',DADOS Y ACCESORIOS (TODAS LAS MEDIDAS)
13864,D-3452,"Dado de 1-5/8', 12 puntas, cuadro 3/4', TRUPER",P806,Dados y accesorios 3/4',DADOS Y ACCESORIOS (TODAS LAS MEDIDAS)
13865,D-3454,"Dado de 1-11/16', 12 puntas, cuadro 3/4', TRUPER",P806,Dados y accesorios 3/4',DADOS Y ACCESORIOS (TODAS LAS MEDIDAS)
13867,D-3458,"Dado de 1-13/16', 12 puntas, cuadro 3/4', TRUPER",P806,Dados y accesorios 3/4',DADOS Y ACCESORIOS (TODAS LAS MEDIDAS)
13868,D-3460,"Dado de 1-7/8', 12 puntas, cuadro 3/4', TRUPER",P806,Dados y accesorios 3/4',DADOS Y ACCESORIOS (TODAS LAS MEDIDAS)
13869,D-3464,"Dado de 2', 12 puntas, cuadro 3/4', TRUPER",P806,Dados y accesorios 3/4',DADOS Y ACCESORIOS (TODAS LAS MEDIDAS)
13888,D-3442-HL,"Dado largo de 1-5/16', 6 puntas, cuadro 3/4', TRUPER",P806,Dados y accesorios 3/4',DADOS Y ACCESORIOS (TODAS LAS MEDIDAS)
13890,D-3446-HL,"Dado largo de 1-7/16', 6 puntas, cuadro 3/4', TRUPER",P806,Dados y accesorios 3/4',DADOS Y ACCESORIOS (TODAS LAS MEDIDAS)
14965,D-3419-M,"Dado de 19 mm, 6 puntas, cuadro 3/4', TRUPER",P806,Dados y accesorios 3/4',DADOS Y ACCESORIOS (TODAS LAS MEDIDAS)
14969,D-3422-M,"Dado de 22 mm, 6 puntas, cuadro 3/4', TRUPER",P806,Dados y accesorios 3/4',DADOS Y ACCESORIOS (TODAS LAS MEDIDAS)
14971,D-3424-M,"Dado de 24 mm, 6 puntas, cuadro 3/4', TRUPER",P806,Dados y accesorios 3/4',DADOS Y ACCESORIOS (TODAS LAS MEDIDAS)
14973,D-3425-M,"Dado de 25 mm, 6 puntas, cuadro 3/4', TRUPER",P806,Dados y accesorios 3/4',DADOS Y ACCESORIOS (TODAS LAS MEDIDAS)
14975,D-3427-M,"Dado de 27 mm, 6 puntas, cuadro 3/4', TRUPER",P806,Dados y accesorios 3/4',DADOS Y ACCESORIOS (TODAS LAS MEDIDAS)
14977,D-3428-M,"Dado de 28 mm, 6 puntas, cuadro 3/4', TRUPER",P806,Dados y accesorios 3/4',DADOS Y ACCESORIOS (TODAS LAS MEDIDAS)
14979,D-3430-M,"Dado de 30 mm, 6 puntas, cuadro 3/4', TRUPER",P806,Dados y accesorios 3/4',DADOS Y ACCESORIOS (TODAS LAS MEDIDAS)
14981,D-3432-M,"Dado de 32 mm, 6 puntas, cuadro 3/4', TRUPER",P806,Dados y accesorios 3/4',DADOS Y ACCESORIOS (TODAS LAS MEDIDAS)
14983,D-3433-M,"Dado de 33 mm, 6 puntas, cuadro 3/4', TRUPER",P806,Dados y accesorios 3/4',DADOS Y ACCESORIOS (TODAS LAS MEDIDAS)
14985,D-3434-M,"Dado de 34 mm, 6 puntas, cuadro 3/4', TRUPER",P806,Dados y accesorios 3/4',DADOS Y ACCESORIOS (TODAS LAS MEDIDAS)
14987,D-3436-M,"Dado de 36 mm, 6 puntas, cuadro 3/4', TRUPER",P806,Dados y accesorios 3/4',DADOS Y ACCESORIOS (TODAS LAS MEDIDAS)
14989,D-3438-M,"Dado de 38 mm, 6 puntas, cuadro 3/4', TRUPER",P806,Dados y accesorios 3/4',DADOS Y ACCESORIOS (TODAS LAS MEDIDAS)
14993,D-3441-M,"Dado de 41 mm, 6 puntas, cuadro 3/4', TRUPER",P806,Dados y accesorios 3/4',DADOS Y ACCESORIOS (TODAS LAS MEDIDAS)
14995,D-3446-M,"Dado de 46 mm, 6 puntas, cuadro 3/4', TRUPER",P806,Dados y accesorios 3/4',DADOS Y ACCESORIOS (TODAS LAS MEDIDAS)
14997,D-3450-M,"Dado de 50 mm, 6 puntas, cuadro 3/4', TRUPER",P806,Dados y accesorios 3/4',DADOS Y ACCESORIOS (TODAS LAS MEDIDAS)
19341,D-3428-HL,"Dado largo de 7/8', 6 puntas, cuadro 3/4', TRUPER",P806,Dados y accesorios 3/4',DADOS Y ACCESORIOS (TODAS LAS MEDIDAS)
19342,D-3430-HL,"Dado largo de 15/16', 6 puntas, cuadro 3/4', TRUPER",P806,Dados y accesorios 3/4',DADOS Y ACCESORIOS (TODAS LAS MEDIDAS)
19343,D-3432-HL,"Dado largo de 1', 6 puntas, cuadro 3/4', TRUPER",P806,Dados y accesorios 3/4',DADOS Y ACCESORIOS (TODAS LAS MEDIDAS)
19348,D-3450-HL,"Dado largo de 1-9/16', 6 puntas, cuadro 3/4', TRUPER",P806,Dados y accesorios 3/4',DADOS Y ACCESORIOS (TODAS LAS MEDIDAS)
19349,D-3452-HL,"Dado largo de 1-5/8', 6 puntas, cuadro 3/4', TRUPER",P806,Dados y accesorios 3/4',DADOS Y ACCESORIOS (TODAS LAS MEDIDAS)
100947,D-7519-L,"Dado largo de impacto de 1-3/16', 6 puntas, cuadro 3/4'",P806,Dados y accesorios 3/4',DADOS Y ACCESORIOS (TODAS LAS MEDIDAS)
100948,JDI-3/4X8HL,Juego de 8 dados largos cuadro 3/4' de impacto 6 puntas std,P806,Dados y accesorios 3/4',DADOS Y ACCESORIOS (TODAS LAS MEDIDAS)
101017,D-3444-H,"Dado de 1-3/8', 6 puntas, cuadro 3/4', TRUPER",P806,Dados y accesorios 3/4',DADOS Y ACCESORIOS (TODAS LAS MEDIDAS)
101018,D-3456-H,"Dado de 1-3/4', 6 puntas, cuadro 3/4', TRUPER",P806,Dados y accesorios 3/4',DADOS Y ACCESORIOS (TODAS LAS MEDIDAS)
12434,D-7516-L,"Dado largo de impacto de 1', 6 puntas, cuadro 3/4', TRUPER",P806,Dados y accesorios 3/4',DADOS Y ACCESORIOS (TODAS LAS MEDIDAS)
12435,D-7517-L,"Dado largo de impacto de 1-1/16', 6 puntas, cuadro 3/4'",P806,Dados y accesorios 3/4',DADOS Y ACCESORIOS (TODAS LAS MEDIDAS)
12436,D-7518-L,"Dado largo de impacto de 1-1/8', 6 puntas, cuadro 3/4'",P806,Dados y accesorios 3/4',DADOS Y ACCESORIOS (TODAS LAS MEDIDAS)
12438,D-7520-L,"Dado largo de impacto de 1-1/4', 6 puntas, cuadro 3/4'",P806,Dados y accesorios 3/4',DADOS Y ACCESORIOS (TODAS LAS MEDIDAS)
12439,D-7521-L,"Dado largo de impacto de 1-5/16', 6 puntas, cuadro 3/4'",P806,Dados y accesorios 3/4',DADOS Y ACCESORIOS (TODAS LAS MEDIDAS)
12440,D-7522-L,"Dado largo de impacto de 1-3/8', 6 puntas, cuadro 3/4'",P806,Dados y accesorios 3/4',DADOS Y ACCESORIOS (TODAS LAS MEDIDAS)
12441,D-7523-L,"Dado largo de impacto de 1-7/16', 6 puntas, cuadro 3/4'",P806,Dados y accesorios 3/4',DADOS Y ACCESORIOS (TODAS LAS MEDIDAS)
12442,D-7524-L,"Dado largo de impacto de 1-1/2', 6 puntas, cuadro 3/4'",P806,Dados y accesorios 3/4',DADOS Y ACCESORIOS (TODAS LAS MEDIDAS)
13825,D-3434-H,"Dado de 1-1/16', 6 puntas, cuadro 3/4', TRUPER",P806,Dados y accesorios 3/4',DADOS Y ACCESORIOS (TODAS LAS MEDIDAS)
13826,D-3436-H,"Dado de 1-1/8', 6 puntas, cuadro 3/4', TRUPER",P806,Dados y accesorios 3/4',DADOS Y ACCESORIOS (TODAS LAS MEDIDAS)
13827,D-3438-H,"Dado de 1-3/16', 6 puntas, cuadro 3/4', TRUPER",P806,Dados y accesorios 3/4',DADOS Y ACCESORIOS (TODAS LAS MEDIDAS)
13828,D-3440-H,"Dado de 1-1/4', 6 puntas, cuadro 3/4', TRUPER",P806,Dados y accesorios 3/4',DADOS Y ACCESORIOS (TODAS LAS MEDIDAS)
13832,D-3448-H,"Dado de 1-1/2', 6 puntas, cuadro 3/4', TRUPER",P806,Dados y accesorios 3/4',DADOS Y ACCESORIOS (TODAS LAS MEDIDAS)
13850,D-3424,"Dado de 3/4', 12 puntas, cuadro 3/4', TRUPER",P806,Dados y accesorios 3/4',DADOS Y ACCESORIOS (TODAS LAS MEDIDAS)
13855,D-3434,"Dado de 1-1/16', 12 puntas, cuadro 3/4', TRUPER",P806,Dados y accesorios 3/4',DADOS Y ACCESORIOS (TODAS LAS MEDIDAS)
13856,D-3436,"Dado de 1-1/8', 12 puntas, cuadro 3/4', TRUPER",P806,Dados y accesorios 3/4',DADOS Y ACCESORIOS (TODAS LAS MEDIDAS)
13857,D-3438,"Dado de 1-3/16', 12 puntas, cuadro 3/4', TRUPER",P806,Dados y accesorios 3/4',DADOS Y ACCESORIOS (TODAS LAS MEDIDAS)
13858,D-3440,"Dado de 1-1/4', 12 puntas, cuadro 3/4', TRUPER",P806,Dados y accesorios 3/4',DADOS Y ACCESORIOS (TODAS LAS MEDIDAS)
13860,D-3444,"Dado de 1-3/8', 12 puntas, cuadro 3/4', TRUPER",P806,Dados y accesorios 3/4',DADOS Y ACCESORIOS (TODAS LAS MEDIDAS)
13862,D-3448,"Dado de 1-1/2', 12 puntas, cuadro 3/4', TRUPER",P806,Dados y accesorios 3/4',DADOS Y ACCESORIOS (TODAS LAS MEDIDAS)
13866,D-3456,"Dado de 1-3/4', 12 puntas, cuadro 3/4', TRUPER",P806,Dados y accesorios 3/4',DADOS Y ACCESORIOS (TODAS LAS MEDIDAS)
13886,D-3438-HL,"Dado largo de 1-3/16', 6 puntas, cuadro 3/4', TRUPER",P806,Dados y accesorios 3/4',DADOS Y ACCESORIOS (TODAS LAS MEDIDAS)
13887,D-3440-HL,"Dado largo de 1-1/4', 6 puntas, cuadro 3/4', TRUPER",P806,Dados y accesorios 3/4',DADOS Y ACCESORIOS (TODAS LAS MEDIDAS)
19344,D-3434-HL,"Dado largo de 1-1/16', 6 puntas, cuadro 3/4', TRUPER",P806,Dados y accesorios 3/4',DADOS Y ACCESORIOS (TODAS LAS MEDIDAS)
19345,D-3436-HL,"Dado largo de 1-1/8', 6 puntas, cuadro 3/4', TRUPER",P806,Dados y accesorios 3/4',DADOS Y ACCESORIOS (TODAS LAS MEDIDAS)
19346,D-3444-HL,"Dado largo de 1 3/8', 6 puntas, cuadro 3/4', TRUPER",P806,Dados y accesorios 3/4',DADOS Y ACCESORIOS (TODAS LAS MEDIDAS)
19347,D-3448-HL,"Dado largo de 1-1/2', 6 puntas, cuadro 3/4', TRUPER",P806,Dados y accesorios 3/4',DADOS Y ACCESORIOS (TODAS LAS MEDIDAS)
100919,D-3808-HL,"Dado largo de 1/4', 6 puntas, cuadro 3/8', TRUPER",P807,Dados y accesorios 3/8',DADOS Y ACCESORIOS (TODAS LAS MEDIDAS)
100990,D-3810-HL,"Dado largo de 5/16', 6 puntas, cuadro 3/8', TRUPER",P807,Dados y accesorios 3/8',DADOS Y ACCESORIOS (TODAS LAS MEDIDAS)
100992,D-3807-HM-L,"Dado largo de 7 mm, 6 puntas, cuadro 3/8', TRUPER",P807,Dados y accesorios 3/8',DADOS Y ACCESORIOS (TODAS LAS MEDIDAS)
100994,D-3809-HM-L,"Dado largo de 9 mm, 6 puntas, cuadro 3/8', TRUPER",P807,Dados y accesorios 3/8',DADOS Y ACCESORIOS (TODAS LAS MEDIDAS)
100995,D-3820-HM-L,"Dado largo de 20 mm, 6 puntas, cuadro 3/8', TRUPER",P807,Dados y accesorios 3/8',DADOS Y ACCESORIOS (TODAS LAS MEDIDAS)
100996,D-3806-M,"Dado de 6 mm, 12 puntas, cuadro 3/8', TRUPER",P807,Dados y accesorios 3/8',DADOS Y ACCESORIOS (TODAS LAS MEDIDAS)
13485,D-4990-4M,"Dado punta hexagonal de 4 mm, cuadro 3/8', TRUPER",P807,Dados y accesorios 3/8',DADOS Y ACCESORIOS (TODAS LAS MEDIDAS)
13486,D-4990-5M,"Dado punta hexagonal de 5 mm, cuadro 3/8', TRUPER",P807,Dados y accesorios 3/8',DADOS Y ACCESORIOS (TODAS LAS MEDIDAS)
13487,D-4990-6M,"Dado punta hexagonal de 6 mm, cuadro 3/8', TRUPER",P807,Dados y accesorios 3/8',DADOS Y ACCESORIOS (TODAS LAS MEDIDAS)
13488,D-4990-7M,"Dado punta hexagonal de 7 mm, cuadro 3/8', TRUPER",P807,Dados y accesorios 3/8',DADOS Y ACCESORIOS (TODAS LAS MEDIDAS)
13490,D-4990-10M,"Dado punta hexagonal de 10 mm, cuadro 3/8', TRUPER",P807,Dados y accesorios 3/8',DADOS Y ACCESORIOS (TODAS LAS MEDIDAS)
13569,D-523915-W,"Dado punta torx T-15, cuadro 3/8', TRUPER",P807,Dados y accesorios 3/8',DADOS Y ACCESORIOS (TODAS LAS MEDIDAS)
13570,D-523920-W,"Dado punta torx T-20, cuadro 3/8', TRUPER",P807,Dados y accesorios 3/8',DADOS Y ACCESORIOS (TODAS LAS MEDIDAS)
13571,D-523925-W,"Dado punta torx T-25, cuadro 3/8', TRUPER",P807,Dados y accesorios 3/8',DADOS Y ACCESORIOS (TODAS LAS MEDIDAS)
13572,D-523927-W,"Dado punta torx T-27, cuadro 3/8', TRUPER",P807,Dados y accesorios 3/8',DADOS Y ACCESORIOS (TODAS LAS MEDIDAS)
13573,D-523930-W,"Dado punta torx T-30, cuadro 3/8', TRUPER",P807,Dados y accesorios 3/8',DADOS Y ACCESORIOS (TODAS LAS MEDIDAS)
13574,D-523940-W,"Dado punta torx T-40, cuadro 3/8', TRUPER",P807,Dados y accesorios 3/8',DADOS Y ACCESORIOS (TODAS LAS MEDIDAS)
13575,D-523945-W,"Dado punta torx T-45, cuadro 3/8', TRUPER",P807,Dados y accesorios 3/8',DADOS Y ACCESORIOS (TODAS LAS MEDIDAS)
13576,D-523950-W,"Dado punta torx T-50, cuadro 3/8', TRUPER",P807,Dados y accesorios 3/8',DADOS Y ACCESORIOS (TODAS LAS MEDIDAS)
13577,D-523955-W,"Dado punta torx T-55, cuadro 3/8', TRUPER",P807,Dados y accesorios 3/8',DADOS Y ACCESORIOS (TODAS LAS MEDIDAS)
13578,D-523960-W,"Dado punta torx T-60, cuadro 3/8', TRUPER",P807,Dados y accesorios 3/8',DADOS Y ACCESORIOS (TODAS LAS MEDIDAS)
13580,D-3808,"Dado de 1/4', 12 puntas, cuadro 3/8', TRUPER",P807,Dados y accesorios 3/8',DADOS Y ACCESORIOS (TODAS LAS MEDIDAS)
13581,D-3810,"Dado de 5/16', 12 puntas, cuadro 3/8', TRUPER",P807,Dados y accesorios 3/8',DADOS Y ACCESORIOS (TODAS LAS MEDIDAS)
13583,D-3814,"Dado de 7/16', 12 puntas, cuadro 3/8', TRUPER",P807,Dados y accesorios 3/8',DADOS Y ACCESORIOS (TODAS LAS MEDIDAS)
13584,D-3816,"Dado de 1/2', 12 puntas, cuadro 3/8', TRUPER",P807,Dados y accesorios 3/8',DADOS Y ACCESORIOS (TODAS LAS MEDIDAS)
13585,D-3818,"Dado de 9/16', 12 puntas, cuadro 3/8', TRUPER",P807,Dados y accesorios 3/8',DADOS Y ACCESORIOS (TODAS LAS MEDIDAS)
13587,D-3822,"Dado de 11/16', 12 puntas, cuadro 3/8', TRUPER",P807,Dados y accesorios 3/8',DADOS Y ACCESORIOS (TODAS LAS MEDIDAS)
13589,D-3826,"Dado de 13/16', 12 puntas, cuadro 3/8', TRUPER",P807,Dados y accesorios 3/8',DADOS Y ACCESORIOS (TODAS LAS MEDIDAS)
13591,D-3830,"Dado de 15/16', 12 puntas, cuadro 3/8', TRUPER",P807,Dados y accesorios 3/8',DADOS Y ACCESORIOS (TODAS LAS MEDIDAS)
13592,D-3832,"Dado de 1', 12 puntas, cuadro 3/8', TRUPER",P807,Dados y accesorios 3/8',DADOS Y ACCESORIOS (TODAS LAS MEDIDAS)
13605,D-3808-H,"Dado de 1/4', 6 puntas, cuadro 3/8', TRUPER",P807,Dados y accesorios 3/8',DADOS Y ACCESORIOS (TODAS LAS MEDIDAS)
13606,D-3810-H,"Dado de 5/16', 6 puntas, cuadro 3/8', TRUPER",P807,Dados y accesorios 3/8',DADOS Y ACCESORIOS (TODAS LAS MEDIDAS)
13608,D-3814-H,"Dado de 7/16', 6 puntas, cuadro 3/8', TRUPER",P807,Dados y accesorios 3/8',DADOS Y ACCESORIOS (TODAS LAS MEDIDAS)
13609,D-3816-H,"Dado de 1/2', 6 puntas, cuadro 3/8', TRUPER",P807,Dados y accesorios 3/8',DADOS Y ACCESORIOS (TODAS LAS MEDIDAS)
13610,D-3818-H,"Dado de 9/16', 6 puntas, cuadro 3/8', TRUPER",P807,Dados y accesorios 3/8',DADOS Y ACCESORIOS (TODAS LAS MEDIDAS)
13612,D-3822-H,"Dado de 11/16', 6 puntas, cuadro 3/8', TRUPER",P807,Dados y accesorios 3/8',DADOS Y ACCESORIOS (TODAS LAS MEDIDAS)
13614,D-3826-H,"Dado de 13/16', 6 puntas, cuadro 3/8', TRUPER",P807,Dados y accesorios 3/8',DADOS Y ACCESORIOS (TODAS LAS MEDIDAS)
13616,D-3830-H,"Dado de 15/16', 6 puntas, cuadro 3/8', TRUPER",P807,Dados y accesorios 3/8',DADOS Y ACCESORIOS (TODAS LAS MEDIDAS)
13617,D-3832-H,"Dado de 1', 6 puntas, cuadro 3/8', TRUPER",P807,Dados y accesorios 3/8',DADOS Y ACCESORIOS (TODAS LAS MEDIDAS)
13627,D-3807-M,"Dado de 7 mm, 12 puntas, cuadro 3/8', TRUPER",P807,Dados y accesorios 3/8',DADOS Y ACCESORIOS (TODAS LAS MEDIDAS)
13629,D-3809-M,"Dado de 9 mm, 12 puntas, cuadro 3/8', TRUPER",P807,Dados y accesorios 3/8',DADOS Y ACCESORIOS (TODAS LAS MEDIDAS)
13630,D-3810-M,"Dado de 10 mm, 12 puntas, cuadro 3/8', TRUPER",P807,Dados y accesorios 3/8',DADOS Y ACCESORIOS (TODAS LAS MEDIDAS)
13631,D-3811-M,"Dado de 11 mm, 12 puntas, cuadro 3/8', TRUPER",P807,Dados y accesorios 3/8',DADOS Y ACCESORIOS (TODAS LAS MEDIDAS)
13633,D-3813-M,"Dado de 13 mm, 12 puntas, cuadro 3/8', TRUPER",P807,Dados y accesorios 3/8',DADOS Y ACCESORIOS (TODAS LAS MEDIDAS)
13634,D-3814-M,"Dado de 14 mm, 12 puntas, cuadro 3/8', TRUPER",P807,Dados y accesorios 3/8',DADOS Y ACCESORIOS (TODAS LAS MEDIDAS)
13635,D-3815-M,"Dado de 15 mm, 12 puntas, cuadro 3/8', TRUPER",P807,Dados y accesorios 3/8',DADOS Y ACCESORIOS (TODAS LAS MEDIDAS)
13636,D-3816-M,"Dado de 16 mm, 12 puntas, cuadro 3/8', TRUPER",P807,Dados y accesorios 3/8',DADOS Y ACCESORIOS (TODAS LAS MEDIDAS)
13637,D-3817-M,"Dado de 17 mm, 12 puntas, cuadro 3/8', TRUPER",P807,Dados y accesorios 3/8',DADOS Y ACCESORIOS (TODAS LAS MEDIDAS)
13638,D-3818-M,"Dado de 18 mm, 12 puntas, cuadro 3/8', TRUPER",P807,Dados y accesorios 3/8',DADOS Y ACCESORIOS (TODAS LAS MEDIDAS)
13639,D-3819-M,"Dado de 19 mm, 12 puntas, cuadro 3/8', TRUPER",P807,Dados y accesorios 3/8',DADOS Y ACCESORIOS (TODAS LAS MEDIDAS)
13640,D-3820-M,"Dado de 20 mm, 12 puntas, cuadro 3/8', TRUPER",P807,Dados y accesorios 3/8',DADOS Y ACCESORIOS (TODAS LAS MEDIDAS)
13641,D-3821-M,"Dado de 21 mm, 12 puntas, cuadro 3/8', TRUPER",P807,Dados y accesorios 3/8',DADOS Y ACCESORIOS (TODAS LAS MEDIDAS)
13642,D-3822-M,"Dado de 22 mm, 12 puntas, cuadro 3/8', TRUPER",P807,Dados y accesorios 3/8',DADOS Y ACCESORIOS (TODAS LAS MEDIDAS)
13657,D-3826-B,"Dado para bujías de 13/16', 6 puntas, cuadro 3/8', TRUPER",P807,Dados y accesorios 3/8',DADOS Y ACCESORIOS (TODAS LAS MEDIDAS)
13671,D-3807-HM,"Dado de 7 mm, 6 puntas, cuadro 3/8', TRUPER",P807,Dados y accesorios 3/8',DADOS Y ACCESORIOS (TODAS LAS MEDIDAS)
13673,D-3809-HM,"Dado de 9 mm, 6 puntas, cuadro 3/8', TRUPER",P807,Dados y accesorios 3/8',DADOS Y ACCESORIOS (TODAS LAS MEDIDAS)
13674,D-3810-HM,"Dado de 10 mm, 6 puntas, cuadro 3/8', TRUPER",P807,Dados y accesorios 3/8',DADOS Y ACCESORIOS (TODAS LAS MEDIDAS)
13675,D-3811-HM,"Dado de 11 mm, 6 puntas, cuadro 3/8', TRUPER",P807,Dados y accesorios 3/8',DADOS Y ACCESORIOS (TODAS LAS MEDIDAS)
13676,D-3812-HM,"Dado de 12 mm, 6 puntas, cuadro 3/8', TRUPER",P807,Dados y accesorios 3/8',DADOS Y ACCESORIOS (TODAS LAS MEDIDAS)
13677,D-3813-HM,"Dado de 13 mm, 6 puntas, cuadro 3/8', TRUPER",P807,Dados y accesorios 3/8',DADOS Y ACCESORIOS (TODAS LAS MEDIDAS)
13678,D-3814-HM,"Dado de 14 mm, 6 puntas, cuadro 3/8', TRUPER",P807,Dados y accesorios 3/8',DADOS Y ACCESORIOS (TODAS LAS MEDIDAS)
13679,D-3815-HM,"Dado de 15 mm, 6 puntas, cuadro 3/8', TRUPER",P807,Dados y accesorios 3/8',DADOS Y ACCESORIOS (TODAS LAS MEDIDAS)
13680,D-3816-HM,"Dado de 16 mm, 6 puntas, cuadro 3/8', TRUPER",P807,Dados y accesorios 3/8',DADOS Y ACCESORIOS (TODAS LAS MEDIDAS)
13681,D-3817-HM,"Dado de 17 mm, 6 puntas, cuadro 3/8', TRUPER",P807,Dados y accesorios 3/8',DADOS Y ACCESORIOS (TODAS LAS MEDIDAS)
13682,D-3818-HM,"Dado de 18 mm, 6 puntas, cuadro 3/8', TRUPER",P807,Dados y accesorios 3/8',DADOS Y ACCESORIOS (TODAS LAS MEDIDAS)
13683,D-3819-HM,"Dado de 19 mm, 6 puntas, cuadro 3/8', TRUPER",P807,Dados y accesorios 3/8',DADOS Y ACCESORIOS (TODAS LAS MEDIDAS)
13684,D-3820-HM,"Dado de 20 mm, 6 puntas, cuadro 3/8', TRUPER",P807,Dados y accesorios 3/8',DADOS Y ACCESORIOS (TODAS LAS MEDIDAS)
13685,D-3821-HM,"Dado de 21 mm, 6 puntas, cuadro 3/8', TRUPER",P807,Dados y accesorios 3/8',DADOS Y ACCESORIOS (TODAS LAS MEDIDAS)
13686,D-3822-HM,"Dado de 22 mm, 6 puntas, cuadro 3/8', TRUPER",P807,Dados y accesorios 3/8',DADOS Y ACCESORIOS (TODAS LAS MEDIDAS)
13713,D-3814-HL,"Dado largo de 7/16', 6 puntas, cuadro 3/8', TRUPER",P807,Dados y accesorios 3/8',DADOS Y ACCESORIOS (TODAS LAS MEDIDAS)
13714,D-3816-HL,"Dado largo de 1/2', 6 puntas, cuadro 3/8', TRUPER",P807,Dados y accesorios 3/8',DADOS Y ACCESORIOS (TODAS LAS MEDIDAS)
13715,D-3818-HL,"Dado largo de 9/16', 6 puntas, cuadro 3/8', TRUPER",P807,Dados y accesorios 3/8',DADOS Y ACCESORIOS (TODAS LAS MEDIDAS)
13717,D-3822-HL,"Dado largo de 11/16', 6 puntas, cuadro 3/8', TRUPER",P807,Dados y accesorios 3/8',DADOS Y ACCESORIOS (TODAS LAS MEDIDAS)
13719,D-3826-HL,"Dado largo de 13/16', 6 puntas, cuadro 3/8', TRUPER",P807,Dados y accesorios 3/8',DADOS Y ACCESORIOS (TODAS LAS MEDIDAS)
13770,D-3810-HM-L,"Dado largo de 10 mm, 6 puntas, cuadro 3/8', TRUPER",P807,Dados y accesorios 3/8',DADOS Y ACCESORIOS (TODAS LAS MEDIDAS)
13771,D-3811-HM-L,"Dado largo de 11 mm, 6 puntas, cuadro 3/8', TRUPER",P807,Dados y accesorios 3/8',DADOS Y ACCESORIOS (TODAS LAS MEDIDAS)
13772,D-3812-HM-L,"Dado largo de 12 mm, 6 puntas, cuadro 3/8', TRUPER",P807,Dados y accesorios 3/8',DADOS Y ACCESORIOS (TODAS LAS MEDIDAS)
13773,D-3813-HM-L,"Dado largo de 13 mm, 6 puntas, cuadro 3/8', TRUPER",P807,Dados y accesorios 3/8',DADOS Y ACCESORIOS (TODAS LAS MEDIDAS)
13774,D-3814-HM-L,"Dado largo de 14 mm, 6 puntas, cuadro 3/8', TRUPER",P807,Dados y accesorios 3/8',DADOS Y ACCESORIOS (TODAS LAS MEDIDAS)
13775,D-3815-HM-L,"Dado largo de 15 mm, 6 puntas, cuadro 3/8', TRUPER",P807,Dados y accesorios 3/8',DADOS Y ACCESORIOS (TODAS LAS MEDIDAS)
13776,D-3816-HM-L,"Dado largo de 16 mm, 6 puntas, cuadro 3/8', TRUPER",P807,Dados y accesorios 3/8',DADOS Y ACCESORIOS (TODAS LAS MEDIDAS)
13777,D-3817-HM-L,"Dado largo de 17 mm, 6 puntas, cuadro 3/8', TRUPER",P807,Dados y accesorios 3/8',DADOS Y ACCESORIOS (TODAS LAS MEDIDAS)
13778,D-3818-HM-L,"Dado largo de 18 mm, 6 puntas, cuadro 3/8', TRUPER",P807,Dados y accesorios 3/8',DADOS Y ACCESORIOS (TODAS LAS MEDIDAS)
13779,D-3819-HM-L,"Dado largo de 19 mm, 6 puntas, cuadro 3/8', TRUPER",P807,Dados y accesorios 3/8',DADOS Y ACCESORIOS (TODAS LAS MEDIDAS)
16897,D-3826-BE10,"Dado p/bujías cuadro 3/8' articulado 13/16', extensión 10'",P807,Dados y accesorios 3/8',DADOS Y ACCESORIOS (TODAS LAS MEDIDAS)
16899,D-3826-BE6,"Dado p/bujías cuadro 3/8' articulado 13/16', extensión 6'",P807,Dados y accesorios 3/8',DADOS Y ACCESORIOS (TODAS LAS MEDIDAS)
10025,JDTH-3/8X9,"Juego de 9 dados cuadro 3/8' torx, TRUPER",P807,Dados y accesorios 3/8',DADOS Y ACCESORIOS (TODAS LAS MEDIDAS)
100991,D-3806-HM-L,"Dado largo de 6 mm, 6 puntas, cuadro 3/8', TRUPER",P807,Dados y accesorios 3/8',DADOS Y ACCESORIOS (TODAS LAS MEDIDAS)
100993,D-3808-HM-L,"Dado largo de 8 mm, 6 puntas, cuadro 3/8', TRUPER",P807,Dados y accesorios 3/8',DADOS Y ACCESORIOS (TODAS LAS MEDIDAS)
13464,D-4990-7/32,"Dado punta hexagonal de 7/32', cuadro 3/8', TRUPER",P807,Dados y accesorios 3/8',DADOS Y ACCESORIOS (TODAS LAS MEDIDAS)
13465,D-4990-1/4,"Dado punta hexagonal de 1/4', cuadro 3/8', TRUPER",P807,Dados y accesorios 3/8',DADOS Y ACCESORIOS (TODAS LAS MEDIDAS)
13466,D-4990-5/16,"Dado punta hexagonal de 5/16', cuadro 3/8', TRUPER",P807,Dados y accesorios 3/8',DADOS Y ACCESORIOS (TODAS LAS MEDIDAS)
13489,D-4990-8M,"Dado punta hexagonal de 8 mm, cuadro 3/8', TRUPER",P807,Dados y accesorios 3/8',DADOS Y ACCESORIOS (TODAS LAS MEDIDAS)
13582,D-3812,"Dado de 3/8', 12 puntas, cuadro 3/8', TRUPER",P807,Dados y accesorios 3/8',DADOS Y ACCESORIOS (TODAS LAS MEDIDAS)
13586,D-3820,"Dado de 5/8', 12 puntas, cuadro 3/8', TRUPER",P807,Dados y accesorios 3/8',DADOS Y ACCESORIOS (TODAS LAS MEDIDAS)
13588,D-3824,"Dado de 3/4', 12 puntas, cuadro 3/8', TRUPER",P807,Dados y accesorios 3/8',DADOS Y ACCESORIOS (TODAS LAS MEDIDAS)
13590,D-3828,"Dado de 7/8', 12 puntas, cuadro 3/8', TRUPER",P807,Dados y accesorios 3/8',DADOS Y ACCESORIOS (TODAS LAS MEDIDAS)
13607,D-3812-H,"Dado de 3/8', 6 puntas, cuadro 3/8', TRUPER",P807,Dados y accesorios 3/8',DADOS Y ACCESORIOS (TODAS LAS MEDIDAS)
13611,D-3820-H,"Dado de 5/8', 6 puntas, cuadro 3/8', TRUPER",P807,Dados y accesorios 3/8',DADOS Y ACCESORIOS (TODAS LAS MEDIDAS)
13613,D-3824-H,"Dado de 3/4', 6 puntas, cuadro 3/8', TRUPER",P807,Dados y accesorios 3/8',DADOS Y ACCESORIOS (TODAS LAS MEDIDAS)
13615,D-3828-H,"Dado de 7/8', 6 puntas, cuadro 3/8', TRUPER",P807,Dados y accesorios 3/8',DADOS Y ACCESORIOS (TODAS LAS MEDIDAS)
13628,D-3808-M,"Dado de 8 mm, 12 puntas, cuadro 3/8', TRUPER",P807,Dados y accesorios 3/8',DADOS Y ACCESORIOS (TODAS LAS MEDIDAS)
13632,D-3812-M,"Dado de 12 mm, 12 puntas, cuadro 3/8', TRUPER",P807,Dados y accesorios 3/8',DADOS Y ACCESORIOS (TODAS LAS MEDIDAS)
13655,D-3820-B,"Dado para bujías de 5/8', 6 puntas, cuadro 3/8', TRUPER",P807,Dados y accesorios 3/8',DADOS Y ACCESORIOS (TODAS LAS MEDIDAS)
13670,D-3806-HM,"Dado de 6 mm, 6 puntas, cuadro 3/8', TRUPER",P807,Dados y accesorios 3/8',DADOS Y ACCESORIOS (TODAS LAS MEDIDAS)
13672,D-3808-HM,"Dado de 8 mm, 6 puntas, cuadro 3/8', TRUPER",P807,Dados y accesorios 3/8',DADOS Y ACCESORIOS (TODAS LAS MEDIDAS)
13712,D-3812-HL,"Dado largo de 3/8', 6 puntas, cuadro 3/8', TRUPER",P807,Dados y accesorios 3/8',DADOS Y ACCESORIOS (TODAS LAS MEDIDAS)
13716,D-3820-HL,"Dado largo de 5/8', 6 puntas, cuadro 3/8', TRUPER",P807,Dados y accesorios 3/8',DADOS Y ACCESORIOS (TODAS LAS MEDIDAS)
13718,D-3824-HL,"Dado largo de 3/4', 6 puntas, cuadro 3/8', TRUPER",P807,Dados y accesorios 3/8',DADOS Y ACCESORIOS (TODAS LAS MEDIDAS)
13720,D-3828-HL,"Dado largo de 7/8', 6 puntas, cuadro 3/8', TRUPER",P807,Dados y accesorios 3/8',DADOS Y ACCESORIOS (TODAS LAS MEDIDAS)
13950,JD-3/8X9P,"Juego de 9 dados cuadro 3/8' std, TRUPER",P807,Dados y accesorios 3/8',DADOS Y ACCESORIOS (TODAS LAS MEDIDAS)
13952,JD-3/8X9M,"Juego de 9 dados cuadro 3/8' mm, TRUPER",P807,Dados y accesorios 3/8',DADOS Y ACCESORIOS (TODAS LAS MEDIDAS)
13976,JPT-3/8X10,"Juego de 10 dados cuadro 3/8' punta torx, estuche metálico",P807,Dados y accesorios 3/8',DADOS Y ACCESORIOS (TODAS LAS MEDIDAS)
14169,JPH-3/8X7P,"Juego de 7 dados punta hexagonal std, cuadro 3/8', TRUPER",P807,Dados y accesorios 3/8',DADOS Y ACCESORIOS (TODAS LAS MEDIDAS)
14170,JPH-3/8X7M,"Juego de 7 dados cuadro 3/8' punta hexagonal mm, TRUPER",P807,Dados y accesorios 3/8',DADOS Y ACCESORIOS (TODAS LAS MEDIDAS)
14171,JPT-3/8X7T,"Juego de 7 dados cuadro 3/8' punta torx, TRUPER",P807,Dados y accesorios 3/8',DADOS Y ACCESORIOS (TODAS LAS MEDIDAS)
14172,JD-3/8X9LP,"Juego de 9 dados largos cuadro 3/8' std, TRUPER",P807,Dados y accesorios 3/8',DADOS Y ACCESORIOS (TODAS LAS MEDIDAS)
14173,JD-3/8X9LM,"Juego de 9 dados largos cuadro 3/8' mm, TRUPER",P807,Dados y accesorios 3/8',DADOS Y ACCESORIOS (TODAS LAS MEDIDAS)
16896,D-3820-BE10,"Dado p/bujías cuadro 3/8' articulado 5/8', extensión 10'",P807,Dados y accesorios 3/8',DADOS Y ACCESORIOS (TODAS LAS MEDIDAS)
16898,D-3820-BE6,"Dado p/bujías cuadro 3/8' articulado 5/8', extensión 6'",P807,Dados y accesorios 3/8',DADOS Y ACCESORIOS (TODAS LAS MEDIDAS)
21185,JD-3/8X10SAE-P,"Juego de 9 dados cuadro 3/8' std, PRETUL",P807,Dados y accesorios 3/8',DADOS Y ACCESORIOS (TODAS LAS MEDIDAS)
21189,JD-3/8X10MM-P,"Juego de 9 dados cuadro 3/8' mm, PRETUL",P807,Dados y accesorios 3/8',DADOS Y ACCESORIOS (TODAS LAS MEDIDAS)
13463,D-4990-3/16,"Dado punta hexagonal de 3/16', cuadro 3/8', TRUPER",P807,Dados y accesorios 3/8',DADOS Y ACCESORIOS (TODAS LAS MEDIDAS)
13467,D-4990-3/8,"Dado punta hexagonal de 3/8', cuadro 3/8', TRUPER",P807,Dados y accesorios 3/8',DADOS Y ACCESORIOS (TODAS LAS MEDIDAS)
100696,JOY-Y03,Desarmador de precisión punta triwing Y000 mango ergonómico,P253,Desarmadores,DESARMADORES
100697,JOY-E1,Desarmador de precisión pentalobe PL1 mango ergonómico,P253,Desarmadores,DESARMADORES
103794,JOY-57X,"Desarmador de precisión con 56 puntas intercambiables,EXPERT",P253,Desarmadores,DESARMADORES
10494,DTROM-12B,"Desarmador tipo trompo con matraca, 6 puntas dobles, blíster",P253,Desarmadores,DESARMADORES
14138,DTJ-5B,"Juego de 5 desarmadores mango Comfort Grip, TRUPER",P253,Desarmadores,DESARMADORES
14141,MAG-DES,"Magnetizador-desmagnetizador, TRUPER",P253,Desarmadores,DESARMADORES
14156,JOY-6L,"Juego con 6 desarmadores largos de precisión, TRUPER",P253,Desarmadores,DESARMADORES
14157,JOY-15L,"Juego con 15 desarmadores largos de precisión, TRUPER",P253,Desarmadores,DESARMADORES
14159,JOY-17,Desarmador de precisión con 16 puntas intercambiables,P253,Desarmadores,DESARMADORES
14160,JOY-29,Desarmador de precisión con 28 puntas intercambiables,P253,Desarmadores,DESARMADORES
14162,JOY-32,"Desarmador de precisión con 30 puntas y extensión, TRUPER",P253,Desarmadores,DESARMADORES
14163,JOY-43,Desarmador de precisión con 42 puntas intercambiables,P253,Desarmadores,DESARMADORES
14196,DTJ-7D,Juego 6 desarmadores dieléctricos y 1 probador de corriente,P253,Desarmadores,DESARMADORES
17845,DTROM-37,"Desarmador tipo trompo con matraca y 36 puntas, TRUPER",P253,Desarmadores,DESARMADORES
18193,DTROM-12,"Desarmador tipo trompo con matraca y 6 puntas dobles, TRUPER",P253,Desarmadores,DESARMADORES
18219,JDM-26,"Desarmador tipo matraca con 18 puntas y 6 dados, TRUPER",P253,Desarmadores,DESARMADORES
18220,JDM-58,"Desarmador tipo matraca con 42 puntas, 14 dados y extensión",P253,Desarmadores,DESARMADORES
18222,JDM-24,"Desarmador tipo matraca con 17 puntas y 7 dados, TRUPER",P253,Desarmadores,DESARMADORES
19621,DTJ-6B,"Juego de 6 desarmadores mango Comfort Grip, TRUPER",P253,Desarmadores,DESARMADORES
20218,JD-4BP,"Juego de 4 desarmadores mango Comfort Grip, PRETUL",P253,Desarmadores,DESARMADORES
20219,JD-8BP,"Juego de 8 desarmadores mango Comfort Grip, PRETUL",P253,Desarmadores,DESARMADORES
20220,JD-6BP,"Juego de 6 desarmadores mango Comfort Grip, PRETUL",P253,Desarmadores,DESARMADORES
21372,DES-6P,"Desarmador con 6 puntas, PRETUL",P253,Desarmadores,DESARMADORES
21382,J-DEJ-6P,"Juego con 6 desarmadores de precisión mango metálico, PRETUL",P253,Desarmadores,DESARMADORES
22974,DES-14P,"Desarmador tipo matraca con 6 puntas y 7 dados, PRETUL",P253,Desarmadores,DESARMADORES
22976,AUTO-61,"Desarmador tipo matraca con 35 puntas y 18 dados, PRETUL",P253,Desarmadores,DESARMADORES
29982,DT-10P,"Desarmador punta Torx T 10 mango de PVC, PRETUL",P253,Desarmadores,DESARMADORES
29983,DT-15P,"Desarmador punta Torx T 15 mango de PVC, PRETUL",P253,Desarmadores,DESARMADORES
29984,DT-20P,"Desarmador punta Torx T 20 mango de PVC, PRETUL",P253,Desarmadores,DESARMADORES
29985,DT-25P,"Desarmador punta Torx T 25 mango de PVC, PRETUL",P253,Desarmadores,DESARMADORES
29986,DT-27P,"Desarmador punta Torx T 27 mango de PVC, PRETUL",P253,Desarmadores,DESARMADORES
29987,DT-30P,"Desarmador punta Torx T 30 mango de PVC, PRETUL",P253,Desarmadores,DESARMADORES
100373,JGO-TEL-77,"Juego de 77 piezas para reparación de electrónica, TRUPER",P253,Desarmadores,DESARMADORES
100667,JOY-P18,Desarmador de precisión plano de 1.8 mm mango ergonómico,P253,Desarmadores,DESARMADORES
100668,JOY-C03,Desarmador de precisión de cruz PH000 mango ergonómico,P253,Desarmadores,DESARMADORES
100669,JOY-C02,Desarmador de precisión de cruz PH00 mango ergonómico,P253,Desarmadores,DESARMADORES
100670,JOY-C0,"Desarmador de precisión de cruz PH0 mango ergonómico, TRUPER",P253,Desarmadores,DESARMADORES
100680,JOY-C1,"Desarmador de precisión de cruz PH1 mango ergonómico, TRUPER",P253,Desarmadores,DESARMADORES
100681,JOY-T1,Desarmador de precisión punta torx T1 mango ergonómico,P253,Desarmadores,DESARMADORES
100682,JOY-T2,Desarmador de precisión punta torx T2 mango ergonómico,P253,Desarmadores,DESARMADORES
100690,JOY-T3,Desarmador de precisión punta torx T3 mango ergonómico,P253,Desarmadores,DESARMADORES
100691,JOY-T4,Desarmador de precisión punta torx T4 mango ergonómico,P253,Desarmadores,DESARMADORES
100692,JOY-T5,Desarmador de precisión punta torx T5 mango ergonómico,P253,Desarmadores,DESARMADORES
100693,JOY-T6,Desarmador de precisión punta torx T6 mango ergonómico,P253,Desarmadores,DESARMADORES
100694,JOY-T7,Desarmador de precisión punta torx T7 mango ergonómico,P253,Desarmadores,DESARMADORES
100695,JOY-T8,Desarmador de precisión punta torx T8 mango ergonómico,P253,Desarmadores,DESARMADORES
100813,GO-3/8X10P,"Desarmador plano de golpe 3/8' x 10', TRUPER EXPERT",P253,Desarmadores,DESARMADORES
100814,GO-3/8X8C,"Desarmador de cruz de golpe 3/8' x 10', TRUPER EXPERT",P253,Desarmadores,DESARMADORES
100832,DR-3/16X6B,"Desarmador plano 3/16' x 6' mango Comfort Grip, TRUPER",P253,Desarmadores,DESARMADORES
100833,DR-1/4X8B,"Desarmador plano 1/4' x 8' mango Comfort Grip, TRUPER",P253,Desarmadores,DESARMADORES
100834,DR-3/8X8B,"Desarmador plano 3/8' x 8' mango Comfort Grip, TRUPER",P253,Desarmadores,DESARMADORES
100835,DP-1/8X8B,"Desarmador de cruz 1/8' x 8' mango Comfort Grip, TRUPER",P253,Desarmadores,DESARMADORES
100836,DP-3/16X4B,"Desarmador de cruz 3/16' x 4' mango Comfort Grip, TRUPER",P253,Desarmadores,DESARMADORES
100837,DP-3/16X10B,"Desarmador de cruz 3/16' x 10' mango Comfort Grip, TRUPER",P253,Desarmadores,DESARMADORES
100838,DP-1/4X12B,"Desarmador de cruz 1/4' x 12' mango Comfort Grip, TRUPER",P253,Desarmadores,DESARMADORES
100839,DP-3/8X8B,"Desarmador de cruz 3/8' x 8' mango Comfort Grip, TRUPER",P253,Desarmadores,DESARMADORES
101176,DIMP-3/8X,"Desarmador de impacto con 4 puntas de acero S2 3/8', EXPERT",P253,Desarmadores,DESARMADORES
102241,DP-1/4X4D,"Desarmador dieléctrico de cruz 1/4' x 4', TRUPER",P253,Desarmadores,DESARMADORES
102242,DR-7/32X5D,"Desarmador dieléctrico plano 7/32' x 5', TRUPER",P253,Desarmadores,DESARMADORES
102243,DR-1/4X6D,"Desarmador dieléctrico plano 1/4' x 6', TRUPER",P253,Desarmadores,DESARMADORES
102396,JOY-57,Desarmador de precisión con 57 puntas intercambiables,P253,Desarmadores,DESARMADORES
102398,JOY-106,Desarmador de precisión con 106 puntas intercambiables,P253,Desarmadores,DESARMADORES
102503,JOY-12,"Desarmador de joyero multi puntas 12 en 1, TRUPER",P253,Desarmadores,DESARMADORES
10751,DTROM-7,"Desarmador tipo trompo con 7 puntas, TRUPER",P253,Desarmadores,DESARMADORES
13595,DMP-33,"Desarmador multipunta con 33 puntas, TRUPER",P253,Desarmadores,DESARMADORES
13990,DR-3/16X4,"Desarmador plano 3/16' x 4' mango de acetato, TRUPER",P253,Desarmadores,DESARMADORES
13992,DR-3/16X4B,"Desarmador plano 3/16' x 4' mango Comfort Grip, TRUPER",P253,Desarmadores,DESARMADORES
13996,DR-1/4X4,"Desarmador plano 1/4' x 4' mango de acetato, TRUPER",P253,Desarmadores,DESARMADORES
13998,DR-1/4X4B,"Desarmador plano 1/4' x 4' mango Comfort Grip, TRUPER",P253,Desarmadores,DESARMADORES
13999,DR-1/4X6,"Desarmador plano 1/4' x 6' mango de acetato, TRUPER",P253,Desarmadores,DESARMADORES
14000,DR-1/4X6B,"Desarmador plano 1/4' x 6' mango Comfort Grip, TRUPER",P253,Desarmadores,DESARMADORES
14002,DR-5/16X6,"Desarmador plano 5/16' x 6' mango de acetato, TRUPER",P253,Desarmadores,DESARMADORES
14005,DR-5/16X10,"Desarmador plano 5/16' x 10' mango de acetato, TRUPER",P253,Desarmadores,DESARMADORES
14006,DR-5/16X6B,"Desarmador plano 5/16' x 6' mango Comfort Grip, TRUPER",P253,Desarmadores,DESARMADORES
14008,DR-3/8X8,"Desarmador plano 3/8' x 8' mango de acetato, TRUPER",P253,Desarmadores,DESARMADORES
14014,DG-1/8X3,"Desarmador cabinet 1/8' x 3' mango de acetato, TRUPER",P253,Desarmadores,DESARMADORES
14017,DG-1/8X4,"Desarmador cabinet 1/8' x 4' mango de acetato, TRUPER",P253,Desarmadores,DESARMADORES
14019,DG-1/8X4B,"Desarmador cabinet 1/8' x 4' mango Comfort Grip, TRUPER",P253,Desarmadores,DESARMADORES
14020,DG-1/8X5,"Desarmador cabinet 1/8' x 5' mango de acetato, TRUPER",P253,Desarmadores,DESARMADORES
14023,DG-1/8X6,"Desarmador cabinet 1/8' x 6' mango de acetato, TRUPER",P253,Desarmadores,DESARMADORES
14025,DG-1/8X6B,"Desarmador cabinet 1/8' x 6' mango Comfort Grip, TRUPER",P253,Desarmadores,DESARMADORES
14026,DG-1/8X8,"Desarmador cabinet 1/8' x 8' mango de acetato, TRUPER",P253,Desarmadores,DESARMADORES
14027,DG-1/8X8B,"Desarmador cabinet 1/8' x 8' mango Comfort Grip, TRUPER",P253,Desarmadores,DESARMADORES
14032,DG-3/16X4,"Desarmador cabinet 3/16' x 4' mango de acetato, TRUPER",P253,Desarmadores,DESARMADORES
14034,DG-3/16X4B,"Desarmador cabinet 3/16' x 4' mango Comfort Grip, TRUPER",P253,Desarmadores,DESARMADORES
14035,DG-3/16X5,"Desarmador cabinet 3/16' x 5' mango de acetato, TRUPER",P253,Desarmadores,DESARMADORES
14038,DG-3/16X6,"Desarmador cabinet 3/16' x 6' mango de acetato, TRUPER",P253,Desarmadores,DESARMADORES
14040,DG-3/16X6B,"Desarmador cabinet 3/16' x 6' mango Comfort Grip, TRUPER",P253,Desarmadores,DESARMADORES
14041,DG-3/16X8,"Desarmador cabinet 3/16' x 8' mango de acetato, TRUPER",P253,Desarmadores,DESARMADORES
14043,DG-3/16X8B,"Desarmador cabinet 3/16' x 8' mango Comfort Grip, TRUPER",P253,Desarmadores,DESARMADORES
14044,DG-1/4X10,"Desarmador cabinet 1/4' x 10' mango de acetato, TRUPER",P253,Desarmadores,DESARMADORES
14047,DG-1/4X12,"Desarmador cabinet 1/4' x 12' mango de acetato, TRUPER",P253,Desarmadores,DESARMADORES
14053,DP-1/8X4,"Desarmador de cruz 1/8' x 4' mango de acetato, TRUPER",P253,Desarmadores,DESARMADORES
14055,DP-1/8X4B,"Desarmador de cruz 1/8' x 4' mango Comfort Grip, TRUPER",P253,Desarmadores,DESARMADORES
14056,DP-1/8X6,"Desarmador de cruz 1/8' x 6' mango de acetato, TRUPER",P253,Desarmadores,DESARMADORES
14058,DP-1/8X6B,"Desarmador de cruz 1/8' x 6' mango Comfort Grip, TRUPER",P253,Desarmadores,DESARMADORES
14059,DP-1/8X8,"Desarmador de cruz 1/8' x 8' mango de acetato, TRUPER",P253,Desarmadores,DESARMADORES
14065,DP-3/16X6,"Desarmador de cruz 3/16' x 6' mango de acetato, TRUPER",P253,Desarmadores,DESARMADORES
14067,DP-3/16X6B,"Desarmador de cruz 3/16' x 6' mango Comfort Grip, TRUPER",P253,Desarmadores,DESARMADORES
14068,DP-3/16X8,"Desarmador de cruz 3/16' x 8' mango de acetato, TRUPER",P253,Desarmadores,DESARMADORES
14070,DP-3/16X8B,"Desarmador de cruz 3/16' x 8' mango Comfort Grip, TRUPER",P253,Desarmadores,DESARMADORES
14074,DP-1/4X4,"Desarmador de cruz 1/4' x 4' mango de acetato, TRUPER",P253,Desarmadores,DESARMADORES
14076,DP-1/4X4B,"Desarmador de cruz 1/4' x 4' mango Comfort Grip, TRUPER",P253,Desarmadores,DESARMADORES
14077,DP-1/4X6,"Desarmador de cruz 1/4' x 6' mango de acetato, TRUPER",P253,Desarmadores,DESARMADORES
14079,DP-1/4X6B,"Desarmador de cruz 1/4' x 6' mango Comfort Grip, TRUPER",P253,Desarmadores,DESARMADORES
14080,DP-1/4X8,"Desarmador de cruz 1/4' x 8' mango de acetato, TRUPER",P253,Desarmadores,DESARMADORES
14082,DP-1/4X8B,"Desarmador de cruz 1/4' x 8' mango Comfort Grip, TRUPER",P253,Desarmadores,DESARMADORES
14083,DP-5/16X6,"Desarmador de cruz 5/16' x 6' mango de acetato, TRUPER",P253,Desarmadores,DESARMADORES
14086,DP-3/8X8,"Desarmador de cruz 3/8' x 8' mango de acetato, TRUPER",P253,Desarmadores,DESARMADORES
14089,DC-1/4X3,Desarmador plano 1/4 x 3' barra cuadrada mango acetato,P253,Desarmadores,DESARMADORES
14092,DC-1/4X4,Desarmador plano 1/4 x 4' barra cuadrada mango acetato,P253,Desarmadores,DESARMADORES
14095,DC-1/4X6,Desarmador plano 1/4 x 6' barra cuadrada mango acetato,P253,Desarmadores,DESARMADORES
14098,DC-1/4X9,Desarmador plano 1/4 x 9' barra cuadrada mango acetato,P253,Desarmadores,DESARMADORES
14104,DC-5/16X6,Desarmador plano barra 5/16 x 6' cuadrada mango acetato,P253,Desarmadores,DESARMADORES
14107,DC-5/16X10,Desarmador plano 5/16 x 10' barra cuadrada mango acetato,P253,Desarmadores,DESARMADORES
14110,DC-3/8X8,Desarmador plano 3/8 x 8' barra cuadrada mango acetato,P253,Desarmadores,DESARMADORES
14113,DC-3/8X10,Desarmador plano 3/8 x 10' barra cuadrada mango acetato,P253,Desarmadores,DESARMADORES
14116,DC-3/8X12,Desarmador plano 3/8 x 12' barra cuadrada mango acetato,P253,Desarmadores,DESARMADORES
14119,DJ-3/16,"Desarmador de caja 3/16' mango de acetato, TRUPER",P253,Desarmadores,DESARMADORES
14122,DJ-1/4,"Desarmador de caja 1/4' mango de acetato, TRUPER",P253,Desarmadores,DESARMADORES
14125,DJ-5/16,"Desarmador de caja 5/16' mango de acetato, TRUPER",P253,Desarmadores,DESARMADORES
14128,DJ-3/8,"Desarmador de caja 3/8' mango de acetato, TRUPER",P253,Desarmadores,DESARMADORES
14131,DJ-7/16,"Desarmador de caja 7/16' mango de acetato, TRUPER",P253,Desarmadores,DESARMADORES
14134,DJ-1/2,"Desarmador de caja 1/2' mango de acetato, TRUPER",P253,Desarmadores,DESARMADORES
14137,DTJ-5,"Juego de 5 desarmadores mangos de acetato, TRUPER",P253,Desarmadores,DESARMADORES
14146,GO-1/4X4C,"Desarmador de cruz de golpe 1/4' x 4', TRUPER EXPERT",P253,Desarmadores,DESARMADORES
14149,GO-1/4X6C,"Desarmador de cruz de golpe 1/4' x 6', TRUPER EXPERT",P253,Desarmadores,DESARMADORES
14152,GO-5/16X8C,"Desarmador de cruz de golpe 5/16' x 8', TRUPER EXPERT",P253,Desarmadores,DESARMADORES
14158,GO-1/4X4P,"Desarmador plano de golpe 1/4' x 4', TRUPER EXPERT",P253,Desarmadores,DESARMADORES
14161,GO-1/4X6P,"Desarmador plano de golpe 1/4' x 6', TRUPER EXPERT",P253,Desarmadores,DESARMADORES
14164,GO-5/16X8P,"Desarmador plano de golpe 5/16' x 8', TRUPER EXPERT",P253,Desarmadores,DESARMADORES
14197,DTJ-14B,Juego de 8 desarmadores mango Comfort Grip y 6 de joyero,P253,Desarmadores,DESARMADORES
14199,DES-MINI-2,"Dúo de mini desarmadores mango de acetato, TRUPER",P253,Desarmadores,DESARMADORES
14200,DT-4,Desarmador 2 puntas dobles y barra con 2 cajas hexagonales,P253,Desarmadores,DESARMADORES
14202,JOY-6,"Juego con 6 desarmadores de precisión, TRUPER",P253,Desarmadores,DESARMADORES
14205,JOY-15,"Juego con 15 desarmadores de precisión, TRUPER",P253,Desarmadores,DESARMADORES
15101,DT-10,"Desarmador punta Torx T 10 mango de acetato, TRUPER",P253,Desarmadores,DESARMADORES
15102,DT-15,"Desarmador punta Torx T 15 mango de acetato, TRUPER",P253,Desarmadores,DESARMADORES
15103,DT-20,"Desarmador punta Torx T 20 mango de acetato, TRUPER",P253,Desarmadores,DESARMADORES
15104,DT-25,"Desarmador punta Torx T 25 mango de acetato, TRUPER",P253,Desarmadores,DESARMADORES
15105,DT-27,"Desarmador punta Torx T 27 mango de acetato, TRUPER",P253,Desarmadores,DESARMADORES
15106,DT-30,"Desarmador punta Torx T 30 mango de acetato, TRUPER",P253,Desarmadores,DESARMADORES
17762,JGO-TEL-32,"Juego de 32 piezas para reparación de electrónica, TRUPER",P253,Desarmadores,DESARMADORES
18546,DR-5/16X10B,"Desarmador plano 5/16' x 10' mango Comfort Grip, TRUPER",P253,Desarmadores,DESARMADORES
18548,DP-5/16X6B,"Desarmador de cruz 5/16' x 6' mango Comfort Grip, TRUPER",P253,Desarmadores,DESARMADORES
19622,DUO-1/4X4B,"Dúo de desarmadores 1/4' x 4' mango Comfort Grip, TRUPER",P253,Desarmadores,DESARMADORES
19623,DUO-3/16X4B,"Dúo de desarmadores 3/16' x 4' mango Comfort Grip, TRUPER",P253,Desarmadores,DESARMADORES
20210,DUO-1/4X4TP,"Dúo de desarmadores 1/4 x 4' mango de PVC, PRETUL",P253,Desarmadores,DESARMADORES
20211,DUO-3/16X4TP,"Dúo de desarmadores 3/16 x 4' mango de PVC, PRETUL",P253,Desarmadores,DESARMADORES
20212,JD-4TP,"Juego de 4 desarmadores mango de PVC, PRETUL",P253,Desarmadores,DESARMADORES
20213,JD-8TP,"Juego de 8 desarmadores mango de PVC, PRETUL",P253,Desarmadores,DESARMADORES
20214,JD-6TP,"Juego de 6 desarmadores mango de PVC, PRETUL",P253,Desarmadores,DESARMADORES
20215,DUO-1/4X4BP,"Dúo de desarmadores 1/4' x 4' mango Comfort Grip, PRETUL",P253,Desarmadores,DESARMADORES
20216,DUO-3/16X4BP,"Dúo de desarmadores 3/16' x 4' mango Comfort Grip, PRETUL",P253,Desarmadores,DESARMADORES
21378,J-DIMP-7,"Juego de 7 desarmadores de impacto, PRETUL",P253,Desarmadores,DESARMADORES
21381,J-DEJ-6,"Juego con 6 desarmadores de precisión, PRETUL",P253,Desarmadores,DESARMADORES
21383,J-DEJ-15,"Juego con 15 desarmadores de precisión, PRETUL",P253,Desarmadores,DESARMADORES
21457,DR-3/16X6TP,"Desarmador plano 3/16 x 6' mango de PVC, PRETUL",P253,Desarmadores,DESARMADORES
21458,DR-3/16X4TP,"Desarmador plano 3/16 x 4' mango de PVC, PRETUL",P253,Desarmadores,DESARMADORES
21459,DR-1/4X4TP,"Desarmador plano 1/4 x 4' mango de PVC, PRETUL",P253,Desarmadores,DESARMADORES
21460,DR-1/4X8TP,"Desarmador plano 1/4 x 8' mango de PVC, PRETUL",P253,Desarmadores,DESARMADORES
21462,DR-1/4X6TP,"Desarmador plano 1/4 x 6' mango de PVC, PRETUL",P253,Desarmadores,DESARMADORES
21463,DR-5/16X6TP,"Desarmador plano 5/16 x 6' mango de PVC, PRETUL",P253,Desarmadores,DESARMADORES
21464,DG-1/8X4TP,"Desarmador cabinet 1/8 x 4' mango de PVC, PRETUL",P253,Desarmadores,DESARMADORES
21465,DG-1/8X6TP,"Desarmador cabinet 1/8 x 6' mango de PVC, PRETUL",P253,Desarmadores,DESARMADORES
21466,DG-1/8X8TP,"Desarmador cabinet 1/8 x 8' mango de PVC, PRETUL",P253,Desarmadores,DESARMADORES
21467,DG-3/16X4TP,"Desarmador cabinet 3/16 x 4' mango de PVC, PRETUL",P253,Desarmadores,DESARMADORES
21468,DG-3/16X6TP,"Desarmador cabinet 3/16 x 6' mango de PVC, PRETUL",P253,Desarmadores,DESARMADORES
21469,DG-3/16X8TP,"Desarmador cabinet 3/16 x 8' mango de PVC, PRETUL",P253,Desarmadores,DESARMADORES
21470,DP-5/16X6TP,"Desarmador de cruz 5/16 x 6' mango de PVC, PRETUL",P253,Desarmadores,DESARMADORES
21472,DP-3/16X6TP,"Desarmador de cruz 3/16 x 6' mango de PVC, PRETUL",P253,Desarmadores,DESARMADORES
21473,DP-3/16X4TP,"Desarmador de cruz 3/16 x 4' mango de PVC, PRETUL",P253,Desarmadores,DESARMADORES
21474,DP-1/4X4TP,"Desarmador de cruz 1/4 x 4' mango de PVC, PRETUL",P253,Desarmadores,DESARMADORES
21475,DP-1/4X8TP,"Desarmador de cruz 1/4 x 8' mango de PVC, PRETUL",P253,Desarmadores,DESARMADORES
21477,DP-1/4X6TP,"Desarmador de cruz 1/4 x 6' mango de PVC, PRETUL",P253,Desarmadores,DESARMADORES
21479,DR-3/16X6BP,"Desarmador plano 3/16 x 6' mango Comfort Grip, PRETUL",P253,Desarmadores,DESARMADORES
21480,DR-3/16X4BP,"Desarmador plano 3/16 x 4' mango Comfort Grip, PRETUL",P253,Desarmadores,DESARMADORES
21481,DR-1/4X4BP,"Desarmador plano 1/4' x 4'mango Comfort Grip, PRETUL",P253,Desarmadores,DESARMADORES
21482,DR-1/4X8BP,"Desarmador plano 1/4' x 8'mango Comfort Grip, PRETUL",P253,Desarmadores,DESARMADORES
21484,DR-1/4X6BP,"Desarmador plano 1/4' x 6'mango Comfort Grip, PRETUL",P253,Desarmadores,DESARMADORES
21485,DR-5/16X6BP,"Desarmador plano 5/16' x 6' mango Comfort Grip, PRETUL",P253,Desarmadores,DESARMADORES
21486,DG-1/8X4BP,"Desarmador cabinet 1/8 x 4' mango Comfort Grip, PRETUL",P253,Desarmadores,DESARMADORES
21487,DG-1/8X6BP,"Desarmador cabinet 1/8 x 6' mango Comfort Grip, PRETUL",P253,Desarmadores,DESARMADORES
21488,DG-1/8X8BP,"Desarmador cabinet 1/8 x 8' mango Comfort Grip, PRETUL",P253,Desarmadores,DESARMADORES
21489,DG-3/16X4BP,"Desarmador cabinet 3/16 x 4' mango Comfort Grip, PRETUL",P253,Desarmadores,DESARMADORES
21490,DG-3/16X6BP,"Desarmador cabinet 3/16 x 6' mango Comfort Grip, PRETUL",P253,Desarmadores,DESARMADORES
21491,DG-3/16X8BP,"Desarmador cabinet 3/16 x 8' mango Comfort Grip, PRETUL",P253,Desarmadores,DESARMADORES
21492,DP-5/16X6BP,"Desarmador de cruz 5/16' x 6' mango Comfort Grip, PRETUL",P253,Desarmadores,DESARMADORES
21494,DP-3/16X6BP,"Desarmador de cruz 3/16' x 6' mango Comfort Grip, PRETUL",P253,Desarmadores,DESARMADORES
21495,DP-3/16X4BP,"Desarmador de cruz 3/16' x 4' mango Comfort Grip, PRETUL",P253,Desarmadores,DESARMADORES
21496,DP-1/4X4BP,"Desarmador de cruz 1/4' x 4' mango Comfort Grip, PRETUL",P253,Desarmadores,DESARMADORES
21497,DP-1/4X8BP,"Desarmador de cruz 1/4' x 8' mango Comfort Grip, PRETUL",P253,Desarmadores,DESARMADORES
21499,DP-1/4X6BP,"Desarmador de cruz 1/4' x 6' mango Comfort Grip, PRETUL",P253,Desarmadores,DESARMADORES
27192,DT-6P,"Juego de 6 desarmadores Torx mango de PVC, PRETUL",P253,Desarmadores,DESARMADORES
28076,DP-1/8X4TP,"Desarmador de cruz 1/8' x 4' mango de PVC, PRETUL",P253,Desarmadores,DESARMADORES
28077,DP-1/8X6TP,"Desarmador de cruz 1/8' x 6' mango de PVC, PRETUL",P253,Desarmadores,DESARMADORES
28078,DP-1/8X8TP,"Desarmador de cruz 1/8' x 8' mango de PVC, PRETUL",P253,Desarmadores,DESARMADORES
28079,DR-5/16X10BP,"Desarmador plano 5/16' x 10' mango Comfort Grip, PRETUL",P253,Desarmadores,DESARMADORES
28080,DR-3/8X8BP,"Desarmador plano 3/8' x 8' mango Comfort Grip, PRETUL",P253,Desarmadores,DESARMADORES
28081,DR-3/8X12BP,"Desarmador plano 3/8' x 12' mango Comfort Grip, PRETUL",P253,Desarmadores,DESARMADORES
28082,DP-1/8X4BP,"Desarmador de cruz 1/8' x 4' mango Comfort Grip, PRETUL",P253,Desarmadores,DESARMADORES
28083,DP-1/8X6BP,"Desarmador de cruz 1/8' x 6' mango Comfort Grip, PRETUL",P253,Desarmadores,DESARMADORES
28084,DP-1/8X8BP,"Desarmador de cruz 1/8' x 8' mango Comfort Grip, PRETUL",P253,Desarmadores,DESARMADORES
28085,DP-3/16X8BP,"Desarmador de cruz 3/16' x 8' mango Comfort Grip, PRETUL",P253,Desarmadores,DESARMADORES
28086,DP-3/16X10BP,"Desarmador de cruz 3/16' x 10' mango Comfort Grip, PRETUL",P253,Desarmadores,DESARMADORES
28087,DP-1/4X12BP,"Desarmador de cruz 1/4' x 12' mango Comfort Grip, PRETUL",P253,Desarmadores,DESARMADORES
28088,DP-5/16X8BP,"Desarmador de cruz 5/16' x 8' mango Comfort Grip, PRETUL",P253,Desarmadores,DESARMADORES
29988,DJ-3/16P,"Desarmador de caja 3/16' mango de PVC, PRETUL",P253,Desarmadores,DESARMADORES
29989,DJ-1/4P,"Desarmador de caja 1/4' mango de PVC, PRETUL",P253,Desarmadores,DESARMADORES
29990,DJ-5/16P,"Desarmador de caja 5/16' mango de PVC, PRETUL",P253,Desarmadores,DESARMADORES
29991,DJ-3/8P,"Desarmador de caja 3/8' mango de PVC, PRETUL",P253,Desarmadores,DESARMADORES
29992,DJ-7/16P,"Desarmador de caja 7/16' mango de PVC, PRETUL",P253,Desarmadores,DESARMADORES
29993,DJ-1/2P,"Desarmador de caja 1/2' mango de PVC, PRETUL",P253,Desarmadores,DESARMADORES
100831,DR-3/16X3B,"Desarmador plano 3/16' x 3' mango Comfort Grip, TRUPER",P253,Desarmadores,DESARMADORES
100840,DG-3/16X3B,"Desarmador cabinet 3/16 x 3' mango Comfort Grip, TRUPER",P253,Desarmadores,DESARMADORES
102240,DP-3/16X3D,"Desarmador dieléctrico de cruz 3/16' x 3', TRUPER",P253,Desarmadores,DESARMADORES
14029,DG-3/16X3,"Desarmador cabinet 3/16' x 3' mango de acetato, TRUPER",P253,Desarmadores,DESARMADORES
14062,DP-3/16X3,"Desarmador de cruz 3/16' x 3' mango de acetato, TRUPER",P253,Desarmadores,DESARMADORES
14064,DP-3/16X3B,"Desarmador de cruz 3/16' x 3' mango Comfort Grip, TRUPER",P253,Desarmadores,DESARMADORES
14101,DC-5/16X5,Desarmador plano 5/16 x 5' barra cuadrada mango acetato,P253,Desarmadores,DESARMADORES
14143,GO-3/16X3C,"Desarmador de cruz de golpe 3/16' x 3', TRUPER EXPERT",P253,Desarmadores,DESARMADORES
14155,GO-3/16X3P,"Desarmador plano de golpe 3/16' x 3', TRUPER EXPERT",P253,Desarmadores,DESARMADORES
19624,JDT-2B,"Dúo de desarmadores 1/4' x 1-1/2' mango Comfort Grip, TRUPER",P253,Desarmadores,DESARMADORES
20217,JDT-2BP,"Dúo de desarmadores 1/4' x 1-1/2' mango Comfort Grip, PRETUL",P253,Desarmadores,DESARMADORES
21379,JDT-2TP,"Dúo de desarmadores 1/4 x 1-1/2' mango de PVC, PRETUL",P253,Desarmadores,DESARMADORES
21420,DJ-7P,"Juego de 7 desarmadores de caja mango de PVC, PRETUL",P253,Desarmadores,DESARMADORES
21456,DR-3/16X3TP,"Desarmador plano 3/16 x 3' mango de PVC, PRETUL",P253,Desarmadores,DESARMADORES
21471,DP-3/16X3TP,"Desarmador de cruz 3/16 x 3' mango de PVC, PRETUL",P253,Desarmadores,DESARMADORES
21478,DR-3/16X3BP,"Desarmador plano 3/16 x 3' mango Comfort Grip, PRETUL",P253,Desarmadores,DESARMADORES
21493,DP-3/16X3BP,"Desarmador de cruz 3/16' x 3' mango Comfort Grip, PRETUL",P253,Desarmadores,DESARMADORES
14011,DG-1/8X2-1/2,"Desarmador cabinet 1/8' x 2-1/2' mango de acetato, TRUPER",P253,Desarmadores,DESARMADORES
14050,DP-1/8X2-1/2,"Desarmador de cruz 1/8' x 2-1/2' mango de acetato, TRUPER",P253,Desarmadores,DESARMADORES
18547,DP-1/8X2-1/2B,"Desarmador de cruz 1/8' x 2-1/2' mango Comfort Grip, TRUPER",P253,Desarmadores,DESARMADORES
18549,DG-1/8X4-1/2B,"Desarmador cabinet 1/8' x 4-1/2' mango Comfort Grip, TRUPER",P253,Desarmadores,DESARMADORES
13993,DR-1/4X1-1/2,"Desarmador plano 1/4' x 1-1/2' mango de acetato, TRUPER",P253,Desarmadores,DESARMADORES
14003,DR-1/4X1-1/2B,"Desarmador plano 1/4' x 1-1/2' mango Comfort Grip, TRUPER",P253,Desarmadores,DESARMADORES
14071,DP-1/4X1-1/2,"Desarmador de cruz 1/4' x 1-1/2' mango de acetato, TRUPER",P253,Desarmadores,DESARMADORES
14073,DP-1/4X1-1/2B,"Desarmador de cruz 1/4' x 1-1/2' mango Comfort Grip, TRUPER",P253,Desarmadores,DESARMADORES
21461,DR-1/4X1-1/2TP,"Desarmador plano 1/4 x 1-1/2' mango de PVC, PRETUL",P253,Desarmadores,DESARMADORES
21476,DP-1/4X1-1/2TP,"Desarmador de cruz 1/4 x 1-1/2' mango de PVC, PRETUL",P253,Desarmadores,DESARMADORES
21483,DR-1/4X1-1/2BP,"Desarmador plano 1/4' x 1-1/2'mango Comfort Grip, PRETUL",P253,Desarmadores,DESARMADORES
21498,DP-1/4X1-1/2BP,"Desarmador de cruz 1/4' x 1-1/2' mango Comfort Grip, PRETUL",P253,Desarmadores,DESARMADORES
12279,DECA-25,"Destapacaños de 7.6 m manual, TRUPER",P053,Destapacaños,DESTAPACAÑOS
12280,DECA-25X,"Destapacaños de 7.6 m para taladro, con mango, TRUPER",P053,Destapacaños,DESTAPACAÑOS
15149,DECAB-45,"Destapacaños de 4.5 m tipo barreno con manivela, TRUPER",P053,Destapacaños,DESTAPACAÑOS
15150,DECAB-150,"Destapacaños de 15 m tipo barreno con manivela, TRUPER",P053,Destapacaños,DESTAPACAÑOS
22880,DECA-15P,"Destapacaños de 4.5 m manual, PRETUL",P053,Destapacaños,DESTAPACAÑOS
22881,DECA-25P,"Destapacaños de 7.6 m manual con mango, PRETUL",P053,Destapacaños,DESTAPACAÑOS
22882,DECA-6P,"Destapacaños de 1.8 m manual, PRETUL",P053,Destapacaños,DESTAPACAÑOS
28150,DECA-2P,"Juegos de 2 destapacaños manuales, PRETUL",P053,Destapacaños,DESTAPACAÑOS
55850,BODE-6,"Bomba destapacaños de 15 cm, KLINTEK",P053,Destapacaños,DESTAPACAÑOS
103367,EP-30X,"Escoba para alto volumen de hojas, TRUPER",P403,Escobas para jardín nacionales,ESCOBAS DE JARDÍN
11107,EP-23X,"Escoba plástica para jardín, flexible, 23 dientes, mango 48'",P403,Escobas para jardín nacionales,ESCOBAS DE JARDÍN
14324,EM-22A,"Escoba metálica p/jardín curva,22 dientes redondos,mango 48'",P403,Escobas para jardín nacionales,ESCOBAS DE JARDÍN
19785,EP-22F,"Escoba plástica para jardín, flexible, 22 dientes, mango 48'",P403,Escobas para jardín nacionales,ESCOBAS DE JARDÍN
19786,EP-22R,"Escoba plástica para jardín, rígida, 22 dientes, mango 48'",P403,Escobas para jardín nacionales,ESCOBAS DE JARDÍN
19787,EP-26F,"Escoba plástica para jardín, flexible, 26 dientes, mango 48'",P403,Escobas para jardín nacionales,ESCOBAS DE JARDÍN
19788,EP-26R,"Escoba plástica para jardín, rígida, 26 dientes, mango 48'",P403,Escobas para jardín nacionales,ESCOBAS DE JARDÍN
19881,EP-26X,"Escoba plástica para jardín, 39 dientes, mango de acero 60'",P403,Escobas para jardín nacionales,ESCOBAS DE JARDÍN
21430,EP-22P,"Escoba plástica p/jardín, flex. 22 dientes, mango 48' PRETUL",P403,Escobas para jardín nacionales,ESCOBAS DE JARDÍN
21431,EM-20P,"Escoba metálica para jardín, curva, 20 dientes, mango 48'",P403,Escobas para jardín nacionales,ESCOBAS DE JARDÍN
14322,EM-22,"Escoba metálica para jardín, curva, 22 dientes, mango 48'",P403,Escobas para jardín nacionales,ESCOBAS DE JARDÍN
14326,EMX-18,"Escoba metálica para jardín, recta, 18 dientes, mango 48'",P403,Escobas para jardín nacionales,ESCOBAS DE JARDÍN
14328,EMX-22,"Escoba metálica para jardín, recta, 22 dientes, mango 48'",P403,Escobas para jardín nacionales,ESCOBAS DE JARDÍN
14332,EMP-22,"Escoba metal/plástico alto impacto, cabeza recta, 22 dientes",P403,Escobas para jardín nacionales,ESCOBAS DE JARDÍN
14342,EMX-24,"Escoba metálica para jardín, recta, 24 dientes, mango 54'",P403,Escobas para jardín nacionales,ESCOBAS DE JARDÍN
14345,EP-15,"Escoba plástica para jardín, rígida, 15 dientes, mango 48'",P403,Escobas para jardín nacionales,ESCOBAS DE JARDÍN
19065,EP-30,"Escoba plástica para jardín, flexible, 30 dientes, mango 48'",P403,Escobas para jardín nacionales,ESCOBAS DE JARDÍN
19678,EM-15,"Escoba metálica para jardín, curva, 15 dientes, mango 48'",P403,Escobas para jardín nacionales,ESCOBAS DE JARDÍN
101386,E-16X24N,Escuadra 16'x24' de aluminio color naranja para cantero,P058,Escuadras,ESCUADRAS
104023,ET-7AN,"Escuadra 7', aluminio color negro, para muro de yeso, TRUPER",P058,Escuadras,ESCUADRAS
104024,ET-12AN,"Escuadra 12', aluminio color negro, para muro de yeso,TRUPER",P058,Escuadras,ESCUADRAS
14369,ECT-6,"Escuadra 7' de combinación con punzón para marcar, TRUPER",P058,Escuadras,ESCUADRAS
14382,EFT-8,Escuadra falsa d/acero inoxidable 19cm / 6' con mango de ABS,P058,Escuadras,ESCUADRAS
14384,E-16X24,"Escuadra 16'x24' de acero para cantero, TRUPER",P058,Escuadras,ESCUADRAS
14386,E-8X12,"Escuadra 8'x12' de acero para cantero, TRUPER",P058,Escuadras,ESCUADRAS
26086,EC-6P,"Escuadra 6' para carpintero, PRETUL",P058,Escuadras,ESCUADRAS
26087,EC-8P,"Escuadra 8' para carpintero, PRETUL",P058,Escuadras,ESCUADRAS
26088,EC-10P,"Escuadra 10' para carpintero, PRETUL",P058,Escuadras,ESCUADRAS
26089,EC-12P,"Escuadra 12' para carpintero, PRETUL",P058,Escuadras,ESCUADRAS
101810,RGL-15B,"Regla 15 cm de acero inoxidable de bolsillo, TRUPER",P058,Escuadras,ESCUADRAS
14370,EC-6,Escuadra 6' para carpintero con mango 100% de aluminio,P058,Escuadras,ESCUADRAS
14372,EC-8,Escuadra 8' para carpintero con mango 100% de aluminio,P058,Escuadras,ESCUADRAS
14374,EC-10,Escuadra 10' para carpintero con mango 100% de aluminio,P058,Escuadras,ESCUADRAS
14376,EC-12,Escuadra 12' para carpintero con mango 100% de aluminio,P058,Escuadras,ESCUADRAS
14380,ECT-12,"Escuadra 12' de combinación con punzón para marcar, TRUPER",P058,Escuadras,ESCUADRAS
14381,ECT-16,"Escuadra 16' de combinación con punzón para marcar, TRUPER",P058,Escuadras,ESCUADRAS
14385,EFT-9X,"Escuadra 9' falsa de acero inox mango de aluminio, EXPERT",P058,Escuadras,ESCUADRAS
14387,RGL-30,"Regla 30 cm de acero inoxidable, TRUPER",P058,Escuadras,ESCUADRAS
15131,ET-7A,"Escuadra 7' de aluminio para muros de yeso, TRUPER",P058,Escuadras,ESCUADRAS
15132,ET-12A,"Escuadra 12' de aluminio para muros de yeso, TRUPER",P058,Escuadras,ESCUADRAS
102860,ESM-3X,"Escuadra magnética para soldar de 3-1/4' carga 25 kg, EXPERT",P737,Escuadras magnéticas,ESCUADRAS
102861,ESM-4X,"Escuadra magnética para soldar de 4-3/8' carga 50 kg, EXPERT",P737,Escuadras magnéticas,ESCUADRAS
102862,ESM-5X,"Escuadra magnética para soldar de 5-1/2' carga 70 kg, EXPERT",P737,Escuadras magnéticas,ESCUADRAS
28242,ESM-3P,"Escuadra magnética para soldar de 3', carga 10 kg, PRETUL",P737,Escuadras magnéticas,ESCUADRAS
28243,ESM-4P,"Escuadra magnética para soldar de 4', carga 20 kg, PRETUL",P737,Escuadras magnéticas,ESCUADRAS
28244,ESM-5P,"Escuadra magnética para soldar de 5', carga 25 kg, PRETUL",P737,Escuadras magnéticas,ESCUADRAS
103031,ESM-32,"2 Escuadras magnéticas esquineras 2-3/4' carga 11 kg, TRUPER",P737,Escuadras magnéticas,ESCUADRAS
12119,ESM-3,"Escuadra magnética para soldar de 3', carga 11 kg, TRUPER",P737,Escuadras magnéticas,ESCUADRAS
15407,ESM-4,"Escuadra magnética para soldar de 4', carga 22 kg, TRUPER",P737,Escuadras magnéticas,ESCUADRAS
15408,ESM-5,"Escuadra magnética para soldar de 5', carga 34 kg, TRUPER",P737,Escuadras magnéticas,ESCUADRAS
11865,ETA-8X,"Espátula tapizadora de 8' acero inoxidable, TRUPER EXPERT",P059,Espátulas,CUÑAS
11879,ETA-10X,"Espátula tapizadora de 10' acero inoxidable, TRUPER EXPERT",P059,Espátulas,CUÑAS
11881,ETA-12X,"Espátula tapizadora de 12' acero inoxidable, TRUPER EXPERT",P059,Espátulas,CUÑAS
12876,ET-8FX,"Espátula flexible 8' acero inoxidable, Comfort Grip, EXPERT",P059,Espátulas,CUÑAS
12881,ET-10FX,"Espátula flexible 10' acero inoxidable, Comfort Grip, EXPERT",P059,Espátulas,CUÑAS
14440,ET-1R,"Espátula rígida 1' con mango de madera, TRUPER",P059,Espátulas,CUÑAS
14441,ET-2R,"Espátula rígida 2' con mango de madera, TRUPER",P059,Espátulas,CUÑAS
14442,ET-3R,"Espátula rígida 3' con mango de madera, TRUPER",P059,Espátulas,CUÑAS
14443,ET-2P,"Espátula plástica de 2', TRUPER",P059,Espátulas,CUÑAS
14444,ET-3P,"Espátula plástica de 3', TRUPER",P059,Espátulas,CUÑAS
14445,ET-4P,"Espátula plástica de 4', TRUPER",P059,Espátulas,CUÑAS
14447,ET-1F,"Espátula flexible 1' con mango de madera, TRUPER",P059,Espátulas,CUÑAS
14448,ET-2F,"Espátula flexible 2' con mango de madera, TRUPER",P059,Espátulas,CUÑAS
14449,ET-3F,"Espátula flexible 3' con mango de madera, TRUPER",P059,Espátulas,CUÑAS
14450,ET-4F,"Espátula flexible 4' con mango de madera, TRUPER",P059,Espátulas,CUÑAS
14451,ET-5F,"Espátula flexible 5' con mango de madera, TRUPER",P059,Espátulas,CUÑAS
14452,ET-6F,"Espátula flexible 6' con mango de madera, TRUPER",P059,Espátulas,CUÑAS
14457,ET-3RA,"Espátula afilada y angulada 3' con mango de madera, TRUPER",P059,Espátulas,CUÑAS
15850,ET-2FX,"Espátula flexible 2' acero inoxidable, Comfort Grip, EXPERT",P059,Espátulas,CUÑAS
15851,ET-3FX,"Espátula flexible 3' acero inoxidable, Comfort Grip, EXPERT",P059,Espátulas,CUÑAS
15852,ET-4FX,"Espátula flexible 4' acero inoxidable, Comfort Grip, EXPERT",P059,Espátulas,CUÑAS
15853,ET-5FX,"Espátula flexible 5' acero inoxidable, Comfort Grip, EXPERT",P059,Espátulas,CUÑAS
15854,ET-6FX,"Espátula flexible 6' acero inoxidable, Comfort Grip, EXPERT",P059,Espátulas,CUÑAS
20322,E-1F,"Espátula flexible 1' con mango de plástico, PRETUL",P059,Espátulas,CUÑAS
20323,E-5F,"Espátula flexible 5' con mango de plástico, PRETUL",P059,Espátulas,CUÑAS
21515,E-2F,"Espátula flexible 2' con mango de plástico, PRETUL",P059,Espátulas,CUÑAS
21516,E-3F,"Espátula flexible 3' con mango de plástico, PRETUL",P059,Espátulas,CUÑAS
21517,E-4F,"Espátula flexible 4' con mango de plástico, PRETUL",P059,Espátulas,CUÑAS
21522,E-2R,"Espátula rígida 2' con mango de plástico, PRETUL",P059,Espátulas,CUÑAS
21523,E-3R,"Espátula rígida 3' con mango de plástico, PRETUL",P059,Espátulas,CUÑAS
21640,CUÑ-43P,"Cuña de 4' x 3' sin mango, bolsa con 20 piezas, PRETUL",P059,Espátulas,CUÑAS
21641,CUÑ-45P,"Cuña de 4' x 5' sin mango, bolsa con 20 piezas, PRETUL",P059,Espátulas,CUÑAS
101374,ETR-6,"Espátula rectangular 6' x 3' acero inoxidable, mango madera",P059,Espátulas,CUÑAS
14459,ETA-8,"Espátula tapizadora de 8' acero al medio carbono, TRUPER",P059,Espátulas,CUÑAS
14460,ETA-10,"Espátula tapizadora de 10' acero al medio carbono, TRUPER",P059,Espátulas,CUÑAS
14461,ETA-12,"Espátula tapizadora de 12' acero al medio carbono, TRUPER",P059,Espátulas,CUÑAS
24200,CUÑ-4P,"Juego de 4 cuñas con mango de plástico, PRETUL",P059,Espátulas,CUÑAS
14458,ET-2-1/2R5,"Espátula 2-1/2' de 5 usos con mango de madera, TRUPER",P059,Espátulas,CUÑAS
15855,ET-2-1/2R5X,"Espátula 2-1/2' de 6 usos, acero inoxidable, Comfort Grip",P059,Espátulas,CUÑAS
104032,JGO-OR2,"Juego de opresores para resorte de amortiguador, TRUPER",P063,Extractores y separadores para mecánico,"EXTRACTORES 
DE POLEAS"
104033,JGO-DR4,"Juego para desmontar rótulas y terminales, 9 piezas, TRUPER",P063,Extractores y separadores para mecánico,"EXTRACTORES 
DE POLEAS"
104034,JGO-LV9,"Juego de arco levanta válvulas, 10 piezas, TRUPER",P063,Extractores y separadores para mecánico,"EXTRACTORES 
DE POLEAS"
104035,JGO-ET12,"Extractor p/tirante interior (bieleta de dirección), TRUPER",P063,Extractores y separadores para mecánico,"EXTRACTORES 
DE POLEAS"
104036,JGO-ER5,"Juego de extractores para rótulas, 5 piezas, TRUPER",P063,Extractores y separadores para mecánico,"EXTRACTORES 
DE POLEAS"
104038,JGO-EB13,"Juego extractores de baleros y poleas, 13 piezas, TRUPER",P063,Extractores y separadores para mecánico,"EXTRACTORES 
DE POLEAS"
14502,EX-OROS,"Extractor para engranes y orificios roscados, TRUPER",P063,Extractores y separadores para mecánico,"EXTRACTORES 
DE POLEAS"
14503,EX-P4,"Extractor de poleas, 3 quijadas, 4', TRUPER",P063,Extractores y separadores para mecánico,"EXTRACTORES 
DE POLEAS"
14505,JGO-DIR,"Extractor para bombas de dirección, en blíster, TRUPER",P063,Extractores y separadores para mecánico,"EXTRACTORES 
DE POLEAS"
14506,EX-P6,"Extractor de poleas, 3 quijadas, 6', TRUPER",P063,Extractores y separadores para mecánico,"EXTRACTORES 
DE POLEAS"
14508,EXT-10,"Extractor de volantes, 11 piezas, TRUPER",P063,Extractores y separadores para mecánico,"EXTRACTORES 
DE POLEAS"
14509,EX-P8,"Extractor de poleas, 3 quijadas, 8', TRUPER",P063,Extractores y separadores para mecánico,"EXTRACTORES 
DE POLEAS"
14513,EX-PIT-L,"Extractor Pitman, alcance 54 mm, uso ligero, TRUPER",P063,Extractores y separadores para mecánico,"EXTRACTORES 
DE POLEAS"
14514,EX-PIT-P,"Extractor Pitman, alcance 63 mm, uso pesado, TRUPER",P063,Extractores y separadores para mecánico,"EXTRACTORES 
DE POLEAS"
104037,JGO-OP22,"Juego de opresores para pistón de frenos, 22 piezas, TRUPER",P063,Extractores y separadores para mecánico,"EXTRACTORES 
DE POLEAS"
14498,EX-P2-6,"Extractor de poleas, 2 quijadas, 6', TRUPER",P063,Extractores y separadores para mecánico,"EXTRACTORES 
DE POLEAS"
14499,EX-P2-10,"Extractor de poleas, 2 quijadas, 10', TRUPER",P063,Extractores y separadores para mecánico,"EXTRACTORES 
DE POLEAS"
14500,EX-P3,"Extractor de poleas, 3 quijadas, 3', TRUPER",P063,Extractores y separadores para mecánico,"EXTRACTORES 
DE POLEAS"
14501,EX-PACA,"Extractor de poleas, pata de cabra, TRUPER",P063,Extractores y separadores para mecánico,"EXTRACTORES 
DE POLEAS"
14510,EXT-13,"Extractor pata de gallo, 13 piezas, TRUPER",P063,Extractores y separadores para mecánico,"EXTRACTORES 
DE POLEAS"
14511,EXT-15,"Extractor pata de gallo, 15 piezas, TRUPER",P063,Extractores y separadores para mecánico,"EXTRACTORES 
DE POLEAS"
14516,EX-B2,"Extractor de baleros de 25 a 62 mm, TRUPER",P063,Extractores y separadores para mecánico,"EXTRACTORES 
DE POLEAS"
14517,EX-B4,"Extractor de baleros de 57 a 108 mm, TRUPER",P063,Extractores y separadores para mecánico,"EXTRACTORES 
DE POLEAS"
102332,FCG-10M,"Flexómetro compacto contra impactos 10 m cinta 25 mm, TRUPER",P064,Flexómetros,FLEXÓMETROS
102663,FH-3MC,Flexómetro Gripper 3 m cinta 13 mm display box con 24 piezas,P064,Flexómetros,FLEXÓMETROS
103057,FCN-10M,"Flexómetro contra impactos 10 m, Cinta Negra 32 mm, TRUPER",P064,Flexómetros,FLEXÓMETROS
103090,FB-2M,"Flexómetro de bolsillo 2 m cinta 13 mm, TRUPER",P064,Flexómetros,FLEXÓMETROS
10746,FA-3M,"Flexómetro Auto-Lock contra impactos 3 m cinta 16 mm, TRUPER",P064,Flexómetros,FLEXÓMETROS
10747,FA-5M,"Flexómetro Auto-Lock contra impactos 5 m cinta 19 mm, TRUPER",P064,Flexómetros,FLEXÓMETROS
10749,FA-8M,"Flexómetro Auto-Lock contra impactos 8 m cinta 25 mm, TRUPER",P064,Flexómetros,FLEXÓMETROS
11720,FCN-3M,"Flexómetro contra impactos 3 m, Cinta Negra 13 mm, TRUPER",P064,Flexómetros,FLEXÓMETROS
11747,FCN-8M,"Flexómetro contra impactos 8 m, Cinta Negra 25 mm, TRUPER",P064,Flexómetros,FLEXÓMETROS
12694,FIN-5M,Flexómetro industrial contra impactos 5 m cinta 19 mm,P064,Flexómetros,FLEXÓMETROS
12696,FIN-8M,Flexómetro industrial contra impactos 8 m cinta 25 mm,P064,Flexómetros,FLEXÓMETROS
12771,FCG-3M,"Flexómetro compacto contra impactos 3 m cinta 16 mm, TRUPER",P064,Flexómetros,FLEXÓMETROS
12772,FCG-5M,"Flexómetro compacto contra impactos 5 m cinta 19 mm, TRUPER",P064,Flexómetros,FLEXÓMETROS
12774,FCG-8M,"Flexómetro compacto contra impactos 8 m cinta 25 mm, TRUPER",P064,Flexómetros,FLEXÓMETROS
14577,FH-3M,"Flexómetro Gripper contra impactos 3 m cinta 13 mm, TRUPER",P064,Flexómetros,FLEXÓMETROS
14578,FH-5M,"Flexómetro Gripper contra impactos 5 m cinta 19 mm, TRUPER",P064,Flexómetros,FLEXÓMETROS
14579,FH-8M,"Flexómetro Gripper contra impactos 8 m cinta 25 mm, TRUPER",P064,Flexómetros,FLEXÓMETROS
14582,FH-10M,"Flexómetro Gripper contra impactos 10 m cinta 32 mm, TRUPER",P064,Flexómetros,FLEXÓMETROS
15025,FF-7528,"Flexómetro XTRA 7.5 m cinta extra ancha 28 mm, TRUPER",P064,Flexómetros,FLEXÓMETROS
15385,FF-5528,"Flexómetro XTRA 6 m cinta extra ancha 28 mm, TRUPER",P064,Flexómetros,FLEXÓMETROS
15387,FH-3ME,Flexómetro contra impactos 3 m cinta 13 mm grad. métrica,P064,Flexómetros,FLEXÓMETROS
15388,FH-5ME,Flexómetro contra impactos 5 m cinta 19 mm grad. métrica,P064,Flexómetros,FLEXÓMETROS
15389,FH-8ME,Flexómetro contra impactos 8 m cinta 25 mm grad. métrica,P064,Flexómetros,FLEXÓMETROS
21603,PRO-8ME,"Flexómetro amarillo 8 m cinta 25 mm, en tarjeta, PRETUL",P064,Flexómetros,FLEXÓMETROS
21605,PRO-3MEB,"Flexómetro amarillo 3 m cinta 13 mm, en tarjeta, PRETUL",P064,Flexómetros,FLEXÓMETROS
21606,PRO-5MEB,"Flexómetro amarillo 5 m cinta 19 mm, en tarjeta, PRETUL",P064,Flexómetros,FLEXÓMETROS
21607,PRO-3MEC,"Flexómetro 3 m cinta 13 mm, en display box, PRETUL",P064,Flexómetros,FLEXÓMETROS
21608,PRO-5MEC,"Flexómetro 5 m cinta 19 mm, en display box, PRETUL",P064,Flexómetros,FLEXÓMETROS
21609,PRO-3MEB-A,"Flexómetro azul 3 m cinta 13 mm, en tarjeta, PRETUL",P064,Flexómetros,FLEXÓMETROS
21610,PRO-5MEB-A,"Flexómetro azul 5 m cinta 19 mm, en tarjeta, PRETUL",P064,Flexómetros,FLEXÓMETROS
21611,PRO-3MEB-R,"Flexómetro rojo 3 m cinta 13 mm, en tarjeta, PRETUL",P064,Flexómetros,FLEXÓMETROS
21612,PRO-5MEB-R,"Flexómetro rojo 5 m cinta 19 mm, en tarjeta, PRETUL",P064,Flexómetros,FLEXÓMETROS
21624,PRO-55MEC,"Flexómetro 6 m cinta 25 mm, en display box, PRETUL",P064,Flexómetros,FLEXÓMETROS
21625,PRO-8MEC,"Flexómetro 8 m cinta 25 mm, en display box, PRETUL",P064,Flexómetros,FLEXÓMETROS
28022,PRO-55MEB,"Flexómetro amarillo 6 m cinta 25 mm, en tarjeta, PRETUL",P064,Flexómetros,FLEXÓMETROS
28023,PRO-55MEB-A,"Flexómetro azul 6 m cinta 25 mm, en tarjeta, PRETUL",P064,Flexómetros,FLEXÓMETROS
28024,PRO-55MEB-R,"Flexómetro rojo 6 m cinta 25 mm, en tarjeta, PRETUL",P064,Flexómetros,FLEXÓMETROS
29998,PRO-8ME-A,"Flexómetro azul 8 m cinta 25 mm, en tarjeta, PRETUL",P064,Flexómetros,FLEXÓMETROS
29999,PRO-8ME-R,"Flexómetro rojo 8 m cinta 25 mm, en tarjeta, PRETUL",P064,Flexómetros,FLEXÓMETROS
10748,FA-55M,Flexómetro Auto-Lock contra impactos 5.5 m cinta 25 mm,P064,Flexómetros,FLEXÓMETROS
11745,FCN-55M,"Flexómetro contra impactos 5.5 m, Cinta Negra 25 mm, TRUPER",P064,Flexómetros,FLEXÓMETROS
12695,FIN-55M,Flexómetro industrial contra impactos 5.5 m cinta 25 mm,P064,Flexómetros,FLEXÓMETROS
12773,FCG-55M,"Flexómetro compacto contra impactos 5.5 m cinta 25 mm,TRUPER",P064,Flexómetros,FLEXÓMETROS
14613,FH-55M,"Flexómetro Gripper contra impactos 5.5 m cinta 25 mm, TRUPER",P064,Flexómetros,FLEXÓMETROS
103651,FL-12G,"Flota esponja 12', esp. 1/2', acabado áspero, Comfort Grip",P591,Flotas,FLOTAS
103652,FL-10G,"Flota esponja 9 1/2', esp. 3/4' acabado áspero, Comfort Grip",P591,Flotas,FLOTAS
103653,FL-10NG,"Flota de hule 9 1/2', esp. 5/8', acabado fino, Comfort Grip",P591,Flotas,FLOTAS
103654,FL-10XG,"Flota de hule 9 1/2', esp. 5/8', acabado liso, Comfort Grip",P591,Flotas,FLOTAS
15418,FL-10,"Flota de esponja 9-1/2' espesor 3/4', acabado áspero, TRUPER",P591,Flotas,FLOTAS
15427,FL-10N,"Flota de hule 9-1/2', espesor 5/8', acabado liso, TRUPER",P591,Flotas,FLOTAS
15428,FL-10X,"Flota de hule 9-1/2', espesor 5/8',acabado extraliso, TRUPER",P591,Flotas,FLOTAS
20180,FL-10P,"Flota de esponja 9-1/2' espesor 3/4', acabado áspero, PRETUL",P591,Flotas,FLOTAS
25074,FL-9NP,"Flota de espuma, 9-1/2', espesor 7/16', acabado liso, PRETUL",P591,Flotas,FLOTAS
15425,FL-12,"Flota de esponja 12', espesor 1/2', acabado áspero, TRUPER",P591,Flotas,FLOTAS
21668,FT-1P,"Formón 1', PRETUL",P066,Formones y gurbias,FORMONES
26094,JGM-12P,"Juego de 12 gurbias escolares para madera, PRETUL",P066,Formones y gurbias,FORMONES
14615,FT-1/4,"Formón 1/4' mango Comfort Grip, TRUPER",P066,Formones y gurbias,FORMONES
14618,FT-3/8,"Formón 3/8' mango Comfort Grip, TRUPER",P066,Formones y gurbias,FORMONES
14621,FT-1/2,"Formón 1/2' mango Comfort Grip, TRUPER",P066,Formones y gurbias,FORMONES
14624,FT-5/8,"Formón 5/8' mango Comfort Grip, TRUPER",P066,Formones y gurbias,FORMONES
14627,FT-3/4,"Formón 3/4' mango Comfort Grip, TRUPER",P066,Formones y gurbias,FORMONES
14630,FT-7/8,"Formón 7/8' mango Comfort Grip, TRUPER",P066,Formones y gurbias,FORMONES
14633,FT-1,"Formón 1' mango Comfort Grip, TRUPER",P066,Formones y gurbias,FORMONES
17759,JFT-3,"Juego de 3 formones mango Comfort Grip, TRUPER",P066,Formones y gurbias,FORMONES
21650,FT-1/4P,"Formón 1/4', PRETUL",P066,Formones y gurbias,FORMONES
21653,FT-3/8P,"Formón 3/8', PRETUL",P066,Formones y gurbias,FORMONES
21656,FT-1/2P,"Formón 1/2', PRETUL",P066,Formones y gurbias,FORMONES
21659,FT-5/8P,"Formón 5/8', PRETUL",P066,Formones y gurbias,FORMONES
21662,FT-3/4P,"Formón 3/4', PRETUL",P066,Formones y gurbias,FORMONES
21665,FT-7/8P,"Formón 7/8', PRETUL",P066,Formones y gurbias,FORMONES
29974,JFP-3,Juego de 3 formones PRETUL,P066,Formones y gurbias,FORMONES
14636,FT-1-1/4,"Formón 1-1/4' mango Comfort Grip, TRUPER",P066,Formones y gurbias,FORMONES
14639,FT-1-1/2,"Formón 1-1/2' mango Comfort Grip, TRUPER",P066,Formones y gurbias,FORMONES
27040,GT-26P,"Guadaña tipo austriaca de 26' sin mango, PRETUL",P070,Guadañas,GUADAÑAS
14901,GTX-26,"Guadaña tipo española de 26' sin mango, TRUPER",P070,Guadañas,GUADAÑAS
102969,LE-3MM,"Hacha labor entera 3 lb, mango de madera 36', TRUPER",P404,Hachas nacionales,HACHAS
102981,LE-4MM,"Hacha labor entera 4 lb, mango de madera 36', TRUPER",P404,Hachas nacionales,HACHAS
102982,ML-3MM,"Hacha media labor 3 lb, mango de madera 36', TRUPER",P404,Hachas nacionales,HACHAS
102984,ML-4MM,"Hacha media labor 4 lb, mango de madera 36', TRUPER",P404,Hachas nacionales,HACHAS
11133,HM-4FX,"Hacha Michigan 4 lb, mango fibra de vidrio 34', TRUPER",P404,Hachas nacionales,HACHAS
11137,TJR-8FX,"Hacha para rajar madera 8 lbs, mango fibra de vidrio 36'",P404,Hachas nacionales,HACHAS
19796,TJ-3H,"Hacha para rajar madera 3 lb, mango fibra de vidrio 16'",P404,Hachas nacionales,HACHAS
100175,HVE-1,"Hacha cazadora 1 lb mango de nylon de 14', TRUPER Velocity",P404,Hachas nacionales,HACHAS
100176,HVE-4,"Hacha para rajar madera 4 lb mango de nylon de 36', TRUPER",P404,Hachas nacionales,HACHAS
100494,HE-800,"Hacha europea, 800 g, mango hickory 15', TRUPER",P404,Hachas nacionales,HACHAS
101768,HE-1000,"Hacha europea 1000 g, mango hickory 28', TRUPER",P404,Hachas nacionales,HACHAS
101769,HVE-1C,"Hacha cazadora 1 lb mango de nylon de 9', TRUPER Velocity",P404,Hachas nacionales,HACHAS
102085,TJR-4.5F,"Hacha para rajar madera 4.5 lb, mango fibra de vidrio 34'",P404,Hachas nacionales,HACHAS
102207,TJR-2.25M,"Hacha para rajar madera 2-1/4 lb, mango hickory 28', TRUPER",P404,Hachas nacionales,HACHAS
102980,LE-3-1/2MM,"Hacha labor entera 3-1/2lb, mango de madera 36', TRUPER",P404,Hachas nacionales,HACHAS
102983,ML-3-1/2MM,"Hacha media labor 3-1/2 lb, mango de madera 36', TRUPER",P404,Hachas nacionales,HACHAS
102985,ML-4-1/2MM,"Hacha media labor 4-1/2 lb, mango de madera 36', TRUPER",P404,Hachas nacionales,HACHAS
103742,HVE-2,"Hacha cazadora 2 lb, mango de nylon 17', TRUPER VELOCITY",P404,Hachas nacionales,HACHAS
11709,HC-1-3/4,"Hacha cazadora 1-3/4 lb, mango hickory 15', TRUPER",P404,Hachas nacionales,HACHAS
14954,HE-600,"Hacha europea, 600 g, mango hickory 14', TRUPER",P404,Hachas nacionales,HACHAS
14956,HB-2-1/4M,"Hacha Boy 2-1/4 lb, mango de hickory 28', TRUPER",P404,Hachas nacionales,HACHAS
14958,HM-3-1/2M,"Hacha Michigan 3-1/2 lb, mango de hickory 34', TRUPER",P404,Hachas nacionales,HACHAS
14962,HM-3-1/2F,"Hacha Michigan 3-1/2 lb, mango fibra de vidrio 34', TRUPER",P404,Hachas nacionales,HACHAS
14964,DHM-3-1/2M,"Hacha doble Michigan 3-1/2 lbs, mango de hickory 35', TRUPER",P404,Hachas nacionales,HACHAS
14966,PU-3-1/2M,"Hacha Pulaski 3-1/2 lb, mango de hickory 35', TRUPER",P404,Hachas nacionales,HACHAS
14968,ML-3M,"Hacha media labor 3 lb, mango de fibra de vidrio 36', TRUPER",P404,Hachas nacionales,HACHAS
14970,ML-3-1/2M,"Hacha media labor 3-1/2 lb, mango de fibra de vidrio 36'",P404,Hachas nacionales,HACHAS
14972,ML-4M,"Hacha media labor 4 lb, mango de fibra de vidrio 36',TRUPER",P404,Hachas nacionales,HACHAS
14974,ML-4-1/2M,"Hacha media labor 4-1/2 lb, mango fibra de vidrio 36',TRUPER",P404,Hachas nacionales,HACHAS
14978,LE-3M,"Hacha labor entera 3 lb, mango de fibra de vidrio 36',TRUPER",P404,Hachas nacionales,HACHAS
14980,LE-3-1/2M,"Hacha labor entera 3-1/2 lb, mango de fibra de vidrio 36'",P404,Hachas nacionales,HACHAS
14982,LE-4M,"Hacha labor entera 4 lb, mango de fibra de vidrio 36',TRUPER",P404,Hachas nacionales,HACHAS
14986,ML-3,"Hacha media labor 3 lb, sin mango, TRUPER",P404,Hachas nacionales,HACHAS
14988,ML-3-1/2,"Hacha media labor 3-1/2 lb, sin mango, TRUPER",P404,Hachas nacionales,HACHAS
14990,ML-4,"Hacha media labor 4 lb, sin mango, TRUPER",P404,Hachas nacionales,HACHAS
14992,ML-4-1/2,"Hacha media labor 4-1/2 lb, sin mango, TRUPER",P404,Hachas nacionales,HACHAS
14996,LE-3,"Hacha labor entera 3 lb, sin mango, TRUPER",P404,Hachas nacionales,HACHAS
14998,LE-3-1/2,"Hacha labor entera 3-1/2 lb, sin mango, TRUPER",P404,Hachas nacionales,HACHAS
15000,LE-4,"Hacha labor entera 4 lb, sin mango, TRUPER",P404,Hachas nacionales,HACHAS
19991,MLR-3,"Hacha media labor ojo redondo 3 lb sin mango, TRUPER",P404,Hachas nacionales,HACHAS
19992,MLR-3-1/2,"Hacha media labor ojo redondo 3-1/2 lb sin mango, TRUPER",P404,Hachas nacionales,HACHAS
19993,MLR-4,"Hacha media labor ojo redondo 4 lb sin mango, TRUPER",P404,Hachas nacionales,HACHAS
19994,MLR-4-1/2,"Hacha media labor ojo redondo 4-1/2 lb sin mango, TRUPER",P404,Hachas nacionales,HACHAS
19995,MLR-5,"Hacha media labor ojo redondo 5 lb sin mango, TRUPER",P404,Hachas nacionales,HACHAS
102968,LE-2-1/2MM,"Hacha labor entera 2-1/2 lb, mango de madera 36', TRUPER",P404,Hachas nacionales,HACHAS
14976,LE-2-1/2M,"Hacha labor entera 2-1/2 lb, mango de fibra de vidrio 36'",P404,Hachas nacionales,HACHAS
11376,HC-1-1/4E,"Hacha cazadora, 1-1/4 lb, mango hickory 14', cabeza pulida",P404,Hachas nacionales,HACHAS
14950,HC-1-1/4,"Hacha cazadora 1-1/4 lb, mango hickory 14', TRUPER",P404,Hachas nacionales,HACHAS
14951,HC-1-1/4F,"Hacha cazadora 1-1/4 lb, mango fibra de vidrio 14', TRUPER",P404,Hachas nacionales,HACHAS
14952,HH-1-1/2,"Hacha Doméstica 1-1/2 lb, mango hickory 14', TRUPER",P404,Hachas nacionales,HACHAS
14994,LE-2-1/2,"Hacha labor entera 2-1/2 lb, sin mango, TRUPER",P404,Hachas nacionales,HACHAS
15107,CO-G,"Coa gurbia, sin mango, TRUPER",P693,Herramientas agrícolas,COAS
17035,CO-P,"Coa pala, sin mango, TRUPER",P693,Herramientas agrícolas,COAS
17037,LUC-P,"Luco platanero, sin mango, TRUPER",P693,Herramientas agrícolas,COAS
10896,CO-F,"Coa afilada de usos múltiples, mango de madera 43', TRUPER",P693,Herramientas agrícolas,COAS
11367,CO-AG-42,"Coa agavera con mango de madera de 42', TRUPER",P693,Herramientas agrícolas,COAS
11368,CO-AG-54,"Coa agavera con mango de madera de 54', TRUPER",P693,Herramientas agrícolas,COAS
100785,JM-HO,Juego 7 piezas de martillos y entibadores para hojalatero,P203,Herramientas automotrices,ESPEJO TELESCÓPICO
101962,ESP-TELR,"Espejo telescópico con luz LED, 5 x 8 cm, TRUPER",P203,Herramientas automotrices,ESPEJO TELESCÓPICO
14140,PICK-UP,"Imán extensible de acero inoxidable, 1.5 kg, TRUPER",P203,Herramientas automotrices,ESPEJO TELESCÓPICO
14522,CO-AN-DI,"Compresor para anillos diesel, TRUPER",P203,Herramientas automotrices,ESPEJO TELESCÓPICO
14533,RECI-3,"Bruñidora para cilindro de motor, 5 a 18 cm, TRUPER",P203,Herramientas automotrices,ESPEJO TELESCÓPICO
14536,CO-AN-PI,"Compresor para anillos de pistón, TRUPER",P203,Herramientas automotrices,ESPEJO TELESCÓPICO
14544,ESP-TEL,"Espejo circular telescópico de inspección, 5 cm, TRUPER",P203,Herramientas automotrices,ESPEJO TELESCÓPICO
15325,PICK-UPX,"Imán extensible de acero inoxidable, 3.6 kg, TRUPER",P203,Herramientas automotrices,ESPEJO TELESCÓPICO
15326,PICK-UPL,"Imán flexible de acero con LED, 3 kg, TRUPER",P203,Herramientas automotrices,ESPEJO TELESCÓPICO
104211,SEB-516,"Separador de balatas para frenos de disco, TRUPER",P203,Herramientas automotrices,ESPEJO TELESCÓPICO
14210,GAN-4,"Juego de 4 puntas y ganchos multiusos, TRUPER",P203,Herramientas automotrices,ESPEJO TELESCÓPICO
14524,CO-RES-VA,"Compresor de resortes de válvulas con cabeza, TRUPER",P203,Herramientas automotrices,ESPEJO TELESCÓPICO
14528,CO-RE-VA,"Compresor de resortes de válvulas, 166mm a 253mm, TRUPER",P203,Herramientas automotrices,ESPEJO TELESCÓPICO
14534,REP-RECI-3,"Repuesto para rectificador RECI-3, TRUPER",P203,Herramientas automotrices,ESPEJO TELESCÓPICO
17110,CEAL-4,"Cepillo limpiador de terminales de baterías, 4 en 1, TRUPER",P203,Herramientas automotrices,ESPEJO TELESCÓPICO
10927,TJA-2,"Talacho-pico, mango de madera 14', TRUPER",P075,Herramientas de jardín nacional,"HERRAMIENTAS 
PARA JARDÍN"
15020,GTS-SH,"Cuchara para jardín, mango de 6', TRUPER",P075,Herramientas de jardín nacional,"HERRAMIENTAS 
PARA JARDÍN"
15022,GTS-TR,"Trasplantador para jardín, mango de 6', TRUPER",P075,Herramientas de jardín nacional,"HERRAMIENTAS 
PARA JARDÍN"
15024,GTS-CV,"Cultivador para jardín, mango de 6', TRUPER",P075,Herramientas de jardín nacional,"HERRAMIENTAS 
PARA JARDÍN"
15026,GTS-FO,"Bieldo para jardín, mango de 6', TRUPER",P075,Herramientas de jardín nacional,"HERRAMIENTAS 
PARA JARDÍN"
15028,GTS-WE,"Deshierbador para jardín, mango de 6', TRUPER",P075,Herramientas de jardín nacional,"HERRAMIENTAS 
PARA JARDÍN"
15032,GTL-SH,"Cuchara para jardín, mango de 12-1/4', TRUPER",P075,Herramientas de jardín nacional,"HERRAMIENTAS 
PARA JARDÍN"
15034,GTL-TR,"Trasplantador para jardín, mango de 12-1/4', TRUPER",P075,Herramientas de jardín nacional,"HERRAMIENTAS 
PARA JARDÍN"
15036,GTL-CV,"Cultivador para jardín, mango de 12-1/4', TRUPER",P075,Herramientas de jardín nacional,"HERRAMIENTAS 
PARA JARDÍN"
15038,GTL-HO,"Azadón para jardín, mango de 12-1/4', TRUPER",P075,Herramientas de jardín nacional,"HERRAMIENTAS 
PARA JARDÍN"
19647,TJA-1,"Rastrillo-pico, mango de madera 14', TRUPER",P075,Herramientas de jardín nacional,"HERRAMIENTAS 
PARA JARDÍN"
15030,JJ-4,"Juego de 4 herramientas, mangos de 6' para jardín, TRUPER",P075,Herramientas de jardín nacional,"HERRAMIENTAS 
PARA JARDÍN"
15040,JJ-4L,"Juego de 4 herramientas para jardín, mango 12-1/4', TRUPER",P075,Herramientas de jardín nacional,"HERRAMIENTAS 
PARA JARDÍN"
21709,JJ-3P,"Juego de 3 herramientas de 11' para jardín, PRETUL",P075,Herramientas de jardín nacional,"HERRAMIENTAS 
PARA JARDÍN"
17889,R4-FOR,"Rastrillo forestal con mango de madera de 60', TRUPER",P732,Herramientas forestales,HERRAMIENTAS FORESTALES
17890,BA-FU,"Bate fuego con mango de madera de 60', TRUPER",P732,Herramientas forestales,HERRAMIENTAS FORESTALES
17891,MAC,"Rastrillo McLeod con mango de madera de 48', TRUPER",P732,Herramientas forestales,HERRAMIENTAS FORESTALES
15120,HP-0,"Hoz dentada # 0, 16', TRUPER",P077,Hoces,HOCES
15121,HP-1,"Hoz dentada # 1, 18', TRUPER",P077,Hoces,HOCES
15122,HP-2,"Hoz dentada # 2, 20', TRUPER",P077,Hoces,HOCES
21162,JUDA-25P,"Juego de 21 herramientas 1/4' y 3/8' para mecánico, PRETUL",P078,"Juegos de herramientas, PRETUL",JGOS DE AUTOCLÉ
21251,SET-MA8,"Juego de herramientas básicas, color rosa, 8 piezas, PRETUL",P078,"Juegos de herramientas, PRETUL",JGOS DE AUTOCLÉ
22972,JGO-CAS6,"Juego de herramientas básicas, 6 piezas, PRETUL",P078,"Juegos de herramientas, PRETUL",JGOS DE AUTOCLÉ
22980,SET-100,"Juego de 71 herramientas 1/4' y 3/8' para mecánico, PRETUL",P078,"Juegos de herramientas, PRETUL",JGOS DE AUTOCLÉ
22981,SET-73,"Juego de 70 herramientas 1/4' y 3/8' para mecánico, PRETUL",P078,"Juegos de herramientas, PRETUL",JGOS DE AUTOCLÉ
22984,SET-85,"Juego de 83 herramientas 1/4' y 3/8' para mecánico, PRETUL",P078,"Juegos de herramientas, PRETUL",JGOS DE AUTOCLÉ
22985,SET-70,"Juego de 66 herramientas 1/4' y 3/8' para mecánico, PRETUL",P078,"Juegos de herramientas, PRETUL",JGOS DE AUTOCLÉ
23969,JUDA-38P,"Juego de 39 herramientas 1/4' y 3/8' para mecánico, PRETUL",P078,"Juegos de herramientas, PRETUL",JGOS DE AUTOCLÉ
23971,JUDA-39P,"Juego de 39 herramientas 1/4' para mecánico, PRETUL",P078,"Juegos de herramientas, PRETUL",JGOS DE AUTOCLÉ
23972,JUDA-81P,"Juego de 81 herramientas 1/4' para mecánico, PRETUL",P078,"Juegos de herramientas, PRETUL",JGOS DE AUTOCLÉ
23974,JUDA-29P,"Juego de 25 herramientas 1/4' y 3/8' para mecánico, PRETUL",P078,"Juegos de herramientas, PRETUL",JGOS DE AUTOCLÉ
26090,JUDA-60P,"Juego de 60 herramientas 1/4' y 3/8' para mecánico, PRETUL",P078,"Juegos de herramientas, PRETUL",JGOS DE AUTOCLÉ
21172,JD-1/2X17SAE-P,"Juego de 16 herramientas 1/2' std para mecánico, PRETUL",P078,"Juegos de herramientas, PRETUL",JGOS DE AUTOCLÉ
21174,JD-1/2X17MM-P,"Juego de 16 herramientas 1/2' mm para mecánico, PRETUL",P078,"Juegos de herramientas, PRETUL",JGOS DE AUTOCLÉ
21187,JD-3/8X21SAE-P,"Juego de 21 herramientas 3/8' std para mecánico, PRETUL",P078,"Juegos de herramientas, PRETUL",JGOS DE AUTOCLÉ
21191,JD-3/8X21MM-P,"Juego de 21 herramientas 3/8' mm para mecánico, PRETUL",P078,"Juegos de herramientas, PRETUL",JGOS DE AUTOCLÉ
22101,SET-42,"Juego de herramientas, Comfort Grip, 42 piezas, PRETUL",P078,"Juegos de herramientas, PRETUL",JGOS DE AUTOCLÉ
23980,JD-1/4X22MM-P,"Juego de 22 herramientas 1/4' mm para mecánico, PRETUL",P078,"Juegos de herramientas, PRETUL",JGOS DE AUTOCLÉ
23981,JD-1/4X22SAE-P,"Juego de 22 herramientas 1/4' std para mecánico, PRETUL",P078,"Juegos de herramientas, PRETUL",JGOS DE AUTOCLÉ
24219,SET-51,"Juego 51 herramientas 1/4', 3/8' y 1/2' p/mecánico, PRETUL",P078,"Juegos de herramientas, PRETUL",JGOS DE AUTOCLÉ
24220,SET-39,"Juego de 39 herramientas 1/4' y 3/8' para mecánico, PRETUL",P078,"Juegos de herramientas, PRETUL",JGOS DE AUTOCLÉ
24223,SET-133,"Juego de herramientas, 133 piezas, PRETUL",P078,"Juegos de herramientas, PRETUL",JGOS DE AUTOCLÉ
26091,SET-130,"Juego de 130 herramientas 1/4' para mecánico, PRETUL",P078,"Juegos de herramientas, PRETUL",JGOS DE AUTOCLÉ
27168,SET-109,"Juego de herramientas, 109 piezas, PRETUL",P078,"Juegos de herramientas, PRETUL",JGOS DE AUTOCLÉ
27169,SET-104,"Juego de herramientas, 104 piezas, PRETUL",P078,"Juegos de herramientas, PRETUL",JGOS DE AUTOCLÉ
14651,JGO-CAS6X,"Juego de 6 herramientas caseras, TRUPER",P790,"Juegos de herramientas, TRUPER",JGOS DE HERRAMIENTA
17090,SET-124,Juego de 119 herramientas 1/4' y 3/8' mixtas para mecánico,P790,"Juegos de herramientas, TRUPER",JGOS DE HERRAMIENTA
20704,JBMX-9P,"Juego de 9 brocas para metal, concreto y madera, PRETUL",P819,Juegos mixtos de brocas,"BROCAS 
(TODAS)"
100872,JBPUN-100,"Juego de 100 brocas y puntas en estuche plástico, TRUPER",P819,Juegos mixtos de brocas,"BROCAS 
(TODAS)"
11335,JBAC-11,"Juego de 11 brocas para metal y concreto en estuche, TRUPER",P819,Juegos mixtos de brocas,"BROCAS 
(TODAS)"
11339,JBMX-9,"Juego de 9 brocas para metal, concreto y madera, TRUPER",P819,Juegos mixtos de brocas,"BROCAS 
(TODAS)"
102249,JD-1/2X36M,Juego de 36 herramientas cuadro 1/2' mm para mecánico,P791,"Juegos para mecánico, TRUPER",JGOS DE AUTOCLÉ
102260,JD-1/2X31P,Juego de 31 herramientas cuadro 1/2' std para mecánico,P791,"Juegos para mecánico, TRUPER",JGOS DE AUTOCLÉ
102261,JD-1/2X56MP,Juego de 56 herramientas cuadro 1/2' std y mm para mecánico,P791,"Juegos para mecánico, TRUPER",JGOS DE AUTOCLÉ
102388,JD-1/4X54MP,Juego de 54 herramientas cuadro 1/4' std y mm para mecánico,P791,"Juegos para mecánico, TRUPER",JGOS DE AUTOCLÉ
102389,JD-3/8X73MP,Juego de 73 herramientas cuadro 3/8' std y mm para mecánico,P791,"Juegos para mecánico, TRUPER",JGOS DE AUTOCLÉ
102390,JD-1/2X83MP,Juego de 83 herramientas cuadro 1/2' std y mm para mecánico,P791,"Juegos para mecánico, TRUPER",JGOS DE AUTOCLÉ
102410,JD-3/8X45MP,Juego de 45 herramientas cuadro 3/8' std y mm para mecánico,P791,"Juegos para mecánico, TRUPER",JGOS DE AUTOCLÉ
102411,JD-172M,"Juego de 172 herramientas 1/4', 3/8' y 1/2' mm p/mecánico",P791,"Juegos para mecánico, TRUPER",JGOS DE AUTOCLÉ
102412,JD-172P,"Juego de 172 herramientas 1/4', 3/8' y 1/2' std p/mecánico",P791,"Juegos para mecánico, TRUPER",JGOS DE AUTOCLÉ
103108,JD-1/4X21MP,"Juego de dados mm y std con matraca, cuadro 1/4', TRUPER",P791,"Juegos para mecánico, TRUPER",JGOS DE AUTOCLÉ
103109,JD-3/8X21MP,"Juego de dados mm y std con matraca, cuadro 3/8', TRUPER",P791,"Juegos para mecánico, TRUPER",JGOS DE AUTOCLÉ
103110,JD-1/2X21MP,"Juego de dados mm y std con matraca, cuadro 1/2', TRUPER",P791,"Juegos para mecánico, TRUPER",JGOS DE AUTOCLÉ
12892,JD-1/2X64MP,Juego de 64 herramientas cuadro 1/2' std y mm para mecánico,P791,"Juegos para mecánico, TRUPER",JGOS DE AUTOCLÉ
12893,JD-103MP,"Juego 103 herramientas 1/4', 3/8' y 1/2' std y mm p/mecánico",P791,"Juegos para mecánico, TRUPER",JGOS DE AUTOCLÉ
12894,JD-199MP,"Juego 199 herramientas 1/4', 3/8' y 1/2' std y mm p/mecánico",P791,"Juegos para mecánico, TRUPER",JGOS DE AUTOCLÉ
13874,JD-3/4X24M,Juego de 23 herramientas cuadro 3/4' mm para mecánico,P791,"Juegos para mecánico, TRUPER",JGOS DE AUTOCLÉ
13934,JD-1/2X19P,Juego de 18 herramientas cuadro 1/2' std para mecánico,P791,"Juegos para mecánico, TRUPER",JGOS DE AUTOCLÉ
13936,JD-1/2X19M,Juego de 18 herramientas cuadro 1/2' mm para mecánico,P791,"Juegos para mecánico, TRUPER",JGOS DE AUTOCLÉ
13938,JD-1/2X26MP,Juego de 25 herramientas cuadro 1/2' std y mm para mecánico,P791,"Juegos para mecánico, TRUPER",JGOS DE AUTOCLÉ
13939,JD-1/4X45M,Juego de 45 herramientas cuadro 1/4' mm para mecánico,P791,"Juegos para mecánico, TRUPER",JGOS DE AUTOCLÉ
13940,JD-1/2X42MP,Juego de 42 herramientas cuadro 1/2' std y mm para mecánico,P791,"Juegos para mecánico, TRUPER",JGOS DE AUTOCLÉ
13954,JD-3/8X26MP,Juego de 25 herramientas cuadro 3/8' std y mm para mecánico,P791,"Juegos para mecánico, TRUPER",JGOS DE AUTOCLÉ
13955,JD-3/8X36MP,Juego de 36 herramientas cuadro 3/8' std y mm para mecánico,P791,"Juegos para mecánico, TRUPER",JGOS DE AUTOCLÉ
13970,JD-3/4X24P,Juego de 23 herramientas cuadro 3/4' std para mecánico,P791,"Juegos para mecánico, TRUPER",JGOS DE AUTOCLÉ
13975,JD-135MP,"Juego 135 herramientas 1/4', 3/8' y 1/2' std y mm p/mecánico",P791,"Juegos para mecánico, TRUPER",JGOS DE AUTOCLÉ
13980,JD-1/4X21P,Juego de 20 herramientas cuadro 1/4' std para mecánico,P791,"Juegos para mecánico, TRUPER",JGOS DE AUTOCLÉ
13981,JD-1/4X21M,Juego de 20 herramientas cuadro 1/4' mm para mecánico,P791,"Juegos para mecánico, TRUPER",JGOS DE AUTOCLÉ
15689,JD-3/8X53M,Juego de 53 herramientas cuadro 3/8' mm para mecánico,P791,"Juegos para mecánico, TRUPER",JGOS DE AUTOCLÉ
15691,JD-217MP,"Juego 218 herramientas 1/4', 3/8' y 1/2' std y mm p/mecánico",P791,"Juegos para mecánico, TRUPER",JGOS DE AUTOCLÉ
15695,JD-210MP,"Juego 211 herramientas 1/4', 3/8' y 1/2' std y mm p/mecánico",P791,"Juegos para mecánico, TRUPER",JGOS DE AUTOCLÉ
18235,JD-1/4X45P,Juego de 45 herramientas cuadro 1/4' std para mecánico,P791,"Juegos para mecánico, TRUPER",JGOS DE AUTOCLÉ
10916,LTP-4M,"Lima triángulo pesado 4', 34 dpp, con mango, TRUPER",P080,Limas,LIMAS
10917,LTP-5M,"Lima triángulo pesado 5', 34 dpp, con mango, TRUPER",P080,Limas,LIMAS
10918,LTR-6M,"Lima triangular 6' para machete, 34 dpp, con mango, TRUPER",P080,Limas,LIMAS
10921,LTR-7M,"Lima triangular 7' para machete, 36 dpp, con mango, TRUPER",P080,Limas,LIMAS
10922,LTR-8M,"Lima triangular 8' para machete, 36 dpp, con mango, TRUPER",P080,Limas,LIMAS
11237,LPB-10T,"Lima plana bastarda 10' con mango Comfort Grip, TRUPER",P080,Limas,LIMAS
11238,LPM-6T,"Lima plana muza 6' con mango Comfort Grip, TRUPER",P080,Limas,LIMAS
11240,LPM-8T,"Lima plana muza 8' con mango Comfort Grip, TRUPER",P080,Limas,LIMAS
11241,LPM-10T,"Lima plana muza 10' con mango Comfort Grip, TRUPER",P080,Limas,LIMAS
11243,LMCB-10T,"Lima media caña bastarda 10' con mango Comfort Grip, TRUPER",P080,Limas,LIMAS
11244,LRB-10T,"Lima redonda bastarda 10' con mango Comfort Grip, TRUPER",P080,Limas,LIMAS
11246,LES-10T,"Lima escofina 10' con mango Comfort Grip, TRUPER",P080,Limas,LIMAS
11247,LRM-6T,"Lima redonda muza 6' con mango Comfort Grip, TRUPER",P080,Limas,LIMAS
15307,LTP-6T,"Lima triángulo pesado 6' 34 dpp, mango Comfort Grip, TRUPER",P080,Limas,LIMAS
15308,LTP-8T,"Lima triángulo pesado 8' 32 dpp, mango Comfort Grip, TRUPER",P080,Limas,LIMAS
15309,LPB-6T,"Lima plana bastarda 6' con mango Comfort Grip, TRUPER",P080,Limas,LIMAS
15311,LPB-8T,"Lima plana bastarda 8' con mango Comfort Grip, TRUPER",P080,Limas,LIMAS
15315,LRB-6T,"Lima redonda bastarda 6' con mango Comfort Grip, TRUPER",P080,Limas,LIMAS
15316,LRB-8T,"Lima redonda bastarda 8' con mango Comfort Grip, TRUPER",P080,Limas,LIMAS
15317,LMCB-6T,"Lima media caña bastarda 6' con mango Comfort Grip, TRUPER",P080,Limas,LIMAS
15318,LMCB-8T,"Lima media caña bastarda 8' con mango Comfort Grip, TRUPER",P080,Limas,LIMAS
15319,LES-6T,"Lima escofina 6' con mango Comfort Grip, TRUPER",P080,Limas,LIMAS
15321,LES-8T,"Lima escofina 8' con mango Comfort Grip, TRUPER",P080,Limas,LIMAS
19679,LTP-6M,"Lima triángulo pesado 6', 34 dpp, con mango, TRUPER",P080,Limas,LIMAS
19680,LTP-7M,"Lima triángulo pesado 7', 34 dpp, con mango, TRUPER",P080,Limas,LIMAS
19681,LTP-8M,"Lima triángulo pesado 8', 34 dpp, con mango, TRUPER",P080,Limas,LIMAS
55789,EX-LIM,Exhibidor con limas,P080,Limas,LIMAS
10996,LCM-6,"Lima para cerrajero fina 6', TRUPER",P080,Limas,LIMAS
10997,LCB-6,"Lima para cerrajero bastarda 6', TRUPER",P080,Limas,LIMAS
10998,LCM-8,"Lima para cerrajero fina 8', TRUPER",P080,Limas,LIMAS
10999,LCB-8,"Lima para cerrajero bastarda 8', TRUPER",P080,Limas,LIMAS
15119,LTP-5,"Lima triángulo pesado 5', 34 dpp, TRUPER",P080,Limas,LIMAS
15123,LTP-6,"Lima triángulo pesado 6', 34 dpp, TRUPER",P080,Limas,LIMAS
15124,LTP-7,"Lima triángulo pesado 7', 34 dpp, TRUPER",P080,Limas,LIMAS
15125,LTP-8,"Lima triángulo pesado 8', 34 dpp, TRUPER",P080,Limas,LIMAS
15126,LTP-4,"Lima triángulo pesado 4', 34 dpp, TRUPER",P080,Limas,LIMAS
15128,LTR-6,"Lima triangular 6' para machete, 34 dpp, TRUPER",P080,Limas,LIMAS
15129,LTR-7,"Lima triangular 7' para machete, 36 dpp, TRUPER",P080,Limas,LIMAS
15130,LTR-8,"Lima triangular 8' para machete, 36 dpp, TRUPER",P080,Limas,LIMAS
15133,LTD-6,"Lima triángulo doble 6', TRUPER",P080,Limas,LIMAS
15134,LTD-7,"Lima triángulo doble 7', TRUPER",P080,Limas,LIMAS
15135,LTD-8,"Lima triángulo doble 8', TRUPER",P080,Limas,LIMAS
15138,LPB-4,"Lima plana bastarda 4', TRUPER",P080,Limas,LIMAS
15140,LPB-6,"Lima plana bastarda 6', TRUPER",P080,Limas,LIMAS
15142,LPB-8,"Lima plana bastarda 8', TRUPER",P080,Limas,LIMAS
15144,LPB-10,"Lima plana bastarda 10', TRUPER",P080,Limas,LIMAS
15146,LPB-12,"Lima plana bastarda 12', TRUPER",P080,Limas,LIMAS
15148,LPB-14,"Lima plana bastarda 14', TRUPER",P080,Limas,LIMAS
15151,LPM-4,"Lima plana muza 4', TRUPER",P080,Limas,LIMAS
15153,LPM-6,"Lima plana muza 6', TRUPER",P080,Limas,LIMAS
15155,LPM-8,"Lima plana muza 8', TRUPER",P080,Limas,LIMAS
15157,LPM-10,"Lima plana muza 10', TRUPER",P080,Limas,LIMAS
15159,LPM-12,"Lima plana muza 12', TRUPER",P080,Limas,LIMAS
15162,LPM-14,"Lima plana muza 14', TRUPER",P080,Limas,LIMAS
15164,LMO-5/32X,"Lima profesional para motosierra, 5/32', TRUPER EXPERT",P080,Limas,LIMAS
15166,LMO-3/16X,"Lima profesional para motosierra, 3/16', TRUPER EXPERT",P080,Limas,LIMAS
15168,LMO-7/32X,"Lima profesional para motosierra, 7/32', TRUPER EXPERT",P080,Limas,LIMAS
15169,LMCB-6,"Lima media caña bastarda 6', TRUPER",P080,Limas,LIMAS
15171,LMCB-8,"Lima media caña bastarda 8', TRUPER",P080,Limas,LIMAS
15173,LMCB-10,"Lima media caña bastarda 10', TRUPER",P080,Limas,LIMAS
15175,LMCB-12,"Lima media caña bastarda 12', TRUPER",P080,Limas,LIMAS
15177,LMCM-6,"Lima media caña muzas 6', TRUPER",P080,Limas,LIMAS
15179,LMCM-8,"Lima media caña muzas 8', TRUPER",P080,Limas,LIMAS
15181,LMCM-10,"Lima media caña muzas 10', TRUPER",P080,Limas,LIMAS
15183,LMCM-12,"Lima media caña muzas 12', TRUPER",P080,Limas,LIMAS
15185,LRB-4,"Lima redonda bastarda 4', TRUPER",P080,Limas,LIMAS
15187,LRB-6,"Lima redonda bastarda 6', TRUPER",P080,Limas,LIMAS
15189,LRB-8,"Lima redonda bastarda 8', TRUPER",P080,Limas,LIMAS
15191,LRB-10,"Lima redonda bastarda 10', TRUPER",P080,Limas,LIMAS
15193,LRB-12,"Lima redonda bastarda 12', TRUPER",P080,Limas,LIMAS
15195,LRM-6,"Lima redonda muza 6', TRUPER",P080,Limas,LIMAS
15197,LRM-8,"Lima redonda muza 8', TRUPER",P080,Limas,LIMAS
15199,LRM-10,"Lima redonda muza 10', TRUPER",P080,Limas,LIMAS
15201,LRM-12,"Lima redonda muza 12', TRUPER",P080,Limas,LIMAS
15203,LES-6,"Lima escofina 6', TRUPER",P080,Limas,LIMAS
15204,LEH-12,"Lima escofina para herrar 12', TRUPER",P080,Limas,LIMAS
15205,LES-8,"Lima escofina 8', TRUPER",P080,Limas,LIMAS
15206,LEH-14,"Lima escofina para herrar 14', TRUPER",P080,Limas,LIMAS
15207,LES-10,"Lima escofina 10', TRUPER",P080,Limas,LIMAS
15208,LEHE-14,"Lima escofina para herrar con zanco 14', TRUPER",P080,Limas,LIMAS
15209,LES-12,"Lima escofina 12', TRUPER",P080,Limas,LIMAS
15210,LHO-14,"Lima para hojalatero 14', TRUPER",P080,Limas,LIMAS
24490,LMO-5/32P,"Lima para motosierra 5/32', PRETUL",P080,Limas,LIMAS
24491,LMO-3/16P,"Lima para motosierra 3/16', PRETUL",P080,Limas,LIMAS
24492,LMO-7/32P,"Lima para motosierra 7/32', PRETUL",P080,Limas,LIMAS
102702,LLP-6CG,"Llana 11' dentado cuadrado 1/2', 6 remaches, mango plástico",P768,Llanas,LLANAS
102703,LLM-6CG,"Llana 11' dentado cuadrado 1/2', 6 remaches, mango madera",P768,Llanas,LLANAS
102704,LLM-11CG,"Llana 11' dentado cuadrado 1/2', 10 remaches, mango madera",P768,Llanas,LLANAS
102750,LLM-2CG,"Llana 11' dentado cuadrado 1/2', tipo español, mango madera",P768,Llanas,LLANAS
102775,LLG-6L,"Llana 11' canto recto, 6 remaches, mango Comfort Grip,TRUPER",P768,Llanas,LLANAS
102776,LLG-11D,"Llana 11' dentado triangular, 10 remaches,mango Comfort Grip",P768,Llanas,LLANAS
102777,LLG-6D,"Llana 11' dentado triangular, 6 remaches, mango Comfort Grip",P768,Llanas,LLANAS
102778,LLG-11C,"Llana 11' dentado cuadrado 1/4', 10 remaches, mango Comfort",P768,Llanas,LLANAS
102779,LLG-6C,"Llana 11' dentado cuadrado 1/4', 6 remaches, mango Comfort",P768,Llanas,LLANAS
102790,LLG-11CG,"Llana 11' dentado cuadrado 1/2', 10 remaches, mango Comfort",P768,Llanas,LLANAS
102791,LLG-6CG,"Llana 11' dentado cuadrado 1/2', 6 remaches, mango Comfort",P768,Llanas,LLANAS
103582,LLMA-16C,"Llana de magnesio 16' borde cuadrado, mango Comfort Grip",P768,Llanas,LLANAS
103583,LLMA-16R,"Llana de magnesio 16' borde redondo, mango Comfort Grip",P768,Llanas,LLANAS
11392,LLM-2,"Llana 11' canto recto, tipo español, mango madera, TRUPER",P768,Llanas,LLANAS
11524,LLM-2D,"Llana 11' dentado triangular, tipo español, mango madera",P768,Llanas,LLANAS
11525,LLM-2C,"Llana 11' dentado cuadrado 1/4', tipo español, mango madera",P768,Llanas,LLANAS
15406,LLM-6L,"Llana 11' canto recto, 6 remaches, mango madera, TRUPER",P768,Llanas,LLANAS
15409,LLM-6D,"Llana 11' dentado triangular, 6 remaches,mango madera,TRUPER",P768,Llanas,LLANAS
15410,LLM-6C,"Llana 11' dentado cuadrado 1/4', 6 remaches, mango madera",P768,Llanas,LLANAS
15412,LLP-6L,"Llana 11' canto recto, 6 remaches, mango plástico, TRUPER",P768,Llanas,LLANAS
15413,LLP-6C,"Llana 11' dentado cuadrado 1/4', 6 remaches, mango plástico",P768,Llanas,LLANAS
15415,LLP-6D,"Llana 11' dentado triangular, 6 remaches, mango plástico",P768,Llanas,LLANAS
102639,LLA-12,"Llana 12' canto redondo, 6 remaches, mango madera, TRUPER",P768,Llanas,LLANAS
102680,LLA-20,"Llana 20' canto redondo, 14 remaches, mango madera, TRUPER",P768,Llanas,LLANAS
102774,LLG-11,"Llana 11' canto recto, 10 remaches,mango Comfort Grip,TRUPER",P768,Llanas,LLANAS
103037,LLM-8,"Llana mini 8' canto recto, 6 remaches, mango madera, TRUPER",P768,Llanas,LLANAS
103038,LLM-14,"Llana 14' canto recto, 10 remaches, mango madera, TRUPER",P768,Llanas,LLANAS
12397,LLA-14,"Llana 14' canto redondo, 10 remaches, mango madera, TRUPER",P768,Llanas,LLANAS
12398,LLA-16,"Llana 16' canto redondo, 10 remaches, mango madera, TRUPER",P768,Llanas,LLANAS
12399,LLA-24,"Llana 24' canto redondo, 18 remaches, mango madera, TRUPER",P768,Llanas,LLANAS
15400,LLM-11,"Llana 11' canto recto, 10 remaches, mango madera, TRUPER",P768,Llanas,LLANAS
15403,LLMD-11,"Llana 11' dentado triangular, 10 remaches, mango madera",P768,Llanas,LLANAS
15404,LLMC-11,"Llana 11' dentado cuadrado 1/4', 10 remaches, mango madera",P768,Llanas,LLANAS
100048,PET-15X,"Llave ajustable (perico) 15' cromada, TRUPER",P085,Llaves ajustables,PERICOS Y / O LLAVES AJUSTABLES 
100049,PET-15C,"Llave ajustable (perico) 15' profesional cromada, EXPERT",P085,Llaves ajustables,PERICOS Y / O LLAVES AJUSTABLES 
101033,PET-6XA,"Llave ajustable (perico) 6' boca ancha Comfort Grip, EXPERT",P085,Llaves ajustables,PERICOS Y / O LLAVES AJUSTABLES 
101034,PET-8XA,"Llave ajustable (perico) 8' boca ancha Comfort Grip, EXPERT",P085,Llaves ajustables,PERICOS Y / O LLAVES AJUSTABLES 
101035,PET-10XA,"Llave ajustable (perico) 10' boca ancha Comfort Grip, EXPERT",P085,Llaves ajustables,PERICOS Y / O LLAVES AJUSTABLES 
101036,PET-12XA,"Llave ajustable (perico) 12' boca ancha Comfort Grip, EXPERT",P085,Llaves ajustables,PERICOS Y / O LLAVES AJUSTABLES 
15505,PET-6C,"Llave ajustable (perico) 6' profesional cromada, EXPERT",P085,Llaves ajustables,PERICOS Y / O LLAVES AJUSTABLES 
15506,PET-8C,"Llave ajustable (perico) 8' profesional cromada, EXPERT",P085,Llaves ajustables,PERICOS Y / O LLAVES AJUSTABLES 
15507,PET-10C,"Llave ajustable (perico) 10' profesional cromada, EXPERT",P085,Llaves ajustables,PERICOS Y / O LLAVES AJUSTABLES 
15508,PET-12C,"Llave ajustable (perico) 12' profesional cromada, EXPERT",P085,Llaves ajustables,PERICOS Y / O LLAVES AJUSTABLES 
15509,PET-6X,"Llave ajustable (perico) 6' cromada, TRUPER",P085,Llaves ajustables,PERICOS Y / O LLAVES AJUSTABLES 
15510,PET-8X,"Llave ajustable (perico) 8' cromada, TRUPER",P085,Llaves ajustables,PERICOS Y / O LLAVES AJUSTABLES 
15511,PET-10X,"Llave ajustable (perico) 10' cromada, TRUPER",P085,Llaves ajustables,PERICOS Y / O LLAVES AJUSTABLES 
15512,PET-12X,"Llave ajustable (perico) 12' cromada, TRUPER",P085,Llaves ajustables,PERICOS Y / O LLAVES AJUSTABLES 
21814,PET-6P,"Llave ajustable (perico) 6' cromada, PRETUL",P085,Llaves ajustables,PERICOS Y / O LLAVES AJUSTABLES 
21815,PET-8P,"Llave ajustable (perico) 8' cromada, PRETUL",P085,Llaves ajustables,PERICOS Y / O LLAVES AJUSTABLES 
21816,PET-10P,"Llave ajustable (perico) 10' cromada, PRETUL",P085,Llaves ajustables,PERICOS Y / O LLAVES AJUSTABLES 
21817,PET-12P,"Llave ajustable (perico) 12' cromada, PRETUL",P085,Llaves ajustables,PERICOS Y / O LLAVES AJUSTABLES 
21822,PET-6PP,"Llave ajustable (perico) 6' pavonada, PRETUL",P085,Llaves ajustables,PERICOS Y / O LLAVES AJUSTABLES 
21823,PET-8PP,"Llave ajustable (perico) 8' pavonada, PRETUL",P085,Llaves ajustables,PERICOS Y / O LLAVES AJUSTABLES 
21824,PET-10PP,"Llave ajustable (perico) 10' pavonada, PRETUL",P085,Llaves ajustables,PERICOS Y / O LLAVES AJUSTABLES 
21825,PET-12PP,"Llave ajustable (perico) 12' pavonada, PRETUL",P085,Llaves ajustables,PERICOS Y / O LLAVES AJUSTABLES 
26053,PET-15PP,"Llave ajustable (perico) 15' pavonada, PRETUL",P085,Llaves ajustables,PERICOS Y / O LLAVES AJUSTABLES 
26054,PET-15P,"Llave ajustable (perico) 15' cromada, PRETUL",P085,Llaves ajustables,PERICOS Y / O LLAVES AJUSTABLES 
28218,PECO-5P,"Llave ajustable (perico corto) 5' cromada con grip, PRETUL",P085,Llaves ajustables,PERICOS Y / O LLAVES AJUSTABLES 
28219,PECO-6P,"Llave ajustable (perico corto) 6' cromada con grip, PRETUL",P085,Llaves ajustables,PERICOS Y / O LLAVES AJUSTABLES 
101387,PEA-8,"Llave ajustable 8' para plomero, apertura 3', TRUPER",P085,Llaves ajustables,PERICOS Y / O LLAVES AJUSTABLES 
15497,PET-4,"Llave ajustable (perico) 4' profesional pavonada, EXPERT",P085,Llaves ajustables,PERICOS Y / O LLAVES AJUSTABLES 
15498,PET-18,"Llave ajustable (perico) 18' profesional pavonada, EXPERT",P085,Llaves ajustables,PERICOS Y / O LLAVES AJUSTABLES 
15499,PET-24,"Llave ajustable (perico) 24' profesional pavonada, EXPERT",P085,Llaves ajustables,PERICOS Y / O LLAVES AJUSTABLES 
15500,PET-6,"Llave ajustable (perico) 6' profesional pavonada, EXPERT",P085,Llaves ajustables,PERICOS Y / O LLAVES AJUSTABLES 
15501,PET-8,"Llave ajustable (perico) 8' profesional pavonada, EXPERT",P085,Llaves ajustables,PERICOS Y / O LLAVES AJUSTABLES 
15502,PET-10,"Llave ajustable (perico) 10' profesional pavonada, EXPERT",P085,Llaves ajustables,PERICOS Y / O LLAVES AJUSTABLES 
15503,PET-12,"Llave ajustable (perico) 12' profesional pavonada, EXPERT",P085,Llaves ajustables,PERICOS Y / O LLAVES AJUSTABLES 
15504,PET-15,"Llave ajustable (perico) 15' profesional pavonada, EXPERT",P085,Llaves ajustables,PERICOS Y / O LLAVES AJUSTABLES 
13140,LLC-802,"Llave de cadena tipo caimán uso pesado, mango de 28', TRUPER",P772,"Llaves de cadena, banda y universal para filtros de aceite",LLAVES PARA FILTRO
14515,LF-5,Llave de banda metálica 2-1/2' a3-1/4' para filtro de aceite,P772,"Llaves de cadena, banda y universal para filtros de aceite",LLAVES PARA FILTRO
14543,LL-FA-MA,"Llave de 3 puntos 3' a 4-1/2' para filtro de aceite, TRUPER",P772,"Llaves de cadena, banda y universal para filtros de aceite",LLAVES PARA FILTRO
14546,LL-3Q-FA,"Llave universal 2-1/2'a 3-7/8' para filtro de aceite, TRUPER",P772,"Llaves de cadena, banda y universal para filtros de aceite",LLAVES PARA FILTRO
15515,LLC-801,"Llave universal con cadena con mango de 11', TRUPER",P772,"Llaves de cadena, banda y universal para filtros de aceite",LLAVES PARA FILTRO
14518,LF-10,Llave de banda metálica 3-1/4'-3-3/4' para filtro de aceite,P772,"Llaves de cadena, banda y universal para filtros de aceite",LLAVES PARA FILTRO
14526,LL-BA-FA,"Llave de banda de nylon 6' para filtro de aceite, TRUPER",P772,"Llaves de cadena, banda y universal para filtros de aceite",LLAVES PARA FILTRO
15818,LLB-10,Llave de banda de hule 1-1/2' a 6-1/2' para filtro de aceite,P772,"Llaves de cadena, banda y universal para filtros de aceite",LLAVES PARA FILTRO
15484,LLCR-14X,"Llave de cruz 14' plegable pulida y cromada, TRUPER",P087,Llaves de cruz y de artillería,LLAVES DE ARTILLERIA
18024,LLCR-20D,Llave de cruz 20' pulida y cromada con entrada cuadro 1/2',P087,Llaves de cruz y de artillería,LLAVES DE ARTILLERIA
21800,LLCR-14P,"Llave de cruz 14', acabado negro mate, PRETUL",P087,Llaves de cruz y de artillería,LLAVES DE ARTILLERIA
21801,LLCR-18P,"Llave de cruz 18', acabado negro mate, PRETUL",P087,Llaves de cruz y de artillería,LLAVES DE ARTILLERIA
21802,LLCR-20P,"Llave de cruz 20', acabado negro mate, PRETUL",P087,Llaves de cruz y de artillería,LLAVES DE ARTILLERIA
28889,LLCR-16P,"Llave de cruz 16', acabado negro mate, PRETUL",P087,Llaves de cruz y de artillería,LLAVES DE ARTILLERIA
102634,LLCR-16,"Llave de cruz 16' pulida y cromada, TRUPER",P087,Llaves de cruz y de artillería,LLAVES DE ARTILLERIA
102635,LLCR-14,"Llave de cruz 14' pulida y cromada, TRUPER",P087,Llaves de cruz y de artillería,LLAVES DE ARTILLERIA
15480,LLCR-18,"Llave de cruz 18' pulida y cromada, TRUPER",P087,Llaves de cruz y de artillería,LLAVES DE ARTILLERIA
15481,LLCR-20,"Llave de cruz 20' pulida y cromada, TRUPER",P087,Llaves de cruz y de artillería,LLAVES DE ARTILLERIA
15485,LLAR-7,"Llave de artillería 1-1/8 x 7/8' boca hexagonal, TRUPER",P087,Llaves de cruz y de artillería,LLAVES DE ARTILLERIA
15488,LLAR-10,Llave de artillería 13/16 x 1-1/2' boca cuadrada y hexagonal,P087,Llaves de cruz y de artillería,LLAVES DE ARTILLERIA
15489,LLAR-33,"Llave de artillería 33 mm X 3/4' boca hexagonal, TRUPER",P087,Llaves de cruz y de artillería,LLAVES DE ARTILLERIA
15486,LLAR-8,"Llave de artillería, 1 x 1-1/8' boca hexagonal, TRUPER",P087,Llaves de cruz y de artillería,LLAVES DE ARTILLERIA
15487,LLAR-9,"Llave de artillería 1-1/16 x 1-1/4' boca hexagonal, TRUPER",P087,Llaves de cruz y de artillería,LLAVES DE ARTILLERIA
100933,ALL-8TMX,"Juego 8 llaves hexagonales mm extralargas mango T,punta bola",P086,Llaves hexagonales y torx,LLAVES HEXAGONALES Y TORX
100934,ALL-8TPX,"Juego 8 llaves hexagonales std extralarga mango T,punta bola",P086,Llaves hexagonales y torx,LLAVES HEXAGONALES Y TORX
15530,ALE-7M,"Juego de 7 llaves hexagonales mm, con organizador, TRUPER",P086,Llaves hexagonales y torx,LLAVES HEXAGONALES Y TORX
15533,ALE-7P,"Juego de 7 llaves hexagonales std, con organizador, TRUPER",P086,Llaves hexagonales y torx,LLAVES HEXAGONALES Y TORX
15536,ALL-10M,"Juego de 10 llaves hexagonales mm, con organizador, TRUPER",P086,Llaves hexagonales y torx,LLAVES HEXAGONALES Y TORX
15539,ALL-10P,"Juego de 10 llaves hexagonales std, con organizador, TRUPER",P086,Llaves hexagonales y torx,LLAVES HEXAGONALES Y TORX
15542,ALL-13M,"Juego de 13 llaves hexagonales mm, con organizador, TRUPER",P086,Llaves hexagonales y torx,LLAVES HEXAGONALES Y TORX
15545,ALL-13P,"Juego de 13 llaves hexagonales std, con organizador, TRUPER",P086,Llaves hexagonales y torx,LLAVES HEXAGONALES Y TORX
15555,ALL-8M,"Juego de 8 llaves hexagonales mm, tipo navaja, TRUPER",P086,Llaves hexagonales y torx,LLAVES HEXAGONALES Y TORX
15556,ALL-8P,"Juego de 8 llaves hexagonales std, tipo navaja, TRUPER",P086,Llaves hexagonales y torx,LLAVES HEXAGONALES Y TORX
15557,ALL-7M,"Juego de 7 llaves hexagonales mm, tipo navaja, TRUPER",P086,Llaves hexagonales y torx,LLAVES HEXAGONALES Y TORX
15560,ALL-7P,"Juego de 7 llaves hexagonales std, tipo navaja, TRUPER",P086,Llaves hexagonales y torx,LLAVES HEXAGONALES Y TORX
15563,ALL-9M,"Juego de 9 llaves hexagonales mm, tipo navaja, TRUPER",P086,Llaves hexagonales y torx,LLAVES HEXAGONALES Y TORX
15566,ALL-9P,"Juego de 9 llaves hexagonales std, tipo navaja, TRUPER",P086,Llaves hexagonales y torx,LLAVES HEXAGONALES Y TORX
21850,ALL-P8P,"Juego de 8 llaves hexagonales std, tipo llavero,PRETUL",P086,Llaves hexagonales y torx,LLAVES HEXAGONALES Y TORX
21851,ALL-P8M,"Juego de 8 llaves hexagonales mm, tipo llavero, PRETUL",P086,Llaves hexagonales y torx,LLAVES HEXAGONALES Y TORX
21854,ALL-10P-P,"Juego de 10 llaves hexagonales std, con organizador, PRETUL",P086,Llaves hexagonales y torx,LLAVES HEXAGONALES Y TORX
21855,ALL-10M-P,"Juego de 10 llaves hexagonales mm, con organizador, PRETUL",P086,Llaves hexagonales y torx,LLAVES HEXAGONALES Y TORX
21856,ALL-13P-P,"Juego de 13 llaves hexagonales std, con organizador, PRETUL",P086,Llaves hexagonales y torx,LLAVES HEXAGONALES Y TORX
21857,ALL-13M-P,"Juego de 13 llaves hexagonales mm, con organizador, PRETUL",P086,Llaves hexagonales y torx,LLAVES HEXAGONALES Y TORX
100935,TORX-8TLX,"Juego de 8 llaves torx extralargas con mango T, TRUPER",P086,Llaves hexagonales y torx,LLAVES HEXAGONALES Y TORX
13643,ALLX-10P,"Juego de 10 llaves hexagonales std largas, punta de bola",P086,Llaves hexagonales y torx,LLAVES HEXAGONALES Y TORX
13644,ALLX-10M,"Juego de 10 llaves hexagonales mm largas, punta de bola",P086,Llaves hexagonales y torx,LLAVES HEXAGONALES Y TORX
13645,ALLX-13P,"Juego de 13 llaves hexagonales std largas, punta de bola",P086,Llaves hexagonales y torx,LLAVES HEXAGONALES Y TORX
13646,ALLX-13M,"Juego de 13 llaves hexagonales mm largas, punta de bola",P086,Llaves hexagonales y torx,LLAVES HEXAGONALES Y TORX
13647,TORX-9L,Juego de 9 llaves torx largas con organizador abatible,P086,Llaves hexagonales y torx,LLAVES HEXAGONALES Y TORX
15548,ALLX-7M,"Juego de 7 llaves hexagonales mm largas, punta de bola",P086,Llaves hexagonales y torx,LLAVES HEXAGONALES Y TORX
15551,ALLX-7P,"Juego de 7 llaves hexagonales std largas, punta de bola",P086,Llaves hexagonales y torx,LLAVES HEXAGONALES Y TORX
15552,TORX-7C,"Juego de 7 llaves torx con organizador abatible, TRUPER",P086,Llaves hexagonales y torx,LLAVES HEXAGONALES Y TORX
15553,TORX-7L,Juego de 7 llaves torx largas con organizador abatible,P086,Llaves hexagonales y torx,LLAVES HEXAGONALES Y TORX
15554,TORX-9,"Juego de 9 llaves torx con organizador abatible, TRUPER",P086,Llaves hexagonales y torx,LLAVES HEXAGONALES Y TORX
15562,ALL-30,"Juego de 30 llaves hexagonales mixtas, largas, punta de bola",P086,Llaves hexagonales y torx,LLAVES HEXAGONALES Y TORX
15569,TORX-8,"Juego de 8 llaves torx tipo navaja, cuerpo de lámina, TRUPER",P086,Llaves hexagonales y torx,LLAVES HEXAGONALES Y TORX
15572,ALL-25,"Juego de 25 llaves hexagonales mixtas, largas, punta de bola",P086,Llaves hexagonales y torx,LLAVES HEXAGONALES Y TORX
21395,TORX-8P,"Juego de 8 llaves torx tipo navaja, cuerpo de lámina, PRETUL",P086,Llaves hexagonales y torx,LLAVES HEXAGONALES Y TORX
22725,TORX-8PG,"Juego de 8 llaves torx tipo navaja, lámina, a granel, PRETUL",P086,Llaves hexagonales y torx,LLAVES HEXAGONALES Y TORX
15490,LL-GA,"Llave 9' para tanque de gas, TRUPER",P671,Llaves para plomero,LLAVES DE GAS
21804,LL-GA-P,"Llave para tanque de gas, PRETUL",P671,Llaves para plomero,LLAVES DE GAS
12874,LLAP-12,"Llave 12' para plomero, TRUPER",P671,Llaves para plomero,LLAVES DE GAS
22010,STI-8P,"Llave stilson 8' cuerpo de hierro maleable, PRETUL",P169,LLaves stilson,LLAVES STILSON
22011,STI-10P,"Llave stilson 10' cuerpo de hierro maleable, PRETUL",P169,LLaves stilson,LLAVES STILSON
22012,STI-12P,"Llave stilson 12' cuerpo de hierro maleable, PRETUL",P169,LLaves stilson,LLAVES STILSON
22013,STI-14P,"Llave stilson 14' cuerpo de hierro maleable, PRETUL",P169,LLaves stilson,LLAVES STILSON
22014,STI-18P,"Llave stilson 18' cuerpo de hierro maleable, PRETUL",P169,LLaves stilson,LLAVES STILSON
22015,STI-24P,"Llave stilson 24' cuerpo de hierro maleable, PRETUL",P169,LLaves stilson,LLAVES STILSON
15835,STI-8,"Llave stilson 8' cuerpo robusto de hierro dúctil, TRUPER",P169,LLaves stilson,LLAVES STILSON
15836,STI-10,"Llave stilson 10' cuerpo robusto de hierro dúctil, TRUPER",P169,LLaves stilson,LLAVES STILSON
15837,STI-12,"Llave stilson 12' cuerpo robusto de hierro dúctil, TRUPER",P169,LLaves stilson,LLAVES STILSON
15838,STI-14,"Llave stilson 14' cuerpo robusto de hierro dúctil, TRUPER",P169,LLaves stilson,LLAVES STILSON
15839,STI-18,"Llave stilson 18' cuerpo robusto de hierro dúctil, TRUPER",P169,LLaves stilson,LLAVES STILSON
15840,STI-24,"Llave stilson 24' cuerpo robusto de hierro dúctil, TRUPER",P169,LLaves stilson,LLAVES STILSON
15841,STI-36,"Llave stilson 36' cuerpo robusto de hierro dúctil, TRUPER",P169,LLaves stilson,LLAVES STILSON
15842,STI-48,"Llave stilson 48' cuerpo robusto de hierro dúctil, TRUPER",P169,LLaves stilson,LLAVES STILSON
15843,STIA-12,"Llave stilson 12' cuerpo de aluminio, TRUPER",P169,LLaves stilson,LLAVES STILSON
15844,STIA-14,"Llave stilson 14' cuerpo de aluminio, TRUPER",P169,LLaves stilson,LLAVES STILSON
15845,STIA-18,"Llave stilson 18' cuerpo de aluminio, TRUPER",P169,LLaves stilson,LLAVES STILSON
15846,STIA-24,"Llave stilson 24' cuerpo de aluminio, TRUPER",P169,LLaves stilson,LLAVES STILSON
15847,STIA-10,"Llave stilson 10' cuerpo de aluminio, TRUPER",P169,LLaves stilson,LLAVES STILSON
103446,LL-2012MXF,"Llave combinada con matraca 12 mm flexible, EXPERT",P091,Llaves y juegos,LLAVES COMBINADAS DE ESTRÍAS Y ESPAÑOLAS
103447,LL-2013MXF,"Llave combinada con matraca 13 mm flexible, EXPERT",P091,Llaves y juegos,LLAVES COMBINADAS DE ESTRÍAS Y ESPAÑOLAS
103448,LL-2014MXF,"Llave combinada con matraca 14 mm flexible, EXPERT",P091,Llaves y juegos,LLAVES COMBINADAS DE ESTRÍAS Y ESPAÑOLAS
103449,LL-2015MXF,"Llave combinada con matraca 15 mm flexible, EXPERT",P091,Llaves y juegos,LLAVES COMBINADAS DE ESTRÍAS Y ESPAÑOLAS
103459,LL-2008MXF,"Llave combinada con matraca 8 mm flexible, EXPERT",P091,Llaves y juegos,LLAVES COMBINADAS DE ESTRÍAS Y ESPAÑOLAS
103460,LL-2010MXF,"Llave combinada con matraca 10 mm flexible, EXPERT",P091,Llaves y juegos,LLAVES COMBINADAS DE ESTRÍAS Y ESPAÑOLAS
103540,LL-2016MXF,"Llave combinada con matraca 16 mm flexible, EXPERT",P091,Llaves y juegos,LLAVES COMBINADAS DE ESTRÍAS Y ESPAÑOLAS
103541,LL-2017MXF,"Llave combinada con matraca 17 mm flexible, EXPERT",P091,Llaves y juegos,LLAVES COMBINADAS DE ESTRÍAS Y ESPAÑOLAS
103542,LL-2018MXF,"Llave combinada con matraca 18 mm flexible, EXPERT",P091,Llaves y juegos,LLAVES COMBINADAS DE ESTRÍAS Y ESPAÑOLAS
103543,LL-2019MXF,"Llave combinada con matraca 19 mm flexible, EXPERT",P091,Llaves y juegos,LLAVES COMBINADAS DE ESTRÍAS Y ESPAÑOLAS
103544,LL-2008XF,"Llave combinada con matraca 1/4' flexible, EXPERT",P091,Llaves y juegos,LLAVES COMBINADAS DE ESTRÍAS Y ESPAÑOLAS
103545,LL-2010XF,"Llave combinada con matraca 5/16' flexible, EXPERT",P091,Llaves y juegos,LLAVES COMBINADAS DE ESTRÍAS Y ESPAÑOLAS
103546,LL-2012XF,"Llave combinada con matraca 3/8' flexible, EXPERT",P091,Llaves y juegos,LLAVES COMBINADAS DE ESTRÍAS Y ESPAÑOLAS
103547,LL-2014XF,"Llave combinada con matraca 7/16' flexible, EXPERT",P091,Llaves y juegos,LLAVES COMBINADAS DE ESTRÍAS Y ESPAÑOLAS
103548,LL-2016XF,"Llave combinada con matraca 1/2' flexible, EXPERT",P091,Llaves y juegos,LLAVES COMBINADAS DE ESTRÍAS Y ESPAÑOLAS
103549,LL-2018XF,"Llave combinada con matraca 9/16' flexible, EXPERT",P091,Llaves y juegos,LLAVES COMBINADAS DE ESTRÍAS Y ESPAÑOLAS
103550,LL-2020XF,"Llave combinada con matraca 5/8' flexible, EXPERT",P091,Llaves y juegos,LLAVES COMBINADAS DE ESTRÍAS Y ESPAÑOLAS
103551,LL-2024XF,"Llave combinada con matraca 3/4' flexible, EXPERT",P091,Llaves y juegos,LLAVES COMBINADAS DE ESTRÍAS Y ESPAÑOLAS
103596,JC-7XFM,Juego de 7 llaves combinadas mm con matraca flexible,P091,Llaves y juegos,LLAVES COMBINADAS DE ESTRÍAS Y ESPAÑOLAS
103597,JC-7XFP,Juego de 7 llaves combinadas std con matraca flexible,P091,Llaves y juegos,LLAVES COMBINADAS DE ESTRÍAS Y ESPAÑOLAS
13164,JC-10PM,"Jgo 10 llaves combinadas extralargas pulidas std y mm,EXPERT",P091,Llaves y juegos,LLAVES COMBINADAS DE ESTRÍAS Y ESPAÑOLAS
13227,LL-2008XR,"Llave combinada matraca reversible 1/4'x125mm largo, EXPERT",P091,Llaves y juegos,LLAVES COMBINADAS DE ESTRÍAS Y ESPAÑOLAS
13228,LL-2010XR,"Llave combinada matraca reversible 5/16'x138 mm largo,EXPERT",P091,Llaves y juegos,LLAVES COMBINADAS DE ESTRÍAS Y ESPAÑOLAS
13425,LL-2012XR,"Llave combinada matraca reversible 3/8'x158 mm largo, EXPERT",P091,Llaves y juegos,LLAVES COMBINADAS DE ESTRÍAS Y ESPAÑOLAS
13429,LL-2014XR,"Llave combinada matraca reversible 7/16'x163 mm largo,EXPERT",P091,Llaves y juegos,LLAVES COMBINADAS DE ESTRÍAS Y ESPAÑOLAS
13431,LL-2016XR,"Llave combinada matraca reversible 1/2'x178 mm largo, EXPERT",P091,Llaves y juegos,LLAVES COMBINADAS DE ESTRÍAS Y ESPAÑOLAS
13548,LL-2018XR,"Llave combinada matraca reversible 9/16'x188 mm largo,EXPERT",P091,Llaves y juegos,LLAVES COMBINADAS DE ESTRÍAS Y ESPAÑOLAS
13549,LL-2020XR,"Llave combinada matraca reversible 5/8'x207 mm largo, EXPERT",P091,Llaves y juegos,LLAVES COMBINADAS DE ESTRÍAS Y ESPAÑOLAS
13551,LL-2024XR,"Llave combinada matraca reversible 3/4'x242 mm largo, EXPERT",P091,Llaves y juegos,LLAVES COMBINADAS DE ESTRÍAS Y ESPAÑOLAS
13553,LL-2026XR,"Llave combinada matraca reversible 13/16'x288mm largo,EXPERT",P091,Llaves y juegos,LLAVES COMBINADAS DE ESTRÍAS Y ESPAÑOLAS
13600,LL-2028XR,"Llave combinada matraca reversible 7/8'x288 mm largo, EXPERT",P091,Llaves y juegos,LLAVES COMBINADAS DE ESTRÍAS Y ESPAÑOLAS
13601,LL-2008X,"Llave combinada con matraca 1/4' x 120 mm largo, EXPERT",P091,Llaves y juegos,LLAVES COMBINADAS DE ESTRÍAS Y ESPAÑOLAS
13602,LL-2026X,"Llave combinada con matraca 13/16' x 281 mm largo, EXPERT",P091,Llaves y juegos,LLAVES COMBINADAS DE ESTRÍAS Y ESPAÑOLAS
13603,LL-2028X,"Llave combinada con matraca 7/8' x 281 mm largo, EXPERT",P091,Llaves y juegos,LLAVES COMBINADAS DE ESTRÍAS Y ESPAÑOLAS
13604,LL-2030X,"Llave combinada con matraca 15/16' x 325 mm largo, EXPERT",P091,Llaves y juegos,LLAVES COMBINADAS DE ESTRÍAS Y ESPAÑOLAS
13618,LL-2032X,"Llave combinada con matraca 1' x 325 mm largo, EXPERT",P091,Llaves y juegos,LLAVES COMBINADAS DE ESTRÍAS Y ESPAÑOLAS
13620,LL-2011MX,"Llave combinada con matraca 11mm x 160 mm largo, EXPERT",P091,Llaves y juegos,LLAVES COMBINADAS DE ESTRÍAS Y ESPAÑOLAS
13648,LL-2030XR,"Llave combinada matraca reversible 15/16'x332mm largo,EXPERT",P091,Llaves y juegos,LLAVES COMBINADAS DE ESTRÍAS Y ESPAÑOLAS
13654,LL-2032XR,"Llave combinada matraca reversible 1' x 332 mm largo, EXPERT",P091,Llaves y juegos,LLAVES COMBINADAS DE ESTRÍAS Y ESPAÑOLAS
13656,LL-2008MXR,"Llave combinada matraca reversible 8 mmx136 mm largo, EXPERT",P091,Llaves y juegos,LLAVES COMBINADAS DE ESTRÍAS Y ESPAÑOLAS
13662,LL-2009MXR,"Llave combinada matraca reversible 9 mmx148 mm largo, EXPERT",P091,Llaves y juegos,LLAVES COMBINADAS DE ESTRÍAS Y ESPAÑOLAS
13664,LL-2010MXR,"Llave combinada matraca reversible 10mmx154 mm largo, EXPERT",P091,Llaves y juegos,LLAVES COMBINADAS DE ESTRÍAS Y ESPAÑOLAS
13666,LL-2011MXR,"Llave combinada matraca reversible 11mmx160 mm largo, EXPERT",P091,Llaves y juegos,LLAVES COMBINADAS DE ESTRÍAS Y ESPAÑOLAS
13668,LL-2012MXR,"Llave combinada matraca reversible 12mmx168 mm largo, EXPERT",P091,Llaves y juegos,LLAVES COMBINADAS DE ESTRÍAS Y ESPAÑOLAS
13691,JC-20PM,"Jgo 20 llaves combinadas extralargas pulidas std y mm,EXPERT",P091,Llaves y juegos,LLAVES COMBINADAS DE ESTRÍAS Y ESPAÑOLAS
13692,LL-2013MXR,"Llave combinada matraca reversible 13mmx178 mm largo, EXPERT",P091,Llaves y juegos,LLAVES COMBINADAS DE ESTRÍAS Y ESPAÑOLAS
13699,LL-2014MXR,"Llave combinada matraca reversible 14mmx188 mm largo, EXPERT",P091,Llaves y juegos,LLAVES COMBINADAS DE ESTRÍAS Y ESPAÑOLAS
13711,LL-2015MXR,"Llave combinada matraca reversible 15mmx198 mm largo, EXPERT",P091,Llaves y juegos,LLAVES COMBINADAS DE ESTRÍAS Y ESPAÑOLAS
13727,LL-2016MXR,"Llave combinada matraca reversible 16mmx205 mm largo, EXPERT",P091,Llaves y juegos,LLAVES COMBINADAS DE ESTRÍAS Y ESPAÑOLAS
13728,LL-2017MXR,"Llave combinada matraca reversible 17mmx223 mm largo, EXPERT",P091,Llaves y juegos,LLAVES COMBINADAS DE ESTRÍAS Y ESPAÑOLAS
13754,LL-2018MXR,"Llave combinada matraca reversible 18mmx231 mm largo, EXPERT",P091,Llaves y juegos,LLAVES COMBINADAS DE ESTRÍAS Y ESPAÑOLAS
13756,LL-2019MXR,"Llave combinada matraca reversible 19mmx241 mm largo, EXPERT",P091,Llaves y juegos,LLAVES COMBINADAS DE ESTRÍAS Y ESPAÑOLAS
13758,LL-2021MXR,"Llave combinada matraca reversible 21mmx288 mm largo, EXPERT",P091,Llaves y juegos,LLAVES COMBINADAS DE ESTRÍAS Y ESPAÑOLAS
13760,LL-2022MXR,"Llave combinada matraca reversible 22mmx288 mm largo, EXPERT",P091,Llaves y juegos,LLAVES COMBINADAS DE ESTRÍAS Y ESPAÑOLAS
13768,LL-2024MXR,"Llave combinada matraca reversible 24mmx330 mm largo, EXPERT",P091,Llaves y juegos,LLAVES COMBINADAS DE ESTRÍAS Y ESPAÑOLAS
13769,LL-2025MXR,"Llave combinada matraca reversible 25mmx328 mm largo, EXPERT",P091,Llaves y juegos,LLAVES COMBINADAS DE ESTRÍAS Y ESPAÑOLAS
15590,LL-2008,"Llave combinada extralarga 1/4' x 125 mm de largo, EXPERT",P091,Llaves y juegos,LLAVES COMBINADAS DE ESTRÍAS Y ESPAÑOLAS
15591,LL-2010,"Llave combinada extralarga 5/16' x 145 mm de largo, EXPERT",P091,Llaves y juegos,LLAVES COMBINADAS DE ESTRÍAS Y ESPAÑOLAS
15592,LL-2012,"Llave combinada extralarga 3/8' x 164 mm de largo, EXPERT",P091,Llaves y juegos,LLAVES COMBINADAS DE ESTRÍAS Y ESPAÑOLAS
15593,LL-2014,"Llave combinada extralarga 7/16' x 183 mm de largo, EXPERT",P091,Llaves y juegos,LLAVES COMBINADAS DE ESTRÍAS Y ESPAÑOLAS
15594,LL-2016,"Llave combinada extralarga 1/2' x 202 mm de largo, EXPERT",P091,Llaves y juegos,LLAVES COMBINADAS DE ESTRÍAS Y ESPAÑOLAS
15595,LL-2018,"Llave combinada extralarga 9/16' x 220 mm de largo, EXPERT",P091,Llaves y juegos,LLAVES COMBINADAS DE ESTRÍAS Y ESPAÑOLAS
15596,LL-2020,"Llave combinada extralarga 5/8' x 240 mm de largo, EXPERT",P091,Llaves y juegos,LLAVES COMBINADAS DE ESTRÍAS Y ESPAÑOLAS
15597,LL-2022,"Llave combinada extralarga 11/16' x 259 mm de largo, EXPERT",P091,Llaves y juegos,LLAVES COMBINADAS DE ESTRÍAS Y ESPAÑOLAS
15598,LL-2024,"Llave combinada extralarga 3/4' x 278 mm de largo, EXPERT",P091,Llaves y juegos,LLAVES COMBINADAS DE ESTRÍAS Y ESPAÑOLAS
15599,LL-2026,"Llave combinada extralarga 13/16' x 298 mm de largo, EXPERT",P091,Llaves y juegos,LLAVES COMBINADAS DE ESTRÍAS Y ESPAÑOLAS
15600,LL-2028,"Llave combinada extralarga 7/8' x 316 mm de largo, EXPERT",P091,Llaves y juegos,LLAVES COMBINADAS DE ESTRÍAS Y ESPAÑOLAS
15601,LL-2030,"Llave combinada extralarga 15/16' x 336 mm de largo, EXPERT",P091,Llaves y juegos,LLAVES COMBINADAS DE ESTRÍAS Y ESPAÑOLAS
15602,LL-2032,"Llave combinada extralarga 1' x 355 mm de largo, EXPERT",P091,Llaves y juegos,LLAVES COMBINADAS DE ESTRÍAS Y ESPAÑOLAS
15606,LL-2042,"Llave combinada extralarga 1-5/16' x 376 mm de largo, EXPERT",P091,Llaves y juegos,LLAVES COMBINADAS DE ESTRÍAS Y ESPAÑOLAS
15607,LL-2044,"Llave combinada extralarga 1-3/8' x 454 mm de largo, EXPERT",P091,Llaves y juegos,LLAVES COMBINADAS DE ESTRÍAS Y ESPAÑOLAS
15608,LL-2046,"Llave combinada extralarga 1-7/16' x 454 mm de largo, EXPERT",P091,Llaves y juegos,LLAVES COMBINADAS DE ESTRÍAS Y ESPAÑOLAS
15631,LL-2052,"Llave combinada extralarga 1-5/8' x 483 mm de largo, EXPERT",P091,Llaves y juegos,LLAVES COMBINADAS DE ESTRÍAS Y ESPAÑOLAS
15632,LL-2054,"Llave combinada extralarga 1-11/16' x 483 mm largo, EXPERT",P091,Llaves y juegos,LLAVES COMBINADAS DE ESTRÍAS Y ESPAÑOLAS
15633,LL-2056,"Llave combinada extralarga 1-3/4' x 496 mm de largo, EXPERT",P091,Llaves y juegos,LLAVES COMBINADAS DE ESTRÍAS Y ESPAÑOLAS
15634,LL-2058,"Llave combinada extralarga 1-13/16' x 496 mm largo, EXPERT",P091,Llaves y juegos,LLAVES COMBINADAS DE ESTRÍAS Y ESPAÑOLAS
15635,LL-2060,"Llave combinada extralarga 1-7/8' x 509 mm de largo, EXPERT",P091,Llaves y juegos,LLAVES COMBINADAS DE ESTRÍAS Y ESPAÑOLAS
15649,LL-2050,"Llave combinada extralarga 1-9/16' x 483 mm de largo, EXPERT",P091,Llaves y juegos,LLAVES COMBINADAS DE ESTRÍAS Y ESPAÑOLAS
15666,LL-2064,"Llave combinada extralarga 2' x 509 mm de largo, EXPERT",P091,Llaves y juegos,LLAVES COMBINADAS DE ESTRÍAS Y ESPAÑOLAS
15676,LL-2038,"Llave combinada extralarga 1-3/16' x 403 mm de largo, EXPERT",P091,Llaves y juegos,LLAVES COMBINADAS DE ESTRÍAS Y ESPAÑOLAS
15735,LL-2010X,"Llave combinada con matraca 5/16' x 135 mm largo, EXPERT",P091,Llaves y juegos,LLAVES COMBINADAS DE ESTRÍAS Y ESPAÑOLAS
15736,LL-2012X,"Llave combinada con matraca 3/8' x 153 mm largo, EXPERT",P091,Llaves y juegos,LLAVES COMBINADAS DE ESTRÍAS Y ESPAÑOLAS
15737,LL-2014X,"Llave combinada con matraca 7/16' x 160 mm largo, EXPERT",P091,Llaves y juegos,LLAVES COMBINADAS DE ESTRÍAS Y ESPAÑOLAS
15738,LL-2016X,"Llave combinada con matraca 1/2' x 173 mm largo, EXPERT",P091,Llaves y juegos,LLAVES COMBINADAS DE ESTRÍAS Y ESPAÑOLAS
15739,LL-2018X,"Llave combinada con matraca 9/16' x 185 mm largo, EXPERT",P091,Llaves y juegos,LLAVES COMBINADAS DE ESTRÍAS Y ESPAÑOLAS
15740,LL-2020X,"Llave combinada con matraca 5/8' x 202 mm largo, EXPERT",P091,Llaves y juegos,LLAVES COMBINADAS DE ESTRÍAS Y ESPAÑOLAS
15741,LL-2024X,"Llave combinada con matraca 3/4' x 238 mm largo, EXPERT",P091,Llaves y juegos,LLAVES COMBINADAS DE ESTRÍAS Y ESPAÑOLAS
15770,JC-6M,"Juego de 6 llaves combinadas extralargas pulidas mm, EXPERT",P091,Llaves y juegos,LLAVES COMBINADAS DE ESTRÍAS Y ESPAÑOLAS
15772,JC-6P,"Juego de 6 llaves combinadas extralargas pulidas std, EXPERT",P091,Llaves y juegos,LLAVES COMBINADAS DE ESTRÍAS Y ESPAÑOLAS
15774,JC-9M,"Juego de 9 llaves combinadas extralargas pulidas mm, EXPERT",P091,Llaves y juegos,LLAVES COMBINADAS DE ESTRÍAS Y ESPAÑOLAS
15776,JC-9P,"Juego de 9 llaves combinadas extralargas pulidas std, EXPERT",P091,Llaves y juegos,LLAVES COMBINADAS DE ESTRÍAS Y ESPAÑOLAS
15778,JC-11M,"Juego de 11 llaves combinadas extralargas pulidas mm, EXPERT",P091,Llaves y juegos,LLAVES COMBINADAS DE ESTRÍAS Y ESPAÑOLAS
15780,JC-11P,"Juego de 11 llaves combinadas extralargas pulidas std,EXPERT",P091,Llaves y juegos,LLAVES COMBINADAS DE ESTRÍAS Y ESPAÑOLAS
15816,JC-8XM,"Juego de 8 llaves combinadas pulidas mm con matraca, EXPERT",P091,Llaves y juegos,LLAVES COMBINADAS DE ESTRÍAS Y ESPAÑOLAS
15817,JC-8XP,"Juego de 8 llaves combinadas std pulidas con matraca, EXPERT",P091,Llaves y juegos,LLAVES COMBINADAS DE ESTRÍAS Y ESPAÑOLAS
21880,LL-2008P,"Llave combinada 1/4' x 100 mm de largo, PRETUL",P091,Llaves y juegos,LLAVES COMBINADAS DE ESTRÍAS Y ESPAÑOLAS
21881,LL-2010P,"Llave combinada 5/16' x 120 mm de largo, PRETUL",P091,Llaves y juegos,LLAVES COMBINADAS DE ESTRÍAS Y ESPAÑOLAS
21882,LL-2012P,"Llave combinada 3/8' x 140 mm de largo, PRETUL",P091,Llaves y juegos,LLAVES COMBINADAS DE ESTRÍAS Y ESPAÑOLAS
21883,LL-2014P,"Llave combinada 7/16' x 150 mm de largo, PRETUL",P091,Llaves y juegos,LLAVES COMBINADAS DE ESTRÍAS Y ESPAÑOLAS
21884,LL-2016P,"Llave combinada 1/2' x 170 mm de largo, PRETUL",P091,Llaves y juegos,LLAVES COMBINADAS DE ESTRÍAS Y ESPAÑOLAS
21885,LL-2018P,"Llave combinada 9/16' x 180 mm de largo, PRETUL",P091,Llaves y juegos,LLAVES COMBINADAS DE ESTRÍAS Y ESPAÑOLAS
21886,LL-2020P,"Llave combinada 5/8' x 200 mm de largo, PRETUL",P091,Llaves y juegos,LLAVES COMBINADAS DE ESTRÍAS Y ESPAÑOLAS
21887,LL-2022P,"Llave combinada 11/16' x 210 mm de largo, PRETUL",P091,Llaves y juegos,LLAVES COMBINADAS DE ESTRÍAS Y ESPAÑOLAS
21888,LL-2024P,"Llave combinada 3/4' x 230 mm de largo, PRETUL",P091,Llaves y juegos,LLAVES COMBINADAS DE ESTRÍAS Y ESPAÑOLAS
21889,LL-2026P,"Llave combinada 13/16' x 250 mm de largo, PRETUL",P091,Llaves y juegos,LLAVES COMBINADAS DE ESTRÍAS Y ESPAÑOLAS
21890,LL-2028P,"Llave combinada 7/8' x 260 mm de largo, PRETUL",P091,Llaves y juegos,LLAVES COMBINADAS DE ESTRÍAS Y ESPAÑOLAS
21891,LL-2030P,"Llave combinada 15/16' x 280 mm de largo, PRETUL",P091,Llaves y juegos,LLAVES COMBINADAS DE ESTRÍAS Y ESPAÑOLAS
21892,LL-2032P,"Llave combinada 1' x 290 mm de largo, PRETUL",P091,Llaves y juegos,LLAVES COMBINADAS DE ESTRÍAS Y ESPAÑOLAS
21990,J-2011P,"Juego de 11 llaves combinadas std, PRETUL",P091,Llaves y juegos,LLAVES COMBINADAS DE ESTRÍAS Y ESPAÑOLAS
21991,J-2011M,"Juego de 11 llaves combinadas mm, PRETUL",P091,Llaves y juegos,LLAVES COMBINADAS DE ESTRÍAS Y ESPAÑOLAS
21994,J-209P,"Juego de 9 llaves combinadas std, PRETUL",P091,Llaves y juegos,LLAVES COMBINADAS DE ESTRÍAS Y ESPAÑOLAS
21995,J-209M,"Juego de 9 llaves combinadas mm, PRETUL",P091,Llaves y juegos,LLAVES COMBINADAS DE ESTRÍAS Y ESPAÑOLAS
21996,J-2010MP,"Juego de 10 llaves combinadas std y mm, PRETUL",P091,Llaves y juegos,LLAVES COMBINADAS DE ESTRÍAS Y ESPAÑOLAS
22000,J-305P,"Juego de 5 llaves españolas std, PRETUL",P091,Llaves y juegos,LLAVES COMBINADAS DE ESTRÍAS Y ESPAÑOLAS
22001,J-305M,"Juego de 5 llaves españolas mm, PRETUL",P091,Llaves y juegos,LLAVES COMBINADAS DE ESTRÍAS Y ESPAÑOLAS
22016,J-206P,"Juego de 6 llaves combinadas std, PRETUL",P091,Llaves y juegos,LLAVES COMBINADAS DE ESTRÍAS Y ESPAÑOLAS
22017,J-206M,"Juego de 6 llaves combinadas mm, PRETUL",P091,Llaves y juegos,LLAVES COMBINADAS DE ESTRÍAS Y ESPAÑOLAS
22018,J-2022MP,"Juego de 22 llaves combinadas std y mm, PRETUL",P091,Llaves y juegos,LLAVES COMBINADAS DE ESTRÍAS Y ESPAÑOLAS
26076,J-2032MPG,"Juego de 32 llaves combinadas std y mm, gun metal, PRETUL",P091,Llaves y juegos,LLAVES COMBINADAS DE ESTRÍAS Y ESPAÑOLAS
26077,J-2011PG,"Juego de 11 llaves combinadas std, acabado gun metal, PRETUL",P091,Llaves y juegos,LLAVES COMBINADAS DE ESTRÍAS Y ESPAÑOLAS
26078,J-2011MG,"Juego de 11 llaves combinadas mm, acabado gun metal, PRETUL",P091,Llaves y juegos,LLAVES COMBINADAS DE ESTRÍAS Y ESPAÑOLAS
100421,JO-5M-X,"Juego de 5 llaves pulidas de obstrucción en 'C' mm, EXPERT",P091,Llaves y juegos,LLAVES COMBINADAS DE ESTRÍAS Y ESPAÑOLAS
13619,LL-2009MX,"Llave combinada con matraca 9 mm x 146 mm largo, EXPERT",P091,Llaves y juegos,LLAVES COMBINADAS DE ESTRÍAS Y ESPAÑOLAS
13621,LL-2016MX,"Llave combinada con matraca 16 mm x 202 mm largo, EXPERT",P091,Llaves y juegos,LLAVES COMBINADAS DE ESTRÍAS Y ESPAÑOLAS
13622,LL-2017MX,"Llave combinada con matraca 17 mm x 218 mm largo, EXPERT",P091,Llaves y juegos,LLAVES COMBINADAS DE ESTRÍAS Y ESPAÑOLAS
13623,LL-2021MX,"Llave combinada con matraca 21 mm x 278 mm largo, EXPERT",P091,Llaves y juegos,LLAVES COMBINADAS DE ESTRÍAS Y ESPAÑOLAS
13624,LL-2022MX,"Llave combinada con matraca 22 mm x 279 mm largo, EXPERT",P091,Llaves y juegos,LLAVES COMBINADAS DE ESTRÍAS Y ESPAÑOLAS
13625,LL-2024MX,"Llave combinada con matraca 24 mm x 325 mm largo, EXPERT",P091,Llaves y juegos,LLAVES COMBINADAS DE ESTRÍAS Y ESPAÑOLAS
13626,LL-2025MX,"Llave combinada con matraca 25 mm x 325 mm largo, EXPERT",P091,Llaves y juegos,LLAVES COMBINADAS DE ESTRÍAS Y ESPAÑOLAS
13815,LL-2029M,"Llave combinada extralarga 29 mm x 401 mm de largo, EXPERT",P091,Llaves y juegos,LLAVES COMBINADAS DE ESTRÍAS Y ESPAÑOLAS
13816,LL-2030M,"Llave combinada extralarga 30 mm x 401 mm de largo, EXPERT",P091,Llaves y juegos,LLAVES COMBINADAS DE ESTRÍAS Y ESPAÑOLAS
13817,LL-2032M,"Llave combinada extralarga 32 mm x 441 mm de largo, EXPERT",P091,Llaves y juegos,LLAVES COMBINADAS DE ESTRÍAS Y ESPAÑOLAS
13818,LL-2033M,"Llave combinada extralarga 33 mm x 376 mm de largo, EXPERT",P091,Llaves y juegos,LLAVES COMBINADAS DE ESTRÍAS Y ESPAÑOLAS
13819,LL-2034M,"Llave combinada extralarga 34 mm x 454 mm de largo, EXPERT",P091,Llaves y juegos,LLAVES COMBINADAS DE ESTRÍAS Y ESPAÑOLAS
13820,LL-2036M,"Llave combinada extralarga 36 mm x 454 mm de largo, EXPERT",P091,Llaves y juegos,LLAVES COMBINADAS DE ESTRÍAS Y ESPAÑOLAS
13821,LL-2038M,"Llave combinada extralarga 38 mm x 467 mm de largo, EXPERT",P091,Llaves y juegos,LLAVES COMBINADAS DE ESTRÍAS Y ESPAÑOLAS
13822,LL-2041M,"Llave combinada extralarga 41 mm x 483 mm de largo, EXPERT",P091,Llaves y juegos,LLAVES COMBINADAS DE ESTRÍAS Y ESPAÑOLAS
15603,LL-2034,"Llave combinada extralarga 1-1/16' x 385 mm de largo, EXPERT",P091,Llaves y juegos,LLAVES COMBINADAS DE ESTRÍAS Y ESPAÑOLAS
15604,LL-2036,"Llave combinada extralarga 1-1/8' x 401 mm de largo, EXPERT",P091,Llaves y juegos,LLAVES COMBINADAS DE ESTRÍAS Y ESPAÑOLAS
15605,LL-2040,"Llave combinada extralarga 1-1/4' x 428 mm de largo, EXPERT",P091,Llaves y juegos,LLAVES COMBINADAS DE ESTRÍAS Y ESPAÑOLAS
15609,LL-2048,"Llave combinada extralarga 1-1/2' x 467 mm de largo, EXPERT",P091,Llaves y juegos,LLAVES COMBINADAS DE ESTRÍAS Y ESPAÑOLAS
15610,LL-2006M,"Llave combinada extralarga 6 mm x 125 mm de largo, EXPERT",P091,Llaves y juegos,LLAVES COMBINADAS DE ESTRÍAS Y ESPAÑOLAS
15611,LL-2007M,"Llave combinada extralarga 7 mm x 135 mm de largo, EXPERT",P091,Llaves y juegos,LLAVES COMBINADAS DE ESTRÍAS Y ESPAÑOLAS
15612,LL-2008M,"Llave combinada extralarga 8 mm x 145 mm de largo, EXPERT",P091,Llaves y juegos,LLAVES COMBINADAS DE ESTRÍAS Y ESPAÑOLAS
15613,LL-2009M,"Llave combinada extralarga 9 mm x 157 mm de largo, EXPERT",P091,Llaves y juegos,LLAVES COMBINADAS DE ESTRÍAS Y ESPAÑOLAS
15614,LL-2010M,"Llave combinada extralarga 10 mm x 164 mm de largo, EXPERT",P091,Llaves y juegos,LLAVES COMBINADAS DE ESTRÍAS Y ESPAÑOLAS
15615,LL-2011M,"Llave combinada extralarga 11 mm x 183 mm de largo, EXPERT",P091,Llaves y juegos,LLAVES COMBINADAS DE ESTRÍAS Y ESPAÑOLAS
15616,LL-2012M,"Llave combinada extralarga 12 mm x 193 mm de largo, EXPERT",P091,Llaves y juegos,LLAVES COMBINADAS DE ESTRÍAS Y ESPAÑOLAS
15617,LL-2013M,"Llave combinada extralarga 13 mm x 202 mm de largo, EXPERT",P091,Llaves y juegos,LLAVES COMBINADAS DE ESTRÍAS Y ESPAÑOLAS
15618,LL-2014M,"Llave combinada extralarga 14 mm x 220 mm de largo, EXPERT",P091,Llaves y juegos,LLAVES COMBINADAS DE ESTRÍAS Y ESPAÑOLAS
15619,LL-2015M,"Llave combinada extralarga 15 mm x 230 mm de largo, EXPERT",P091,Llaves y juegos,LLAVES COMBINADAS DE ESTRÍAS Y ESPAÑOLAS
15620,LL-2016M,"Llave combinada extralarga 16 mm x 240 mm de largo, EXPERT",P091,Llaves y juegos,LLAVES COMBINADAS DE ESTRÍAS Y ESPAÑOLAS
15621,LL-2017M,"Llave combinada extralarga 17 mm x 259 mm de largo, EXPERT",P091,Llaves y juegos,LLAVES COMBINADAS DE ESTRÍAS Y ESPAÑOLAS
15622,LL-2018M,"Llave combinada extralarga 18 mm x 269 mm de largo, EXPERT",P091,Llaves y juegos,LLAVES COMBINADAS DE ESTRÍAS Y ESPAÑOLAS
15623,LL-2019M,"Llave combinada extralarga 19 mm x 278 mm de largo, EXPERT",P091,Llaves y juegos,LLAVES COMBINADAS DE ESTRÍAS Y ESPAÑOLAS
15624,LL-2020M,"Llave combinada extralarga 20 mm x 287 mm de largo, EXPERT",P091,Llaves y juegos,LLAVES COMBINADAS DE ESTRÍAS Y ESPAÑOLAS
15625,LL-2021M,"Llave combinada extralarga 21 mm x 298 mm de largo, EXPERT",P091,Llaves y juegos,LLAVES COMBINADAS DE ESTRÍAS Y ESPAÑOLAS
15626,LL-2022M,"Llave combinada extralarga 22 mm x 316 mm de largo, EXPERT",P091,Llaves y juegos,LLAVES COMBINADAS DE ESTRÍAS Y ESPAÑOLAS
15627,LL-2024M,"Llave combinada extralarga 24 mm x 336 mm de largo, EXPERT",P091,Llaves y juegos,LLAVES COMBINADAS DE ESTRÍAS Y ESPAÑOLAS
15628,LL-2026M,"Llave combinada extralarga 26 mm x 370 mm de largo, EXPERT",P091,Llaves y juegos,LLAVES COMBINADAS DE ESTRÍAS Y ESPAÑOLAS
15629,LL-2027M,"Llave combinada extralarga 27 mm x 385 mm de largo, EXPERT",P091,Llaves y juegos,LLAVES COMBINADAS DE ESTRÍAS Y ESPAÑOLAS
15630,LL-2028M,"Llave combinada extralarga 28 mm x 393 mm de largo, EXPERT",P091,Llaves y juegos,LLAVES COMBINADAS DE ESTRÍAS Y ESPAÑOLAS
15650,LL-2023M,"Llave combinada extralarga 23 mm x 316 mm de largo, EXPERT",P091,Llaves y juegos,LLAVES COMBINADAS DE ESTRÍAS Y ESPAÑOLAS
15651,LL-2025M,"Llave combinada extralarga 25 mm x 355 mm de largo, EXPERT",P091,Llaves y juegos,LLAVES COMBINADAS DE ESTRÍAS Y ESPAÑOLAS
15678,LL-3016,"Llave española, 3/16 x 1/4' x 126 mm de largo, TRUPER EXPERT",P091,Llaves y juegos,LLAVES COMBINADAS DE ESTRÍAS Y ESPAÑOLAS
15680,LL-3018,"Llave española, 1/4 x 5/16' x 126 mm de largo, TRUPER EXPERT",P091,Llaves y juegos,LLAVES COMBINADAS DE ESTRÍAS Y ESPAÑOLAS
15682,LL-3020,"Llave española, 5/16 x 3/8' x 145 mm de largo, TRUPER EXPERT",P091,Llaves y juegos,LLAVES COMBINADAS DE ESTRÍAS Y ESPAÑOLAS
15684,LL-3021,"Llave española, 3/8 x 7/16' x 162 mm de largo, TRUPER EXPERT",P091,Llaves y juegos,LLAVES COMBINADAS DE ESTRÍAS Y ESPAÑOLAS
15686,LL-3025,"Llave española, 7/16 x 1/2' x 181 mm de largo, TRUPER EXPERT",P091,Llaves y juegos,LLAVES COMBINADAS DE ESTRÍAS Y ESPAÑOLAS
15688,LL-3026,"Llave española, 1/2 x 9/16' x 181 mm de largo, TRUPER EXPERT",P091,Llaves y juegos,LLAVES COMBINADAS DE ESTRÍAS Y ESPAÑOLAS
15690,LL-3030,"Llave española, 9/16 x 5/8' x 189 mm de largo, TRUPER EXPERT",P091,Llaves y juegos,LLAVES COMBINADAS DE ESTRÍAS Y ESPAÑOLAS
15692,LL-3031,"Llave española, 5/8 x 3/4' x 220 mm de largo, TRUPER EXPERT",P091,Llaves y juegos,LLAVES COMBINADAS DE ESTRÍAS Y ESPAÑOLAS
15693,LL-3033,"Llave española, 19/32 x 11/16' x 198 mm de largo, EXPERT",P091,Llaves y juegos,LLAVES COMBINADAS DE ESTRÍAS Y ESPAÑOLAS
15694,LL-3034,"Llave española, 5/8 x 11/16' x 198 mm de largo, EXPERT",P091,Llaves y juegos,LLAVES COMBINADAS DE ESTRÍAS Y ESPAÑOLAS
15696,LL-3035,"Llave española, 11/16 x 3/4' x 220 mm de largo, EXPERT",P091,Llaves y juegos,LLAVES COMBINADAS DE ESTRÍAS Y ESPAÑOLAS
15698,LL-3038,"Llave española, 3/4 x 13/16' x 242 mm de largo, EXPERT",P091,Llaves y juegos,LLAVES COMBINADAS DE ESTRÍAS Y ESPAÑOLAS
15699,LL-3039,"Llave española, 3/4 x 7/8' x 242 mm de largo, TRUPER EXPERT",P091,Llaves y juegos,LLAVES COMBINADAS DE ESTRÍAS Y ESPAÑOLAS
15700,LL-3040,"Llave española, 13/16 x 7/8' x 242 mm de largo, EXPERT",P091,Llaves y juegos,LLAVES COMBINADAS DE ESTRÍAS Y ESPAÑOLAS
15702,LL-3045,"Llave española, 15/16 x 1' x 264 mm de largo, TRUPER EXPERT",P091,Llaves y juegos,LLAVES COMBINADAS DE ESTRÍAS Y ESPAÑOLAS
15704,LL-30607,"Llave española 6 x 7 mm x 126 mm de largo, TRUPER EXPERT",P091,Llaves y juegos,LLAVES COMBINADAS DE ESTRÍAS Y ESPAÑOLAS
15706,LL-30809,"Llave española 8 x 9 mm x 145 mm de largo, TRUPER EXPERT",P091,Llaves y juegos,LLAVES COMBINADAS DE ESTRÍAS Y ESPAÑOLAS
15707,LL-30810,"Llave española 8 x 10 x 145 mm de largo, TRUPER EXPERT",P091,Llaves y juegos,LLAVES COMBINADAS DE ESTRÍAS Y ESPAÑOLAS
15708,LL-31011,"Llave española 10 x 11 x 162 mm de largo, TRUPER EXPERT",P091,Llaves y juegos,LLAVES COMBINADAS DE ESTRÍAS Y ESPAÑOLAS
15709,LL-31012,"Llave española 10 x 12 x 162 mm de largo, TRUPER EXPERT",P091,Llaves y juegos,LLAVES COMBINADAS DE ESTRÍAS Y ESPAÑOLAS
15710,LL-31213,"Llave española 12 x 13 x 181 mm de largo, TRUPER EXPERT",P091,Llaves y juegos,LLAVES COMBINADAS DE ESTRÍAS Y ESPAÑOLAS
15712,LL-31415,"Llave española 14 x 15 x 189 mm de largo, TRUPER EXPERT",P091,Llaves y juegos,LLAVES COMBINADAS DE ESTRÍAS Y ESPAÑOLAS
15714,LL-31617,"Llave española 16 x 17 x 198 mm de largo, TRUPER EXPERT",P091,Llaves y juegos,LLAVES COMBINADAS DE ESTRÍAS Y ESPAÑOLAS
15716,LL-31819,"Llave española 18 x 19 x 220 mm de largo, TRUPER EXPERT",P091,Llaves y juegos,LLAVES COMBINADAS DE ESTRÍAS Y ESPAÑOLAS
15717,LL-31922,"Llave española 19 x 22 x 242 mm de largo, TRUPER EXPERT",P091,Llaves y juegos,LLAVES COMBINADAS DE ESTRÍAS Y ESPAÑOLAS
15742,LL-2008MX,"Llave combinada con matraca 8 mm x 136 mm largo, EXPERT",P091,Llaves y juegos,LLAVES COMBINADAS DE ESTRÍAS Y ESPAÑOLAS
15743,LL-2010MX,"Llave combinada con matraca 10 mm x 154 mm largo, EXPERT",P091,Llaves y juegos,LLAVES COMBINADAS DE ESTRÍAS Y ESPAÑOLAS
15744,LL-2012MX,"Llave combinada con matraca 12 mm x 166 mm largo, EXPERT",P091,Llaves y juegos,LLAVES COMBINADAS DE ESTRÍAS Y ESPAÑOLAS
15745,LL-2013MX,"Llave combinada con matraca 13 mm x 174 mm largo, EXPERT",P091,Llaves y juegos,LLAVES COMBINADAS DE ESTRÍAS Y ESPAÑOLAS
15746,LL-2014MX,"Llave combinada con matraca 14 mm x 186 mm largo, EXPERT",P091,Llaves y juegos,LLAVES COMBINADAS DE ESTRÍAS Y ESPAÑOLAS
15747,LL-2015MX,"Llave combinada con matraca 15 mm x 194 mm largo, EXPERT",P091,Llaves y juegos,LLAVES COMBINADAS DE ESTRÍAS Y ESPAÑOLAS
15748,LL-2018MX,"Llave combinada con matraca 18 mm x 230 mm largo, EXPERT",P091,Llaves y juegos,LLAVES COMBINADAS DE ESTRÍAS Y ESPAÑOLAS
15749,LL-2019MX,"Llave combinada con matraca 19 mm x 237 mm largo, EXPERT",P091,Llaves y juegos,LLAVES COMBINADAS DE ESTRÍAS Y ESPAÑOLAS
15750,LL-8180,"Llave de estrías 3/8 x 7/16' x 181 mm largo, TRUPER EXPERT",P091,Llaves y juegos,LLAVES COMBINADAS DE ESTRÍAS Y ESPAÑOLAS
15751,LL-8181,"Llave de estrías 1/2 x 9/16' x 205 mm largo, TRUPER EXPERT",P091,Llaves y juegos,LLAVES COMBINADAS DE ESTRÍAS Y ESPAÑOLAS
15752,LL-8182,"Llave de estrías 5/8 x 11/16' x 236 mm largo, TRUPER EXPERT",P091,Llaves y juegos,LLAVES COMBINADAS DE ESTRÍAS Y ESPAÑOLAS
15753,LL-8184,"Llave de estrías 3/4 x 7/8' x 291 mm largo, TRUPER EXPERT",P091,Llaves y juegos,LLAVES COMBINADAS DE ESTRÍAS Y ESPAÑOLAS
15754,LL-8185,"Llave de estrías 15/16 x 1' x 361 mm largo, TRUPER EXPERT",P091,Llaves y juegos,LLAVES COMBINADAS DE ESTRÍAS Y ESPAÑOLAS
15755,LL-8183,"Llave de estrías 25/32 x 13/16' x 291mm largo, TRUPER EXPERT",P091,Llaves y juegos,LLAVES COMBINADAS DE ESTRÍAS Y ESPAÑOLAS
15760,LL-80911,"Llave de estrías 9 x 11 x 181 mm largo, TRUPER EXPERT",P091,Llaves y juegos,LLAVES COMBINADAS DE ESTRÍAS Y ESPAÑOLAS
15761,LL-81011,"Llave de estrías 10 x 11 x 181 mm largo, TRUPER EXPERT",P091,Llaves y juegos,LLAVES COMBINADAS DE ESTRÍAS Y ESPAÑOLAS
15762,LL-81314,"Llave de estrías 13 x 14 x 231 mm largo, TRUPER EXPERT",P091,Llaves y juegos,LLAVES COMBINADAS DE ESTRÍAS Y ESPAÑOLAS
15763,LL-81617,"Llave de estrías 16 x 17 x 236 mm largo, TRUPER EXPERT",P091,Llaves y juegos,LLAVES COMBINADAS DE ESTRÍAS Y ESPAÑOLAS
15764,LL-81922,"Llave de estrías 19 x 22 x 291 mm largo, TRUPER EXPERT",P091,Llaves y juegos,LLAVES COMBINADAS DE ESTRÍAS Y ESPAÑOLAS
15765,LL-82426,"Llave de estrías 24 x 26 x 361 mm largo, TRUPER EXPERT",P091,Llaves y juegos,LLAVES COMBINADAS DE ESTRÍAS Y ESPAÑOLAS
21900,LL-2006MP,"Llave combinada 6 mm x 100 mm de largo, PRETUL",P091,Llaves y juegos,LLAVES COMBINADAS DE ESTRÍAS Y ESPAÑOLAS
21901,LL-2007MP,"Llave combinada 7 mm x 110 mm de largo, PRETUL",P091,Llaves y juegos,LLAVES COMBINADAS DE ESTRÍAS Y ESPAÑOLAS
21902,LL-2008MP,"Llave combinada 8 mm x 120 mm de largo, PRETUL",P091,Llaves y juegos,LLAVES COMBINADAS DE ESTRÍAS Y ESPAÑOLAS
21903,LL-2009MP,"Llave combinada 9 mm x 130 mm de largo, PRETUL",P091,Llaves y juegos,LLAVES COMBINADAS DE ESTRÍAS Y ESPAÑOLAS
21904,LL-2010MP,"Llave combinada 10 mm x 140 mm de largo, PRETUL",P091,Llaves y juegos,LLAVES COMBINADAS DE ESTRÍAS Y ESPAÑOLAS
21905,LL-2011MP,"Llave combinada 11 mm x 150 mm de largo, PRETUL",P091,Llaves y juegos,LLAVES COMBINADAS DE ESTRÍAS Y ESPAÑOLAS
21906,LL-2012MP,"Llave combinada 12 mm x 160 mm de largo, PRETUL",P091,Llaves y juegos,LLAVES COMBINADAS DE ESTRÍAS Y ESPAÑOLAS
21907,LL-2013MP,"Llave combinada 13 mm x 170 mm de largo, PRETUL",P091,Llaves y juegos,LLAVES COMBINADAS DE ESTRÍAS Y ESPAÑOLAS
21908,LL-2014MP,"Llave combinada 14 mm x 180 mm de largo, PRETUL",P091,Llaves y juegos,LLAVES COMBINADAS DE ESTRÍAS Y ESPAÑOLAS
21909,LL-2015MP,"Llave combinada 15 mm x 190 mm de largo, PRETUL",P091,Llaves y juegos,LLAVES COMBINADAS DE ESTRÍAS Y ESPAÑOLAS
21910,LL-2016MP,"Llave combinada 16 mm x 200 mm de largo, PRETUL",P091,Llaves y juegos,LLAVES COMBINADAS DE ESTRÍAS Y ESPAÑOLAS
21911,LL-2017MP,"Llave combinada 17 mm x 210 mm de largo, PRETUL",P091,Llaves y juegos,LLAVES COMBINADAS DE ESTRÍAS Y ESPAÑOLAS
21912,LL-2018MP,"Llave combinada 18 mm x 220 mm de largo, PRETUL",P091,Llaves y juegos,LLAVES COMBINADAS DE ESTRÍAS Y ESPAÑOLAS
21913,LL-2019MP,"Llave combinada 19 mm x 230 mm de largo, PRETUL",P091,Llaves y juegos,LLAVES COMBINADAS DE ESTRÍAS Y ESPAÑOLAS
21950,LL-3018P,"Llave española, 1/4 x 5/16' x 122 mm de largo, PRETUL",P091,Llaves y juegos,LLAVES COMBINADAS DE ESTRÍAS Y ESPAÑOLAS
21951,LL-3020P,"Llave española, 5/16 x 3/8' x 140 mm de largo, PRETUL",P091,Llaves y juegos,LLAVES COMBINADAS DE ESTRÍAS Y ESPAÑOLAS
21952,LL-3021P,"Llave española, 3/8 x 7/16' x 157 mm de largo, PRETUL",P091,Llaves y juegos,LLAVES COMBINADAS DE ESTRÍAS Y ESPAÑOLAS
21953,LL-3025P,"Llave española, 7/16 x 1/2' x 172 mm de largo, PRETUL",P091,Llaves y juegos,LLAVES COMBINADAS DE ESTRÍAS Y ESPAÑOLAS
21954,LL-3026P,"Llave española, 1/2 x 9/16' x 172 mm de largo, PRETUL",P091,Llaves y juegos,LLAVES COMBINADAS DE ESTRÍAS Y ESPAÑOLAS
21955,LL-3030P,"Llave española, 9/16 x 5/8' x 185 mm de largo, PRETUL",P091,Llaves y juegos,LLAVES COMBINADAS DE ESTRÍAS Y ESPAÑOLAS
21956,LL-3031P,"Llave española, 5/8 x 3/4' x 221 mm de largo, PRETUL",P091,Llaves y juegos,LLAVES COMBINADAS DE ESTRÍAS Y ESPAÑOLAS
21971,LL-30809MP,"Llave española 8 x 9 mm x 140 mm de largo, PRETUL",P091,Llaves y juegos,LLAVES COMBINADAS DE ESTRÍAS Y ESPAÑOLAS
21972,LL-31011MP,"Llave española 10 x 11 mm x 157 mm de largo, PRETUL",P091,Llaves y juegos,LLAVES COMBINADAS DE ESTRÍAS Y ESPAÑOLAS
21973,LL-31213MP,"Llave española 12 x 13 mm x 172 mm de largo, PRETUL",P091,Llaves y juegos,LLAVES COMBINADAS DE ESTRÍAS Y ESPAÑOLAS
21974,LL-31415MP,"Llave española 14 x 15 mm x 185 mm de largo, PRETUL",P091,Llaves y juegos,LLAVES COMBINADAS DE ESTRÍAS Y ESPAÑOLAS
15756,LL-8186,"Llave de estrías 1-1/16 x 1-1/8' x 407 mm largo, EXPERT",P091,Llaves y juegos,LLAVES COMBINADAS DE ESTRÍAS Y ESPAÑOLAS
100655,T-460-12B,"Machete rambo 12', cacha inyectada negra, TRUPER",P092,Machetes,CAZANGAS
10256,T-460-18BB,"Machete estándar 18' cacha negra inyectada, en bolsa, TRUPER",P092,Machetes,CAZANGAS
103015,MACH-10X,"Machete doble filo 10', cacha inyectada, con funda, TRUPER",P092,Machetes,CAZANGAS
103827,MACH-14X,"Machete doble filo 14', cacha inyectada, con funda, TRUPER",P092,Machetes,CAZANGAS
11638,T-898-D,"Machete huixtla corte derecho, largo 25', TRUPER",P092,Machetes,CAZANGAS
11639,T-898-I,"Machete huixtla corte izquierdo, largo 25', TRUPER",P092,Machetes,CAZANGAS
13098,MACH-18X,"Machete doble filo 18', cacha inyectada, con funda, TRUPER",P092,Machetes,CAZANGAS
15860,T-1173-27B,"Machete Caguayano 27' cacha negra inyectada, TRUPER",P092,Machetes,CAZANGAS
15861,T-905-24B,"Machete acapulqueño de 24' cacha negra inyectada, TRUPER",P092,Machetes,CAZANGAS
15862,T-905-27B,"Machete acapulqueño de 27' cacha negra inyectada, TRUPER",P092,Machetes,CAZANGAS
15863,T-460-14B,"Machete estándar 14' cacha negra inyectada, TRUPER",P092,Machetes,CAZANGAS
15864,T-460-16B,"Machete estándar 16' cacha negra inyectada, TRUPER",P092,Machetes,CAZANGAS
15865,T-460-18B,"Machete estándar 18' cacha negra inyectada, TRUPER",P092,Machetes,CAZANGAS
15866,T-460-20B,"Machete estándar 20' cacha negra inyectada, TRUPER",P092,Machetes,CAZANGAS
15867,T-460-22B,"Machete estándar 22' cacha negra inyectada, TRUPER",P092,Machetes,CAZANGAS
15868,T-460-24B,"Machete estándar 24' cacha negra inyectada, TRUPER",P092,Machetes,CAZANGAS
15869,T-460-26B,"Machete estándar 26' cacha negra inyectada, TRUPER",P092,Machetes,CAZANGAS
15870,T-460-12XB,"Machete rambo 12', cacha inyectada negra, con funda, TRUPER",P092,Machetes,CAZANGAS
15871,T-905-22P,"Machete acapulqueño de 22' cacha naranja, TRUPER",P092,Machetes,CAZANGAS
15873,T-1173-24P,"Machete Caguayano 24' cacha naranja remachada, TRUPER",P092,Machetes,CAZANGAS
15874,T-1173-24B,"Machete Caguayano 24' cacha negra inyectada, TRUPER",P092,Machetes,CAZANGAS
15875,MARA-R,"Machete ranchero 16' recto, TRUPER",P092,Machetes,CAZANGAS
15876,MARA-C,"Machete ranchero 16' curvo, TRUPER",P092,Machetes,CAZANGAS
15880,T-1173-27P,"Machete Caguayano 27' cacha naranja remachada, TRUPER",P092,Machetes,CAZANGAS
15881,T-905-24P,"Machete acapulqueño de 24' cacha naranja, TRUPER",P092,Machetes,CAZANGAS
15882,T-905-27P,"Machete acapulqueño de 27' cacha naranja, TRUPER",P092,Machetes,CAZANGAS
15883,T-460-14P,"Machete estándar 14' cacha naranja remachada, TRUPER",P092,Machetes,CAZANGAS
15884,T-460-16P,"Machete estándar 16' cacha naranja remachada, TRUPER",P092,Machetes,CAZANGAS
15885,T-460-18P,"Machete estándar 18' cacha naranja remachada, TRUPER",P092,Machetes,CAZANGAS
15886,T-460-20P,"Machete estándar 20' cacha naranja remachada, TRUPER",P092,Machetes,CAZANGAS
15887,T-460-22P,"Machete estándar 22' cacha naranja remachada, TRUPER",P092,Machetes,CAZANGAS
15888,T-460-24P,"Machete estándar 24' cacha naranja remachada, TRUPER",P092,Machetes,CAZANGAS
15889,T-460-26P,"Machete estándar 26' cacha naranja remachada, TRUPER",P092,Machetes,CAZANGAS
15890,T-460-12X,"Machete rambo 12',cacha remachada naranja, con funda, TRUPER",P092,Machetes,CAZANGAS
15892,T-460-18PB,"Machete estándar 18' cacha naranja remachada, en bolsa",P092,Machetes,CAZANGAS
16127,T-1173-24N,"Machete Caguayano 24' cacha naranja inyectada, TRUPER",P092,Machetes,CAZANGAS
16141,T-1173-27N,"Machete Caguayano 27' cacha naranja inyectada, TRUPER",P092,Machetes,CAZANGAS
100654,T-460-12,"Machete rambo 12', cacha remachada naranja, TRUPER",P092,Machetes,CAZANGAS
103957,CZN-26,"Cazanga 26', sin mango, TRUPER",P092,Machetes,CAZANGAS
103958,CZN-20,"Cazanga 20', sin mango, TRUPER",P092,Machetes,CAZANGAS
15857,CZN-12,"Cazanga 12', sin mango, TRUPER",P092,Machetes,CAZANGAS
15858,CZN-18,"Cazanga 18', sin mango, TRUPER",P092,Machetes,CAZANGAS
15859,CZN-22,"Cazanga 22', sin mango, TRUPER",P092,Machetes,CAZANGAS
15891,MARE-18,"Machete punta recta 18', cacha inyectada, TRUPER",P092,Machetes,CAZANGAS
15893,MACH-18,"Machete doble filo 18', cacha atornillada, funda de cartón",P092,Machetes,CAZANGAS
13070,TA-850,"Juego de 4 tarrajas para tubo de 1/2' a 1', TRUPER",P093,Machuelos y tarrajas,MACHUELOS Y MANERALES
14341,D-852-1/2X,"Dado de 1/2' para tarrajas T-852X, TRUPER EXPERT",P093,Machuelos y tarrajas,MACHUELOS Y MANERALES
14379,D-852-3/4X,"Dado de 3/4' para tarrajas T-852X, TRUPER EXPERT",P093,Machuelos y tarrajas,MACHUELOS Y MANERALES
14612,P-852-1/2X,"Juego de 4 peines de 1/2' para tarrajas T-852X, EXPERT",P093,Machuelos y tarrajas,MACHUELOS Y MANERALES
14616,P-852-1X,"Juego de 4 peines de 1' para tarrajas T-852X, EXPERT",P093,Machuelos y tarrajas,MACHUELOS Y MANERALES
14620,P-852-2X,"Juego de 4 peines de 2' para tarrajas T-852X, EXPERT",P093,Machuelos y tarrajas,MACHUELOS Y MANERALES
11403,MT-3/16X24,"Machuelo semicónico 3/16' x 24 cuerda gruesa, TRUPER",P093,Machuelos y tarrajas,MACHUELOS Y MANERALES
11404,MT-3/16X32,"Machuelo semicónico 3/16' x 32 cuerda fina, TRUPER",P093,Machuelos y tarrajas,MACHUELOS Y MANERALES
11405,MT-1/4X20,"Machuelo semicónico 1/4' x 20 cuerda gruesa, TRUPER",P093,Machuelos y tarrajas,MACHUELOS Y MANERALES
11406,MT-1/4X28,"Machuelo semicónico 1/4' x 28 cuerda fina, TRUPER",P093,Machuelos y tarrajas,MACHUELOS Y MANERALES
11407,MT-5/16X18,"Machuelo semicónico 5/16' x 18 cuerda gruesa, TRUPER",P093,Machuelos y tarrajas,MACHUELOS Y MANERALES
11408,MT-5/16X24,"Machuelo semicónico 5/16' x 24 cuerda fina, TRUPER",P093,Machuelos y tarrajas,MACHUELOS Y MANERALES
11409,MT-3/8X16,"Machuelo semicónico 3/8' x 16 cuerda gruesa, TRUPER",P093,Machuelos y tarrajas,MACHUELOS Y MANERALES
11410,MT-3/8X24,"Machuelo semicónico 3/8'x 24 cuerda fina, TRUPER",P093,Machuelos y tarrajas,MACHUELOS Y MANERALES
11411,MT-7/16X14,"Machuelo semicónico 7/16' x 14 cuerda gruesa, TRUPER",P093,Machuelos y tarrajas,MACHUELOS Y MANERALES
11412,MT-7/16X20,"Machuelo semicónico 7/16' x 20 cuerda fina, TRUPER",P093,Machuelos y tarrajas,MACHUELOS Y MANERALES
11413,MT-1/2X13,"Machuelo semicónico 1/2' x 13 cuerda gruesa, TRUPER",P093,Machuelos y tarrajas,MACHUELOS Y MANERALES
11414,MT-1/2X20,"Machuelo semicónico 1/2' x 20 cuerda fina, TRUPER",P093,Machuelos y tarrajas,MACHUELOS Y MANERALES
11415,MT-1/8X40,"Machuelo semicónico 1/8' x 40 cuerda gruesa, TRUPER",P093,Machuelos y tarrajas,MACHUELOS Y MANERALES
11416,MT-1/8X44,"Machuelo semicónico 1/8' x 44 cuerda fina, TRUPER",P093,Machuelos y tarrajas,MACHUELOS Y MANERALES
11417,MT-5/32X32,"Machuelo semicónico 5/32' x 32 cuerda gruesa, TRUPER",P093,Machuelos y tarrajas,MACHUELOS Y MANERALES
11418,MT-5/32X36,"Machuelo semicónico 5/32' x 36 cuerda fina, TRUPER",P093,Machuelos y tarrajas,MACHUELOS Y MANERALES
11419,MT-7/32X24,"Machuelo semicónico 7/32' x 24 cuerda gruesa, TRUPER",P093,Machuelos y tarrajas,MACHUELOS Y MANERALES
11420,MT-7/32X32,"Machuelo semicónico 7/32' x 32, cuerda fina, TRUPER",P093,Machuelos y tarrajas,MACHUELOS Y MANERALES
11421,MT-9/16X12,"Machuelo semicónico 9/16'x12 UNC, estuche individual, TRUPER",P093,Machuelos y tarrajas,MACHUELOS Y MANERALES
11422,MT-9/16X18,"Machuelo semicónico 9/16'x18 UNF, estuche individual, TRUPER",P093,Machuelos y tarrajas,MACHUELOS Y MANERALES
11423,MT-5/8X11,"Machuelo semicónico 5/8'x11 UNC, estuche individual, TRUPER",P093,Machuelos y tarrajas,MACHUELOS Y MANERALES
11424,MT-5/8X18,"Machuelo semicónico 5/8'x18 UNF, estuche individual, TRUPER",P093,Machuelos y tarrajas,MACHUELOS Y MANERALES
11425,MT-3/4X10,"Machuelo semicónico 3/4'x10 UNC, estuche individual, TRUPER",P093,Machuelos y tarrajas,MACHUELOS Y MANERALES
11426,MT-3/4X16,"Machuelo semicónico 3/4'x16 UNF, estuche individual, TRUPER",P093,Machuelos y tarrajas,MACHUELOS Y MANERALES
11434,MAN-GA-1/4,"Maneral tipo garrote para machuelo 1/4', TRUPER",P093,Machuelos y tarrajas,MACHUELOS Y MANERALES
11435,MAN-GA-3/8,"Maneral tipo garrote para machuelo 3/8', TRUPER",P093,Machuelos y tarrajas,MACHUELOS Y MANERALES
11436,MAN-GA-1/2,"Maneral tipo garrote para machuelo 1/2', TRUPER",P093,Machuelos y tarrajas,MACHUELOS Y MANERALES
11437,MAN-GA-3/4,"Maneral tipo garrote para machuelo 3/4', TRUPER",P093,Machuelos y tarrajas,MACHUELOS Y MANERALES
11438,MAN-T-3/16,"Maneral en T para machuelo 3/16', TRUPER",P093,Machuelos y tarrajas,MACHUELOS Y MANERALES
11439,MAN-T-1/4,"Maneral en T para machuelo 1/4', TRUPER",P093,Machuelos y tarrajas,MACHUELOS Y MANERALES
11440,MAN-T-1/2,"Maneral en T para machuelo 1/2', TRUPER",P093,Machuelos y tarrajas,MACHUELOS Y MANERALES
11442,J-MATA-40,"Juego de 40 piezas de machuelos y tarrajas, TRUPER",P093,Machuelos y tarrajas,MACHUELOS Y MANERALES
11443,J-MATA-60,"Juego de 60 piezas de machuelos y tarrajas, TRUPER",P093,Machuelos y tarrajas,MACHUELOS Y MANERALES
12443,J-MATA-76,"Juego de 76 piezas de machuelos y tarrajas, TRUPER",P093,Machuelos y tarrajas,MACHUELOS Y MANERALES
13071,TA-851,"Juego de 9 tarrajas para tubo de 1/2' a 2', TRUPER",P093,Machuelos y tarrajas,MACHUELOS Y MANERALES
13074,D-850-1/2,"Dado 1/2' para tarrajas TA-850 y TA-851, TRUPER",P093,Machuelos y tarrajas,MACHUELOS Y MANERALES
13075,P-850-1/2,"Juego de 4 peines 1/2' para tarrajas TA-850 y TA-851, TRUPER",P093,Machuelos y tarrajas,MACHUELOS Y MANERALES
13076,D-850-3/4,"Dado 3/4' para tarrajas TA-850 y TA-851, TRUPER",P093,Machuelos y tarrajas,MACHUELOS Y MANERALES
13078,D-850-1,"Dado 1' para tarrajas TA-850 y TA-851, TRUPER",P093,Machuelos y tarrajas,MACHUELOS Y MANERALES
13079,P-850-1,"Juego de 4 peines 1' para tarrajas TA-850 y TA-851, TRUPER",P093,Machuelos y tarrajas,MACHUELOS Y MANERALES
13084,D-850-2,"Dado 2' para tarrajas TA-850 y TA-851, TRUPER",P093,Machuelos y tarrajas,MACHUELOS Y MANERALES
13085,P-850-2,"Juego de 4 peines 2' para tarrajas TA-850 y TA-851, TRUPER",P093,Machuelos y tarrajas,MACHUELOS Y MANERALES
13086,CA-850,"Cabezal para dados TA-850, TRUPER",P093,Machuelos y tarrajas,MACHUELOS Y MANERALES
13087,CA-851,"Cabezal para dados TA-851, TRUPER",P093,Machuelos y tarrajas,MACHUELOS Y MANERALES
14339,CA-852X,"Cabezal para dados T-852X, con maneral, TRUPER EXPERT",P093,Machuelos y tarrajas,MACHUELOS Y MANERALES
13077,P-850-3/4,"Juego de 4 peines 3/4' para tarrajas TA-850 y TA-851, TRUPER",P093,Machuelos y tarrajas,MACHUELOS Y MANERALES
14504,D-852-1-1/4X,"Dado de 1-1/4' para tarrajas T-852X, TRUPER EXPERT",P093,Machuelos y tarrajas,MACHUELOS Y MANERALES
14507,D-852-1-1/2X,"Dado de 1-1/2' para tarrajas T-852X, TRUPER EXPERT",P093,Machuelos y tarrajas,MACHUELOS Y MANERALES
14617,P-852-1-1/4X,"Juego de 4 peines de 1-1/4' para tarrajas T-852X, EXPERT",P093,Machuelos y tarrajas,MACHUELOS Y MANERALES
14619,P-852-1-1/2X,"Juego de 4 peines de 1-1/2' para tarrajas T-852X, EXPERT",P093,Machuelos y tarrajas,MACHUELOS Y MANERALES
13080,D-850-1-1/4,"Dado 1-1/4' para tarrajas TA-850 y TA-851, TRUPER",P093,Machuelos y tarrajas,MACHUELOS Y MANERALES
13081,P-850-1-1/4,Juego de 4 peines 1-1/4' para tarrajas TA-850 y TA-851,P093,Machuelos y tarrajas,MACHUELOS Y MANERALES
13082,D-850-1-1/2,"Dado 1-1/2' para tarrajas TA-850 y TA-851, TRUPER",P093,Machuelos y tarrajas,MACHUELOS Y MANERALES
13083,P-850-1-1/2,Juego de 4 peines 1-1/2' para tarrajas TA-850 y TA-851,P093,Machuelos y tarrajas,MACHUELOS Y MANERALES
43665,DUP-200,"Duplicadora de llaves, 6 tipos, HERMEX",P148,Máquina duplicadora de llaves,DUPLICADORAS DE LLAVES
42666,DUP-310,"Duplicadora de 10 tipos de llaves, tipo torno, HERMEX",P148,Máquina duplicadora de llaves,DUPLICADORAS DE LLAVES
42667,DUP-410,"Duplicadora de 8 tipos de llaves, tipo taladro, HERMEX",P148,Máquina duplicadora de llaves,DUPLICADORAS DE LLAVES
43668,CB-DUP-200,"Bolsa con 2 carbones de repuesto para DUP-200, HERMEX",P211,Máquinas duplicadora llaves (refacciones),DUPLICADORAS DE LLAVES
43755,CUT-DUP-200-V,"Disco cortador para DUP-200, V, HERMEX",P211,Máquinas duplicadora llaves (refacciones),DUPLICADORAS DE LLAVES
43756,CUT-DUP-300-U,"Disco cortador para DUP-300, U, HERMEX",P211,Máquinas duplicadora llaves (refacciones),DUPLICADORAS DE LLAVES
43757,CUT-DUP-300-V,"Disco cortador para DUP-300,V, HERMEX",P211,Máquinas duplicadora llaves (refacciones),DUPLICADORAS DE LLAVES
43761,CUT-DUP-400-105,"Cortador y guía para DUP-400, 105°, HERMEX",P211,Máquinas duplicadora llaves (refacciones),DUPLICADORAS DE LLAVES
43762,CUT-DUP-400-2.5,"Cortador y guía para DUP-400, 2.5 mm, HERMEX",P211,Máquinas duplicadora llaves (refacciones),DUPLICADORAS DE LLAVES
43763,CUT-DUP-400-3,"Cortador y guía para DUP-400, 3 mm, HERMEX",P211,Máquinas duplicadora llaves (refacciones),DUPLICADORAS DE LLAVES
43764,CUT-DUP-400-5,"Cortador y guía para DUP-400, 5 mm, HERMEX",P211,Máquinas duplicadora llaves (refacciones),DUPLICADORAS DE LLAVES
43765,CUT-DUP-400-95,"Cortador y guía para DUP-400 95°, HERMEX",P211,Máquinas duplicadora llaves (refacciones),DUPLICADORAS DE LLAVES
43766,CUT-DUP-400-V,"Cortador y guía 'V' para DUP-410, HERMEX",P211,Máquinas duplicadora llaves (refacciones),DUPLICADORAS DE LLAVES
43767,CUT-DUP-400-W,"Cortador y guía 'W' para DUP-410, HERMEX",P211,Máquinas duplicadora llaves (refacciones),DUPLICADORAS DE LLAVES
43788,CUT-DUP-310-U,"Disco cortador para DUP-310, U, HERMEX",P211,Máquinas duplicadora llaves (refacciones),DUPLICADORAS DE LLAVES
43789,CUT-DUP-310-V,"Disco cortador para DUP-310, V, HERMEX",P211,Máquinas duplicadora llaves (refacciones),DUPLICADORAS DE LLAVES
43800,CUT-DUP-V,"Disco cortador para DUP-200 y DUP-300, V, HERMEX",P211,Máquinas duplicadora llaves (refacciones),DUPLICADORAS DE LLAVES
103955,ASPI-20A,"Aspiradora, 20V, 1 batería 2Ah, TRUPER PRO",P418,Máquinas inalámbricas,MAQUINAS PORTATILES INALAMBRICAS
102235,MAXCOM-20,"Combo rotomartillo y destornillador de impacto, 20V, MAX",P418,Máquinas inalámbricas,MAQUINAS PORTATILES INALAMBRICAS
29020,COMBO-20P,"Combo rotomartillo/dest + dest/impacto, 20V, PRETUL",P418,Máquinas inalámbricas,MAQUINAS PORTATILES INALAMBRICAS
103392,COMBO-20A2,"Combo rotomartillo/dest + dest/impacto, 20V, TRUPER PRO",P418,Máquinas inalámbricas,MAQUINAS PORTATILES INALAMBRICAS
28269,DIMI-20P,"Destornillador de impacto 1/4', 20V, 1 batería 2Ah, PRETUL",P418,Máquinas inalámbricas,MAQUINAS PORTATILES INALAMBRICAS
103253,DIMI-20A2,"Destornillador de impacto 1/4', 20V, 1 batería 2Ah, PRO",P418,Máquinas inalámbricas,MAQUINAS PORTATILES INALAMBRICAS
103254,DIMI-20AS,"Destornillador de impacto 1/4', 20V, sin accesorios, PRO",P418,Máquinas inalámbricas,MAQUINAS PORTATILES INALAMBRICAS
101402,MAX-20D,"Destornillador de impacto, 20V, 2 baterías 2Ah, MAX",P418,Máquinas inalámbricas,MAQUINAS PORTATILES INALAMBRICAS
101406,MAX-20DS,"Destornillador de impacto, 20V, sin accesorios, MAX",P418,Máquinas inalámbricas,MAQUINAS PORTATILES INALAMBRICAS
103640,MAX-20EPS,"Esmeriladora 4-1/2' 20V, int. paleta, s/accesorios, MAX",P418,Máquinas inalámbricas,MAQUINAS PORTATILES INALAMBRICAS
102449,MAX-20E,"Esmeriladora 4-1/2', 20V, 1 batería 4Ah, MAX",P418,Máquinas inalámbricas,MAQUINAS PORTATILES INALAMBRICAS
28267,ESMI-20P,"Esmeriladora 4-1/2', 20V, 1 batería 4Ah, PRETUL",P418,Máquinas inalámbricas,MAQUINAS PORTATILES INALAMBRICAS
102872,ESMI-20A,"Esmeriladora 4-1/2', 20V, 1 batería 4Ah, TRUPER PRO",P418,Máquinas inalámbricas,MAQUINAS PORTATILES INALAMBRICAS
103639,MAX-20EP,"Esmeriladora 4-1/2', 20V, int. paleta, 1 batería 4Ah, MAX",P418,Máquinas inalámbricas,MAQUINAS PORTATILES INALAMBRICAS
103233,MAX-20ES,"Esmeriladora 4-1/2', 20V, s/accesorios, TRUPER MAX",P418,Máquinas inalámbricas,MAQUINAS PORTATILES INALAMBRICAS
103255,ESMI-20AS,"Esmeriladora 4-1/2', 20V, sin accesorios, TRUPER PRO",P418,Máquinas inalámbricas,MAQUINAS PORTATILES INALAMBRICAS
102271,MOTO-AI,"Herramienta rotativa inalámbrica 7.2V, TRUPER PRO",P418,Máquinas inalámbricas,MAQUINAS PORTATILES INALAMBRICAS
104020,COMP-15I,"Inflador de aire inalámbrico portátil 150 PSI, TRUPER",P502,Accesorios para auto,MAQUINAS PORTATILES INALAMBRICAS
29074,INFI-20P,"Inflador inalámbrico portátil, 20 V para auto, PRETUL",P418,Máquinas inalámbricas,MAQUINAS PORTATILES INALAMBRICAS
19999,COMP-12,"Inflador portátil 12 V para auto, con linterna LED, TRUPER",P502,Accesorios para auto,MAQUINAS PORTATILES INALAMBRICAS
21689,COMP-12P,"Inflador portátil para auto, 12 V, PRETUL",P502,Accesorios para auto,MAQUINAS PORTATILES INALAMBRICAS
29073,COMPI-20P,"Inflador/soplador para auto, 20V, 1 batería 2Ah, PRETUL",P418,Máquinas inalámbricas,MAQUINAS PORTATILES INALAMBRICAS
29000,ROTI-20P2K,"Kit rotomartillo/destornillador 1/2', 20V, 32 acc., PRETUL",P418,Máquinas inalámbricas,MAQUINAS PORTATILES INALAMBRICAS
29001,TALI-20P2K,"Kit taladro/destornillador 1/2', 20V, 32 accesorios, PRETUL",P418,Máquinas inalámbricas,MAQUINAS PORTATILES INALAMBRICAS
27120,TALI-12PK2,"Kit taladro/destornillador 3/8', 12V, 33, PRETUL",P418,Máquinas inalámbricas,MAQUINAS PORTATILES INALAMBRICAS
28271,LIRI-20P,"Lijadora roto-orbital 5', 20V, 1 batería 2Ah, PRETUL",P418,Máquinas inalámbricas,MAQUINAS PORTATILES INALAMBRICAS
102863,LIRI-20A,"Lijadora roto-orbital 5', 20V, 1 batería 2Ah, TRUPER PRO",P418,Máquinas inalámbricas,MAQUINAS PORTATILES INALAMBRICAS
103261,LIRI-20AS,"Lijadora roto-orbital 5', 20V, sin accesorios, TRUPER PRO",P418,Máquinas inalámbricas,MAQUINAS PORTATILES INALAMBRICAS
101403,MAX-20L,"Llave de impacto 1/2', 20V, 155 lb/ft, 1 batería 4Ah, MAX",P418,Máquinas inalámbricas,MAQUINAS PORTATILES INALAMBRICAS
28268,LIMI-20P,"Llave de impacto 1/2', 20V, 155 lb/ft, 1 batería 4Ah, PRETUL",P418,Máquinas inalámbricas,MAQUINAS PORTATILES INALAMBRICAS
101407,MAX-20LS,"Llave de impacto 1/2', 20V, 155 lb/ft, sin accesorios, MAX",P418,Máquinas inalámbricas,MAQUINAS PORTATILES INALAMBRICAS
103251,LIMI-20A2,"Llave de impacto 1/2', 20V, 184 lb/ft, 1 batería 4Ah, PRO",P418,Máquinas inalámbricas,MAQUINAS PORTATILES INALAMBRICAS
103252,LIMI-20AS,"Llave de impacto 1/2', 20V, 184 lb/ft, sin accesorios, PRO",P418,Máquinas inalámbricas,MAQUINAS PORTATILES INALAMBRICAS
29010,PIPI-20P,"Pistola para pintar, 20V, 1 batería 2Ah, PRETUL",P418,Máquinas inalámbricas,MAQUINAS PORTATILES INALAMBRICAS
101453,MAX-20R,"Rotomartillo 1/2', 20V, 2 baterías 2Ah, MAX",P418,Máquinas inalámbricas,MAQUINAS PORTATILES INALAMBRICAS
101405,MAX-20RS,"Rotomartillo 1/2', 20V, sin accesorios, MAX",P418,Máquinas inalámbricas,MAQUINAS PORTATILES INALAMBRICAS
103263,ROEI-20A,"Rotomartillo SDS Plus/destornillador 20V, 2 J, 1 batería 4Ah",P418,Máquinas inalámbricas,MAQUINAS PORTATILES INALAMBRICAS
103264,ROEI-20AS,"Rotomartillo SDS Plus/destornillador 20V, 2J, sin accesorios",P418,Máquinas inalámbricas,MAQUINAS PORTATILES INALAMBRICAS
26117,ROTI-20P2,"Rotomartillo/destornillador 1/2', 20V, 1 batería 2Ah, PRETUL",P418,Máquinas inalámbricas,MAQUINAS PORTATILES INALAMBRICAS
103247,ROTI-20A2,"Rotomartillo/destornillador 1/2', 20V, 1 batería 2Ah, PRO",P418,Máquinas inalámbricas,MAQUINAS PORTATILES INALAMBRICAS
103246,ROTI-20A3,"Rotomartillo/destornillador 1/2', 20V, 2 baterías 2Ah, PRO",P418,Máquinas inalámbricas,MAQUINAS PORTATILES INALAMBRICAS
104243,N20-ROT-2,"Rotomartillo/destornillador 1/2', 20V, 70Nm, 2 baterías 2Ah",P418,Máquinas inalámbricas,MAQUINAS PORTATILES INALAMBRICAS
103248,ROTI-20AS,"Rotomartillo/destornillador 1/2', 20V, sin accesorios, PRO",P418,Máquinas inalámbricas,MAQUINAS PORTATILES INALAMBRICAS
12794,ROTI-12A,"Rotomartillo/destornillador 3/8', 12V, 1 bat 2 Ah, PRO",P418,Máquinas inalámbricas,MAQUINAS PORTATILES INALAMBRICAS
12793,ROTI-12AC,"Rotomartillo/destornillador compacto 3/8', 12V, 1 bat 2Ah",P418,Máquinas inalámbricas,MAQUINAS PORTATILES INALAMBRICAS
102865,ROUI-20A,"Router (Rebajadora) 1/4', 1 batería 4 Ah, TRUPER PRO",P418,Máquinas inalámbricas,MAQUINAS PORTATILES INALAMBRICAS
103262,ROUI-20AS,"Router (Rebajadora) 1/4', sin accesorios, TRUPER PRO",P418,Máquinas inalámbricas,MAQUINAS PORTATILES INALAMBRICAS
102859,CALI-20A,"Sierra caladora 20V, 1 batería 2Ah, TRUPER PRO",P418,Máquinas inalámbricas,MAQUINAS PORTATILES INALAMBRICAS
103260,CALI-20AS,"Sierra caladora 20V, sin accesorios, TRUPER PRO",P418,Máquinas inalámbricas,MAQUINAS PORTATILES INALAMBRICAS
28270,CALI-20P,"Sierra caladora, 20V, 1 batería 2Ah, PRETUL",P418,Máquinas inalámbricas,MAQUINAS PORTATILES INALAMBRICAS
102480,MAX-20SC,"Sierra circular 6-1/2', 20V, 1 batería 4Ah, MAX",P418,Máquinas inalámbricas,MAQUINAS PORTATILES INALAMBRICAS
103256,SICI-20A,"Sierra circular 6-1/2', 20V, 1 batería 4Ah, TRUPER PRO",P418,Máquinas inalámbricas,MAQUINAS PORTATILES INALAMBRICAS
103234,MAX-20SCS,"Sierra circular 6-1/2', 20V, s/accesorios, TRUPER MAX",P418,Máquinas inalámbricas,MAQUINAS PORTATILES INALAMBRICAS
103257,SICI-20AS,"Sierra circular 6-1/2', 20V, sin accesorios, TRUPER PRO",P418,Máquinas inalámbricas,MAQUINAS PORTATILES INALAMBRICAS
103258,SISI-20A,"Sierra sable, 20V, 1 batería 2Ah, TRUPER PRO",P418,Máquinas inalámbricas,MAQUINAS PORTATILES INALAMBRICAS
103259,SISI-20AS,"Sierra sable, 20V, sin accesorios, TRUPER PRO",P418,Máquinas inalámbricas,MAQUINAS PORTATILES INALAMBRICAS
103265,SOPI-20A,"Sopladora para taller, 20V, 1 batería 2Ah, TRUPER PRO",P418,Máquinas inalámbricas,MAQUINAS PORTATILES INALAMBRICAS
103266,SOPI-20AS,"Sopladora para taller, 20V, sin accesorios, TRUPER PRO",P418,Máquinas inalámbricas,MAQUINAS PORTATILES INALAMBRICAS
101452,MAX-20T,"Taladro 1/2', 20V, 2 baterías 2Ah, MAX",P418,Máquinas inalámbricas,MAQUINAS PORTATILES INALAMBRICAS
101404,MAX-20TS,"Taladro 1/2', 20V, sin accesorios, MAX",P418,Máquinas inalámbricas,MAQUINAS PORTATILES INALAMBRICAS
26118,TALI-20P2,"Taladro/destornillador 1/2', 20V, 1 batería 2Ah, PRETUL",P418,Máquinas inalámbricas,MAQUINAS PORTATILES INALAMBRICAS
103249,TALI-20A2,"Taladro/destornillador 1/2', 20V, 1 batería 2Ah, TRUPER PRO",P418,Máquinas inalámbricas,MAQUINAS PORTATILES INALAMBRICAS
103250,TALI-20AS,"Taladro/destornillador 1/2', 20V, sin accesorios, TRUPER PRO",P418,Máquinas inalámbricas,MAQUINAS PORTATILES INALAMBRICAS
29975,TALI-12P,"Taladro/destornillador 3/8', 12V, 1 batería 2Ah, PRETUL",P418,Máquinas inalámbricas,MAQUINAS PORTATILES INALAMBRICAS
18153,TALI-12A2,"Taladro/destornillador 3/8', 12V, 1 batería 2Ah, PRO",P418,Máquinas inalámbricas,MAQUINAS PORTATILES INALAMBRICAS
18653,TALI-12AC,"Taladro/destornillador compacto 3/8', 12V, 1 bat 2Ah, PRO",P418,Máquinas inalámbricas,MAQUINAS PORTATILES INALAMBRICAS
100250,COMBOE-4580ALF,"Combo esmeriladora 4-1/2', 850W,lentes y flexómetro,ERGO-PRO",P097,Máquinas portátiles con cable,MAQUINAS PORTATILES
100370,LIBA-4X24N3,"Lijadora de banda 4 x 24', 1200W, TRUPER INDUSTRIAL",P097,Máquinas portátiles con cable,MAQUINAS PORTATILES
100868,RMAX-7NX,"Rotomartillo SDS Max 6kg, 7J, 1100W, TRUPER EXPERT",P097,Máquinas portátiles con cable,MAQUINAS PORTATILES
100869,RMAX-15NX,"Rotomartillo SDS Max/destornillador 9 kg, 15J, 1500W, EXPERT",P097,Máquinas portátiles con cable,MAQUINAS PORTATILES
100890,MADE-6NX,"Martillo demoledor SDS Max 6kg, 14J, 1200W, TRUPER EXPERT",P097,Máquinas portátiles con cable,MAQUINAS PORTATILES
100891,MADE-10NX,"Martillo demoledor SDS Max 10kg, 25J, 1500W, TRUPER EXPERT",P097,Máquinas portátiles con cable,MAQUINAS PORTATILES
100893,MADE-20NX,"Martillo demoledor HEX 20 kg, 55J, 1600W, TRUPER EXPERT",P097,Máquinas portátiles con cable,MAQUINAS PORTATILES
100894,MADE-30NX,"Martillo demoledor HEX 30 kg, 62J, 2000W, TRUPER EXPERT",P097,Máquinas portátiles con cable,MAQUINAS PORTATILES
100902,ESMA-45110,"Esmeriladora angular 4-1/2', 1100W, TRUPER PRO",P097,Máquinas portátiles con cable,MAQUINAS PORTATILES
100954,ROU-A3,"Router (Rebajadora) 1200W, 1-3/4 HP, TRUPER PRO",P097,Máquinas portátiles con cable,MAQUINAS PORTATILES
100989,TAMA-2N,"Taladro magnético 1-3/8', 1200W, TRUPER EXPERT",P097,Máquinas portátiles con cable,MAQUINAS PORTATILES
101220,RPLUS-4NX,"Rotomartillo SDS Plus 4 Joules, 1000W, TRUPER EXPERT",P097,Máquinas portátiles con cable,MAQUINAS PORTATILES
101221,RPLUS-6NX,"Rotomartillo SDS Plus 6 Joules, 1100W, TRUPER EXPERT",P097,Máquinas portátiles con cable,MAQUINAS PORTATILES
101456,COMBOE-4590N,"Combo esmeriladora 4-1/2',950W, discos, lentes y guantes,IND",P097,Máquinas portátiles con cable,MAQUINAS PORTATILES
101519,MEZ-150N,"Mezcladora eléctrica 1500W, TRUPER INDUSTRIAL",P097,Máquinas portátiles con cable,MAQUINAS PORTATILES
102315,ROU-MN,"Router (rebajadora) compacto 710 W, 1 HP, TRUPER INDUSTRIAL",P097,Máquinas portátiles con cable,MAQUINAS PORTATILES
102333,PULA-6A,"Pulidora doble acción 6', 900W, TRUPER PRO",P097,Máquinas portátiles con cable,MAQUINAS PORTATILES
102379,ROU-MA,"Router (rebajadora) compacto 600 W, 3/4 HP, TRUPER PRO",P097,Máquinas portátiles con cable,MAQUINAS PORTATILES
102429,MULH-35A,"Multiherramienta 350W con 9 accesorios, TRUPER PRO",P097,Máquinas portátiles con cable,MAQUINAS PORTATILES
102496,ESMA-4580PN,"Esmeriladora 4-1/2', 850 W, int. paleta, TRUPER INDUSTRIAL",P097,Máquinas portátiles con cable,MAQUINAS PORTATILES
102578,PISCA-AM,"Mini pistola de calor 350W, TRUPER PRO",P097,Máquinas portátiles con cable,MAQUINAS PORTATILES
102633,PULA-6AM,"Pulidora roto-orbital compacta 6', 45W, TRUPER PRO",P097,Máquinas portátiles con cable,MAQUINAS PORTATILES
102873,ROEL-30N2,"Rotomartillo SDS Plus/destornillador, 3.5 J, 800W, mango D",P097,Máquinas portátiles con cable,MAQUINAS PORTATILES
103066,ROEL-30A,"Rotomartillo SDS Plus/destornillador 3.2 J, 800W, TRUPER PRO",P097,Máquinas portátiles con cable,MAQUINAS PORTATILES
103580,MOTO-A3,"Herramienta rotativa 135W con 97 accesorios, TRUPER PRO",P097,Máquinas portátiles con cable,MAQUINAS PORTATILES
103581,MOTO-A3K,"Herramienta rotativa 135W con 211 accesorios, TRUPER PRO",P097,Máquinas portátiles con cable,MAQUINAS PORTATILES
103592,ROEL-60A,"Rotomartillo SDS Plus/destornillador 6 J, 1500W, TRUPER PRO",P097,Máquinas portátiles con cable,MAQUINAS PORTATILES
103656,LIRO-5A2,"Lijadora roto orbital 5', 260W, TRUPER PRO",P097,Máquinas portátiles con cable,MAQUINAS PORTATILES
103662,MEZ-140A,"Mezcladora eléctrica 1400W, TRUPER PRO",P097,Máquinas portátiles con cable,MAQUINAS PORTATILES
103670,LIPA-9A,"Lijadora de pared y techo 9' 750W, profesional, TRUPER PRO",P097,Máquinas portátiles con cable,MAQUINAS PORTATILES
103735,LIRO-5N2,"Lijadora roto orbital 5', 260W, TRUPER INDUSTRIAL",P097,Máquinas portátiles con cable,MAQUINAS PORTATILES
10884,COMBO-100,"Rotomartillo/destornillador 1/2' 650W,caja herramienta y org",P097,Máquinas portátiles con cable,MAQUINAS PORTATILES
12482,ESMA-9N3,"Esmeriladora angular 9', 2100W, TRUPER INDUSTRIAL",P097,Máquinas portátiles con cable,MAQUINAS PORTATILES
12483,ESMA-9N4,"Esmeriladora angular 9', 2450W, TRUPER INDUSTRIAL",P097,Máquinas portátiles con cable,MAQUINAS PORTATILES
12872,ESMA-4590N,"Esmeriladora angular 4-1/2', 950W, TRUPER INDUSTRIAL",P097,Máquinas portátiles con cable,MAQUINAS PORTATILES
12873,ESMA-4512N,"Esmeriladora angular 4-1/2', 1250W, TRUPER INDUSTRIAL",P097,Máquinas portátiles con cable,MAQUINAS PORTATILES
13448,LIBA-3X21A2,"Lijadora de banda 3 x 21', 1010W, TRUPER PRO",P097,Máquinas portátiles con cable,MAQUINAS PORTATILES
13870,ESMA-4580N,"Esmeriladora angular 4-1/2', 850W, TRUPER INDUSTRIAL",P097,Máquinas portátiles con cable,MAQUINAS PORTATILES
14012,ESMA-7A3,"Esmeriladora angular 7', 2200W, TRUPER PRO",P097,Máquinas portátiles con cable,MAQUINAS PORTATILES
16024,DETA-N,"Destornillador para panel de yeso 540W, TRUPER INDUSTRIAL",P097,Máquinas portátiles con cable,MAQUINAS PORTATILES
16432,PISCA-A,"Pistola de calor 2000W con 9 accesorios, TRUPER PRO",P097,Máquinas portátiles con cable,MAQUINAS PORTATILES
16590,ESMA-9N2,"Esmeriladora angular 9', 2350W, TRUPER INDUSTRIAL",P097,Máquinas portátiles con cable,MAQUINAS PORTATILES
16610,ROU-N3,"Router (Rebajadora) 1200W, 1-3/4 HP, TRUPER INDUSTRIAL",P097,Máquinas portátiles con cable,MAQUINAS PORTATILES
16626,PULA-7A3,"Pulidora rotativa 7', 1200W, TRUPER PRO",P097,Máquinas portátiles con cable,MAQUINAS PORTATILES
16673,PULA-7N,"Pulidora rotativa 7', 1200W, TRUPER INDUSTRIAL",P097,Máquinas portátiles con cable,MAQUINAS PORTATILES
16762,ROEL-20N,"Rotomartillo SDS Plus/destornillador 2 J, 650W, INDUSTRIAL",P097,Máquinas portátiles con cable,MAQUINAS PORTATILES
17269,SISA-N2,"Sierra sable 900W velocidad variable, TRUPER INDUSTRIAL",P097,Máquinas portátiles con cable,MAQUINAS PORTATILES
17279,PISCA-A2,"Pistola de calor 1500W, TRUPER PRO",P097,Máquinas portátiles con cable,MAQUINAS PORTATILES
17449,MOTO-A2,"Herramienta rotativa 150W con 97 accesorios, TRUPER PRO",P097,Máquinas portátiles con cable,MAQUINAS PORTATILES
19320,ROEL-50N2,"Rotomartillo SDS Plus/destornillador 5 J, 1500W, INDUSTRIAL",P097,Máquinas portátiles con cable,MAQUINAS PORTATILES
19323,ROEL-60N,"Rotomartillo SDS Plus/destornillador 6 J, 1600W, INDUSTRIAL",P097,Máquinas portátiles con cable,MAQUINAS PORTATILES
26400,PULA-P,"Pulidora roto-orbital 10', 110W, PRETUL",P097,Máquinas portátiles con cable,MAQUINAS PORTATILES
28151,PULA-7P,"Pulidora rotativa 7', 1200W, con accesorios, PRETUL",P097,Máquinas portátiles con cable,MAQUINAS PORTATILES
29003,CALA-P4,"Sierra caladora de 400 W, PRETUL",P097,Máquinas portátiles con cable,MAQUINAS PORTATILES
100123,SICI-4-1/2A,"Sierra circular compacta 4-1/2', 750W, TRUPER PRO",P097,Máquinas portátiles con cable,MAQUINAS PORTATILES
100291,COMBOR-1/2A7,"Combo rotomartillo/destornillador 1/2' 650W, 8 acc, PRO",P097,Máquinas portátiles con cable,MAQUINAS PORTATILES
100292,COMBOR-1/2N6,"Combo rotomartillo/destornillador 1/2' 700W, 7 acc, IND",P097,Máquinas portátiles con cable,MAQUINAS PORTATILES
100502,CEPEL-3-1/4A4,"Cepillo eléctrico 3-1/4', 850W, TRUPER PRO",P097,Máquinas portátiles con cable,MAQUINAS PORTATILES
100901,ERGO-45110,"Esmeriladora angular 4-1/2', 1100W, TRUPER ERGO PRO",P097,Máquinas portátiles con cable,MAQUINAS PORTATILES
101273,ROTO-1/2A10,"Rotomartillo/destornillador 1/2', 600W, TRUPER PRO",P097,Máquinas portátiles con cable,MAQUINAS PORTATILES
101526,COMBOE-4-1/2A12,"Combo esmeriladora 4-1/2', 700W, discos y flexómetro, PRO",P097,Máquinas portátiles con cable,MAQUINAS PORTATILES
102746,LIOR-1/4A3,"Lijadora orbital 1/4 hoja, 240W, TRUPER PRO",P097,Máquinas portátiles con cable,MAQUINAS PORTATILES
102800,CEPEL-3-1/4N2,"Cepillo eléctrico 3-1/4', 720W, TRUPER INDUSTRIAL",P097,Máquinas portátiles con cable,MAQUINAS PORTATILES
103067,TAL-1/4N,"Taladro/destornillador 1/4', 380W, TRUPER INDUSTRIAL",P097,Máquinas portátiles con cable,MAQUINAS PORTATILES
103068,TAL-1/2N2,"Taladro/destornillador 1/2', 800W dos velocidades,INDUSTRIAL",P097,Máquinas portátiles con cable,MAQUINAS PORTATILES
103170,TALA-3/8N,"Taladro/destornillador 3/8', 400W, TRUPER INDUSTRIAL",P097,Máquinas portátiles con cable,MAQUINAS PORTATILES
103325,LIOR-1/4N2,"Lijadora orbital 1/4 hoja, 300W, TRUPER INDUSTRIAL",P097,Máquinas portátiles con cable,MAQUINAS PORTATILES
103474,SIRC-5,"Sierra ranuradora de concreto 5', 1500 W, TRUPER PRO",P097,Máquinas portátiles con cable,MAQUINAS PORTATILES
103552,IMP-1/2A,"Llave de impacto 1/2' 550W, 258 lb/ft, TRUPER PRO",P097,Máquinas portátiles con cable,MAQUINAS PORTATILES
103718,ROTO-1/2N9,"Rotomartillo/destornillador 1/2', 800W, TRUPER INDUSTRIAL",P097,Máquinas portátiles con cable,MAQUINAS PORTATILES
103738,CAZE-4-1/2N,"Cortadora para azulejos, 4-1/2', 1500W, TRUPER INDUSTRIAL",P097,Máquinas portátiles con cable,MAQUINAS PORTATILES
103740,SICI-7-1/4N5,"Sierra circular 7-1/4' 1900W, TRUPER INDUSTRIAL",P097,Máquinas portátiles con cable,MAQUINAS PORTATILES
11004,SICI-7-1/4A3,"Sierra circular 7-1/4', 1750W, TRUPER PRO",P097,Máquinas portátiles con cable,MAQUINAS PORTATILES
11682,IMP-1/2N,"Llave de impacto 1/2' 900W, 320 lb/ft, TRUPER INDUSTRIAL",P097,Máquinas portátiles con cable,MAQUINAS PORTATILES
11779,SICI-7-1/4N4,"Sierra circular 7-1/4', 1800W, TRUPER INDUSTRIAL",P097,Máquinas portátiles con cable,MAQUINAS PORTATILES
13089,CEPEL-4-1/2NX,"Cepillo eléctrico 4-1/2', 950W, TRUPER INDUSTRIAL",P097,Máquinas portátiles con cable,MAQUINAS PORTATILES
13931,ERGO-4570,"Esmeriladora angular 4-1/2', 750W, TRUPER ERGO PRO",P097,Máquinas portátiles con cable,MAQUINAS PORTATILES
13935,ERGO-4590,"Esmeriladora angular 4-1/2', 950W, TRUPER ERGO PRO",P097,Máquinas portátiles con cable,MAQUINAS PORTATILES
14013,ESMA-4-1/2A12,"Esmeriladora angular 4-1/2', 700W, TRUPER PRO",P097,Máquinas portátiles con cable,MAQUINAS PORTATILES
14658,ROTO-1/2A8,"Rotomartillo/destornillador 1/2', 750W, TRUPER PRO",P097,Máquinas portátiles con cable,MAQUINAS PORTATILES
14659,ROTO-1/2A9,"Rotomartillo/destornillador 1/2', 850W, TRUPER PRO",P097,Máquinas portátiles con cable,MAQUINAS PORTATILES
15348,CALA-NX6,"Sierra caladora de velocidad variable de 750 W, INDUSTRIAL",P097,Máquinas portátiles con cable,MAQUINAS PORTATILES
15420,CALA-A3,"Sierra caladora de velocidad variable de 550 W, TRUPER PRO",P097,Máquinas portátiles con cable,MAQUINAS PORTATILES
15423,CALA-A5,"Sierra caladora de velocidad variable de 750 W, TRUPER PRO",P097,Máquinas portátiles con cable,MAQUINAS PORTATILES
15679,ROTO-1/2A7,"Rotomartillo/destornillador 1/2', 650W, TRUPER PRO",P097,Máquinas portátiles con cable,MAQUINAS PORTATILES
16611,ROU-NX2,"Router (Rebajadora) 1800W, 2-1/2 HP, TRUPER INDUSTRIAL",P097,Máquinas portátiles con cable,MAQUINAS PORTATILES
16666,ROTO-1/2NX2,"Rotomartillo/destornillador 1/2', 1200W, TRUPER INDUSTRIAL",P097,Máquinas portátiles con cable,MAQUINAS PORTATILES
16683,ESMA-4-1/2A9,"Esmeriladora angular 4-1/2', 800W, TRUPER PRO",P097,Máquinas portátiles con cable,MAQUINAS PORTATILES
16684,ESMA-4-1/2A10,"Esmeriladora angular 4-1/2', 1300W, TRUPER PRO",P097,Máquinas portátiles con cable,MAQUINAS PORTATILES
16706,TAL-3/8N2,"Taladro/destornillador 3/8', 450W, TRUPER INDUSTRIAL",P097,Máquinas portátiles con cable,MAQUINAS PORTATILES
16708,TAL-3/8A2,"Taladro/destornillador 3/8', 400W, TRUPER PRO",P097,Máquinas portátiles con cable,MAQUINAS PORTATILES
16714,TALE-1/2N,"Taladro/destornillador tipo espada 1/2', 1150W, INDUSTRIAL",P097,Máquinas portátiles con cable,MAQUINAS PORTATILES
16736,ROTO-3/8A4,"Rotomartillo/destornillador 3/8', 600W, TRUPER PRO",P097,Máquinas portátiles con cable,MAQUINAS PORTATILES
16871,ESRE-1/4N,"Rectificador (esmeril recto) de 1/4' 600W, TRUPER INDUSTRIAL",P097,Máquinas portátiles con cable,MAQUINAS PORTATILES
18156,ERGO-4580,"Esmeriladora angular 4-1/2', 850W, TRUPER ERGO PRO",P097,Máquinas portátiles con cable,MAQUINAS PORTATILES
19324,ROTO-1/2N7,"Rotomartillo/destornillador 1/2', 900W, TRUPER INDUSTRIAL",P097,Máquinas portátiles con cable,MAQUINAS PORTATILES
19457,ROTO-1/2N6,"Rotomartillo/destornillador 1/2', 700W, TRUPER INDUSTRIAL",P097,Máquinas portátiles con cable,MAQUINAS PORTATILES
24035,ESMA-4-1/2P2,"Esmeriladora angular 4-1/2', 700W, PRETUL",P097,Máquinas portátiles con cable,MAQUINAS PORTATILES
27098,SICI-7-1/4P,"Sierra circular 7-1/4', 1200W, PRETUL",P097,Máquinas portátiles con cable,MAQUINAS PORTATILES
28112,ROTO-1/2P6,"Rotomartillo/destornillador 1/2', 550W, PRETUL",P097,Máquinas portátiles con cable,MAQUINAS PORTATILES
28113,ROTO-3/8P6,"Rotomartillo/destornillador 3/8', 550W, PRETUL",P097,Máquinas portátiles con cable,MAQUINAS PORTATILES
28220,LIOR-1/3P4,"Lijadora orbital 1/3 hoja, 150W, PRETUL",P097,Máquinas portátiles con cable,MAQUINAS PORTATILES
28236,ESMA-4-1/2P5,"Esmeriladora angular 4-1/2', 550W, PRETUL",P097,Máquinas portátiles con cable,MAQUINAS PORTATILES
11135,MD-10FX,"Marro demoledor 10 lb, mango fibra de vidrio 36', TRUPER",P406,Marros nacionales,MARROS
11252,CRP-3HX,"Marro para herrería 3 lb mango 12', TRUPER",P406,Marros nacionales,MARROS
11253,CRP-4HX,"Marro para herrería 4 lb mango 12', TRUPER",P406,Marros nacionales,MARROS
11255,MD-3HX,"Marro demoledor 3 lb, mango 12', TRUPER",P406,Marros nacionales,MARROS
11256,MD-4HX,"Marro demoledor 4 lb, mango 12', TRUPER",P406,Marros nacionales,MARROS
16506,MD-2M,"Marro octagonal 2 lb, mango de madera 12', TRUPER",P406,Marros nacionales,MARROS
16507,MD-3M,"Marro octagonal 3 lb, mango de madera 12', TRUPER",P406,Marros nacionales,MARROS
16508,MD-4M,"Marro octagonal 4 lb, mango de madera 12', TRUPER",P406,Marros nacionales,MARROS
16509,MD-6M,"Marro octagonal 6 lb, mango de madera 36', TRUPER",P406,Marros nacionales,MARROS
16511,MD-8M,"Marro octagonal 8 lb, mango de madera 36', TRUPER",P406,Marros nacionales,MARROS
16512,MD-10M,"Marro octagonal 10 lb, mango de madera 36', TRUPER",P406,Marros nacionales,MARROS
16513,MD-12M,"Marro octagonal 12 lb, mango de madera 36', TRUPER",P406,Marros nacionales,MARROS
16514,MD-14M,"Marro octagonal 14 lb, mango de madera 36', TRUPER",P406,Marros nacionales,MARROS
16515,MD-16M,"Marro octagonal 16 lb, mango de madera 36', TRUPER",P406,Marros nacionales,MARROS
16516,MD-20M,"Marro octagonal 20 lb, mango de madera 36', TRUPER",P406,Marros nacionales,MARROS
16538,MD-8F,"Marro octagonal 8 lb, mango fibra de vidrio 36', TRUPER",P406,Marros nacionales,MARROS
16540,MD-10F,"Marro octagonal 10 lb, mango fibra de vidrio 36', TRUPER",P406,Marros nacionales,MARROS
16542,MD-12F,"Marro octagonal 12 lb, mango fibra de vidrio 36', TRUPER",P406,Marros nacionales,MARROS
16546,MD-16F,"Marro octagonal 16 lb, mango fibra de vidrio 36', TRUPER",P406,Marros nacionales,MARROS
19884,MD-6F,"Marro octagonal 6 lb, mango fibra de vidrio 36', TRUPER",P406,Marros nacionales,MARROS
22203,MD-6MP,"Marro tipo Nevada 6 lbs. mango 36', PRETUL",P406,Marros nacionales,MARROS
22205,MD-8MP,"Marro tipo Nevada 8 lbs. mango 36', PRETUL",P406,Marros nacionales,MARROS
22206,MD-10MP,"Marro tipo Nevada 10 lbs. mango 36', PRETUL",P406,Marros nacionales,MARROS
22207,MD-12MP,"Marro tipo Nevada 12 lbs. mango 36', PRETUL",P406,Marros nacionales,MARROS
22215,DHT-2P,"Marro tipo Nevada 2 lbs. mango 10-3/4', PRETUL",P406,Marros nacionales,MARROS
16536,MD-4F,"Marro octagonal 4 lb, mango de fibra de vidrio 14', TRUPER",P406,Marros nacionales,MARROS
17045,MD-2.5M,"Marro octagonal 2.5 lb, mango de madera 12', TRUPER",P406,Marros nacionales,MARROS
19883,MD-3F,"Marro octagonal 3 lb, mango de fibra de vidrio 14', TRUPER",P406,Marros nacionales,MARROS
22216,DHT-3P,"Marro tipo Nevada 3 lbs. mango 10-3/4', PRETUL",P406,Marros nacionales,MARROS
22217,DHT-4P,"Marro tipo Nevada 4 lbs. mango 10-3/4', PRETUL",P406,Marros nacionales,MARROS
102653,MD-8FX,"Marro de una cara amplia 8 lb, mango de fibra de vidrio 36'",P406,Marros nacionales,MARROS
104076,MARG-21X,"Martillo geológico profesional , 21 oz, mango TPR, EXPERT",P100,Martillos,MARTILLOS
10643,MORCA-16T,"Martillo tubular 16 oz uña California Ripper, cara fresada",P100,Martillos,MARTILLOS
10644,MORCA-20T,"Martillo tubular 20 oz uña California Ripper, cara fresada",P100,Martillos,MARTILLOS
10761,MAR-18F,"Martillo 18 oz uña recta, mango fibra de vidrio, TRUPER",P100,Martillos,MARTILLOS
10851,MAC-27F,"Martillo cabeza cónica 27 mm uña curva, mango fibra vidrio",P100,Martillos,MARTILLOS
10852,MAC-29F,"Martillo cabeza cónica 29 mm uña curva, mango fibra vidrio",P100,Martillos,MARTILLOS
10914,MAC-27T,"Martillo cabeza cónica 27 mm uña curva, mango tubular,TRUPER",P100,Martillos,MARTILLOS
11175,MAC-29T,"Martillo cabeza cónica 29 mm uña curva, mango tubular,TRUPER",P100,Martillos,MARTILLOS
13138,REP-MASU35,"Caras de repuesto para MASU-35, TRUPER",P100,Martillos,MARTILLOS
16661,MTR-20X,Martillo tubular pulido 20 oz alojamiento imantado uña recta,P100,Martillos,MARTILLOS
16662,MOR-24F,"Martillo pulido 24 oz uña recta, boca fresada, TRUPER Grip",P100,Martillos,MARTILLOS
16663,MOR-20F,"Martillo pulido 20 oz uña recta, boca fresada, TRUPER Grip",P100,Martillos,MARTILLOS
16704,MTR-20F,"Martillo tubular pulido 20oz cara fresada, uña recta, TRUPER",P100,Martillos,MARTILLOS
19710,MA-16F,"Martillo 16 oz uña curva, mango fibra de vidrio, TRUPER",P100,Martillos,MARTILLOS
19915,MART-20X,"Martelina talacho-pico, 20 oz, mango TPR, TRUPER EXPERT",P100,Martillos,MARTILLOS
19997,MAR-16F,"Martillo 16 oz uña recta, mango fibra de vidrio, TRUPER",P100,Martillos,MARTILLOS
20595,MT-16P,"Martillo uña curva 16 oz, mango tubular, PRETUL",P100,Martillos,MARTILLOS
20596,MTR-16P,"Martillo uña recta 16 oz, mango tubular, PRETUL",P100,Martillos,MARTILLOS
20597,MTR-20P,"Martillo uña recta 20 oz, mango tubular, PRETUL",P100,Martillos,MARTILLOS
22270,SJ-16P,"Martillo pulido, 16 oz, uña curva, mango tubular, PRETUL",P100,Martillos,MARTILLOS
22291,MO-10E,"Martillo 10 oz, mango comfort grip, PRETUL",P100,Martillos,MARTILLOS
22658,MB-16P,"Martillo pulido de bola 16 oz mango madera, PRETUL",P100,Martillos,MARTILLOS
22659,MB-24P,"Martillo pulido de bola 24 oz mango madera, PRETUL",P100,Martillos,MARTILLOS
22660,MB-32P,"Martillo pulido de bola 32 oz mango madera, PRETUL",P100,Martillos,MARTILLOS
25000,MA-7P,"Martillo semipulido, 7 oz, uña curva, PRETUL",P100,Martillos,MARTILLOS
25001,MAR-16P,"Martillo semipulido, 16 oz, uña recta, PRETUL",P100,Martillos,MARTILLOS
10554,MAC-18,"Martillo cabeza cónica 18 mm uña curva, mango madera, TRUPER",P100,Martillos,MARTILLOS
10557,MAC-23,"Martillo cabeza cónica 23 mm uña curva, mango madera, TRUPER",P100,Martillos,MARTILLOS
10558,MAC-25,"Martillo cabeza cónica 25 mm uña curva, mango madera, TRUPER",P100,Martillos,MARTILLOS
10560,MAC-27,"Martillo cabeza cónica 27 mm uña curva, mango madera, TRUPER",P100,Martillos,MARTILLOS
10561,MAC-29,"Martillo cabeza cónica 29 mm uña curva, mango madera, TRUPER",P100,Martillos,MARTILLOS
10754,MCIM-16,"Martillo tubular para cimbra 16 oz uña recta, mango acero",P100,Martillos,MARTILLOS
13137,MASU-35,"Martillo 35 mm con caras suaves intercambiables, TRUPER Grip",P100,Martillos,MARTILLOS
16650,MO-7,"Martillo pulido 7 oz uña curva, mango hickory, TRUPER Grip",P100,Martillos,MARTILLOS
16654,MO-16,"Martillo pulido 16 oz uña curva, mango hickory, TRUPER Grip",P100,Martillos,MARTILLOS
16656,MO-20,"Martillo pulido 20 oz uña curva, mango hickory, TRUPER Grip",P100,Martillos,MARTILLOS
16658,MOR-16,"Martillo pulido 16 oz uña recta, mango hickory, TRUPER Grip",P100,Martillos,MARTILLOS
16660,MOR-20,"Martillo pulido 20 oz uña recta, mango hickory, TRUPER Grip",P100,Martillos,MARTILLOS
16700,SJ-16,"Martillo pulido 16 oz uña curva, mango tubular c/neopreno",P100,Martillos,MARTILLOS
16701,MT-16,"Martillo tubular pulido 16 oz uña curva, TRUPER",P100,Martillos,MARTILLOS
16702,MTR-16,"Martillo tubular pulido 16 oz uña recta, TRUPER",P100,Martillos,MARTILLOS
16703,MTR-20,"Martillo tubular pulido 20 oz uña recta, TRUPER",P100,Martillos,MARTILLOS
16750,MA-7,"Martillo pulido, 7 oz, uña curva, mango madera, TRUPER",P100,Martillos,MARTILLOS
16752,MA-16,"Martillo pulido, 16 oz, uña curva, mango madera, TRUPER",P100,Martillos,MARTILLOS
16753,MA-20,"Martillo pulido, 20 oz, uña curva, mango madera, TRUPER",P100,Martillos,MARTILLOS
16754,42430,"Martillo pulido, 16 oz, uña recta, mango madera, TRUPER",P100,Martillos,MARTILLOS
16755,43891,"Martillo pulido, 20 oz, uña recta, mango madera, TRUPER",P100,Martillos,MARTILLOS
16820,MXC-20,"Martillo forjado 20 oz uña curva, mango con neopreno, EXPERT",P100,Martillos,MARTILLOS
16821,MXR-20,"Martillo forjado 20 oz uña recta, mango con neopreno, EXPERT",P100,Martillos,MARTILLOS
16860,MTT-7,"Martillo 7 oz tapicero, mango 12', TRUPER",P100,Martillos,MARTILLOS
16861,ML-24,"Martillo 24 oz ladrillero, mango 12', TRUPER",P100,Martillos,MARTILLOS
16863,MORCA-25,"Martillo 25 oz uña recta tipo California Ripper, TRUPER Grip",P100,Martillos,MARTILLOS
16864,MACE-11,"Martillo desabollador 11 oz estándar, mango 12', TRUPER",P100,Martillos,MARTILLOS
16865,MAFA-11,"Martillo desabollador 11 oz fino, mango 12', TRUPER",P100,Martillos,MARTILLOS
16870,MATE-11,"Martillo desabollador 11 oz tipo cincel, mango 12', TRUPER",P100,Martillos,MARTILLOS
16872,MADE-11,"Martillo desabollador 11 oz punta larga, mango 12', TRUPER",P100,Martillos,MARTILLOS
16900,MB-8,"Martillo pulido de bola 8 oz mango hickory, TRUPER Grip",P100,Martillos,MARTILLOS
16901,MB-12,"Martillo pulido de bola 12 oz mango hickory, TRUPER Grip",P100,Martillos,MARTILLOS
16902,MB-16,"Martillo pulido de bola 16 oz mango hickory, TRUPER Grip",P100,Martillos,MARTILLOS
16903,MB-24,"Martillo pulido de bola 24 oz mango hickory, TRUPER Grip",P100,Martillos,MARTILLOS
16904,MB-32,"Martillo pulido de bola 32 oz mango hickory, TRUPER Grip",P100,Martillos,MARTILLOS
16905,MB-40,"Martillo pulido de bola 40 oz mango hickory, TRUPER Grip",P100,Martillos,MARTILLOS
16906,MB-48,"Martillo pulido de bola 48 oz mango hickory, TRUPER Grip",P100,Martillos,MARTILLOS
17856,MXC-16,"Martillo forjado 16 oz uña curva, mango con neopreno, EXPERT",P100,Martillos,MARTILLOS
17857,MXR-16,"Martillo forjado 16 oz uña recta, mango con neopreno, EXPERT",P100,Martillos,MARTILLOS
19682,MB-4,"Martillo pulido de bola 4 oz mango hickory, TRUPER Grip",P100,Martillos,MARTILLOS
19711,MOR-10,"Martillo pulido 10 oz uña recta, mango hickory, TRUPER Grip",P100,Martillos,MARTILLOS
19989,MORCA-16,"Martillo 16 oz uña recta tipo California Ripper, TRUPER Grip",P100,Martillos,MARTILLOS
19990,MORCA-20,"Martillo 20 oz uña recta tipo California Ripper, TRUPER Grip",P100,Martillos,MARTILLOS
22290,MP-16,"Martillo semipulido, 16 oz, uña curva, PRETUL",P100,Martillos,MARTILLOS
20565,MH-8P,"Mazo de hule, 8 oz, PRETUL",P214,Mazos de hule y golpe seco,MAZO DE HULE
20566,MH-16P,"Mazo de hule, 16 oz, PRETUL",P214,Mazos de hule y golpe seco,MAZO DE HULE
20567,MH-24P,"Mazo de hule, 24 oz, PRETUL",P214,Mazos de hule y golpe seco,MAZO DE HULE
16930,MH-8,"Mazo de hule 8 oz, TRUPER",P214,Mazos de hule y golpe seco,MAZO DE HULE
16931,MH-16,"Mazo de hule 16 oz, TRUPER",P214,Mazos de hule y golpe seco,MAZO DE HULE
16932,MH-24,"Mazo de hule 24 oz, TRUPER",P214,Mazos de hule y golpe seco,MAZO DE HULE
17113,NAMU-100,"Multiherramienta con 13 funciones, TRUPER",P102,Multiherramientas,CUTTERS Y NAVAJAS MULTIUSOS
24105,NAMU-13P,"Multiherramienta con 13 funciones, PRETUL",P102,Multiherramientas,CUTTERS Y NAVAJAS MULTIUSOS
24106,NAMU-12P,"Multiherramienta con 12 funciones, PRETUL",P102,Multiherramientas,CUTTERS Y NAVAJAS MULTIUSOS
100850,NM-6S,"Navaja auto-retráctil de seguridad 7', TRUPER",P734,Navajas,NAVAJAS ABATIBLES
101101,NV-6X,"Navaja abatible 6' cuerpo de aluminio y acero inox, TRUPER",P734,Navajas,NAVAJAS ABATIBLES
102494,NC-10,"Navaja de costilla con cuerpo metálico, TRUPER",P734,Navajas,NAVAJAS ABATIBLES
16950,NM-6,"Navaja retráctil 7' cuerpo de aluminio, TRUPER",P734,Navajas,NAVAJAS ABATIBLES
17025,NV-7X,"Navaja abatible 7' cuerpo de aluminio y acero inox, TRUPER",P734,Navajas,NAVAJAS ABATIBLES
22400,NM-6P,"Navaja retráctil 6' cuerpo de aluminio, PRETUL",P734,Navajas,NAVAJAS ABATIBLES
100078,REP-NM-5X,"Dispensador con 5 cuchillas para NV-7X y NM-6, EXPERT",P734,Navajas,NAVAJAS ABATIBLES
100079,REP-NM-10X,"Dispensador con 10 cuchillas para NV-7X y NM-6, EXPERT",P734,Navajas,NAVAJAS ABATIBLES
100100,REP-NM-100X,"Dispensador con 100 cuchillas para NV-7X y NM-6, EXPERT",P734,Navajas,NAVAJAS ABATIBLES
101118,REP-NM-10A,Dispensador con 10 cuchillas para acrílico para NV-7X y NM-6,P734,Navajas,NAVAJAS ABATIBLES
13889,NV-3,"Navaja abatible 3-1/2' mango de madera, TRUPER",P734,Navajas,NAVAJAS ABATIBLES
16953,REP-NM-5,"Dispensador con 5 cuchillas para NV-7 y NM-7, TRUPER",P734,Navajas,NAVAJAS ABATIBLES
16956,REP-NM-10,"Dispensador con 10 cuchillas para NV-7 y NM-7, TRUPER",P734,Navajas,NAVAJAS ABATIBLES
16981,NV-4,"Navaja abatible 4-1/2' mango de madera, TRUPER",P734,Navajas,NAVAJAS ABATIBLES
17023,NV-5,"Navaja abatible 4-3/4' mango de madera, TRUPER",P734,Navajas,NAVAJAS ABATIBLES
104178,NP-72X,"Nivel profesional magnético de 72', protección TPR, EXPERT",P104,Niveles,NIVELES
14625,NP-18X,"Nivel profesional magnético de 18', protección TPR, EXPERT",P104,Niveles,NIVELES
14626,NP-24X,"Nivel profesional magnético de 24', protección TPR, EXPERT",P104,Niveles,NIVELES
14628,NP-36X,"Nivel profesional magnético de 36', protección TPR, EXPERT",P104,Niveles,NIVELES
14629,NP-48X,"Nivel profesional magnético de 48', protección TPR, EXPERT",P104,Niveles,NIVELES
17058,NH-3,Blíster con 2 niveles de hilo burbuja grande fácil lectura,P104,Niveles,NIVELES
22450,NT-9P,"Nivel torpedo de 9', PRETUL",P104,Niveles,NIVELES
11223,NT-9,"Nivel torpedo magnético de 9' con cuerpo de ABS, TRUPER",P104,Niveles,NIVELES
17030,NP-12,"Nivel profesional de 12' con protección de ABS, TRUPER",P104,Niveles,NIVELES
17032,NP-14,"Nivel profesional de 14' con protección de ABS, TRUPER",P104,Niveles,NIVELES
17034,NP-18,"Nivel profesional de 18' con protección de ABS, TRUPER",P104,Niveles,NIVELES
17036,NP-24,"Nivel profesional de 24' con protección de ABS, TRUPER",P104,Niveles,NIVELES
17038,NP-36,"Nivel profesional de 36' con protección de ABS, TRUPER",P104,Niveles,NIVELES
17040,NP-48,"Nivel profesional de 48' con protección de ABS, TRUPER",P104,Niveles,NIVELES
17042,G-REP,"Gota verde de acrílico de repuesto para nivel, TRUPER",P104,Niveles,NIVELES
17054,NTX-9,"Nivel torpedo magnético de 10' con cuerpo de aluminio,EXPERT",P104,Niveles,NIVELES
22454,NP-12P,"Nivel de 12' con cuerpo de aluminio, PRETUL",P104,Niveles,NIVELES
22456,NP-14P,"Nivel de 14' con cuerpo de aluminio, PRETUL",P104,Niveles,NIVELES
22458,NP-18P,"Nivel de 18' con cuerpo de aluminio, PRETUL",P104,Niveles,NIVELES
22460,NP-24P,"Nivel de 24' con cuerpo de aluminio, PRETUL",P104,Niveles,NIVELES
10014,PR-PE,"Pala (lampa) recta, Perú, TRUPER",P299,Palas nacionales,PALAS
100147,PES-X,"Pala escarramán, puño 'Y', mango acero, TRUPER EXPERT",P299,Palas nacionales,PALAS
102170,PCACL-P,"Pala carbonera chica T-2000 con mango largo de 43', TRUPER",P299,Palas nacionales,PALAS
102206,PPH-PE,"Pala redonda T-1000 tipo español, puño 'Y', TRUPER",P299,Palas nacionales,PALAS
102454,PES-PD,"Pala escarramán T-2000, puño doble 'Y', TRUPER",P299,Palas nacionales,PALAS
102457,PCY-PF,"Pala cuadrada T-2000, puño 'Y' mango fibra de vidrio, TRUPER",P299,Palas nacionales,PALAS
102458,PRY-PF,"Pala redonda T-2000, puño 'Y' mango fibra de vidrio, TRUPER",P299,Palas nacionales,PALAS
102459,PCAY-PF,"Pala carbonera T-2000, puño 'Y' mango fibra de vidrio TRUPER",P299,Palas nacionales,PALAS
102563,PCY-PL,"Pala cuadrada T-2000, puño offset 'Y', mango 36', TRUPER",P299,Palas nacionales,PALAS
11039,PCY-PE,"Pala cuadrada T-1000, puño 'Y', TRUPER",P299,Palas nacionales,PALAS
11147,PRY-P4,"Pala redonda #4 T-2000, puño 'Y', TRUPER",P299,Palas nacionales,PALAS
11149,PRL-P4,"Pala redonda # 4 T-2000, mango largo 45', TRUPER",P299,Palas nacionales,PALAS
11167,PRY-PE,"Pala redonda T-1000, puño 'Y', TRUPER",P299,Palas nacionales,PALAS
11391,PCS-4L,"Pala T-2000 cuadrada, tipo español, mango largo 41', TRUPER",P299,Palas nacionales,PALAS
17154,PRY,"Pala redonda Classic, puño 'Y', TRUPER",P299,Palas nacionales,PALAS
17155,PCY,"Pala cuadrada Classic, puño 'Y', TRUPER",P299,Palas nacionales,PALAS
17156,PES,"Pala escarramán Classic, puño 'Y', TRUPER",P299,Palas nacionales,PALAS
17158,PCAY,"Pala carbonera Classic, puño 'Y', TRUPER",P299,Palas nacionales,PALAS
17160,PRY-P,"Pala redonda T-2000, puño 'Y', TRUPER",P299,Palas nacionales,PALAS
17161,PCY-P,"Pala cuadrada T-2000, puño 'Y', TRUPER",P299,Palas nacionales,PALAS
17162,PES-P,"Pala escarramán T-2000, puño 'Y', TRUPER",P299,Palas nacionales,PALAS
17163,PEP-P,"Pala espadón T-2000, puño 'Y', TRUPER",P299,Palas nacionales,PALAS
17164,PCAY-P,"Pala carbonera T-2000, puño 'Y', TRUPER",P299,Palas nacionales,PALAS
17165,PPH-P,"Pala redonda #4 T-2000 tipo español, puño 'Y', TRUPER",P299,Palas nacionales,PALAS
17169,PRL,"Pala redonda Classic, mango largo 48', TRUPER",P299,Palas nacionales,PALAS
17170,PCL,"Pala cuadrada Classic, mango largo 48', TRUPER",P299,Palas nacionales,PALAS
17172,PIR,"Pala irrigación Classic, mango largo 49', TRUPER",P299,Palas nacionales,PALAS
17174,PCAL,"Pala carbonera Classic, mango largo 49', TRUPER",P299,Palas nacionales,PALAS
17175,PRL-P,"Pala redonda T-2000, mango largo 45', TRUPER",P299,Palas nacionales,PALAS
17176,PCL-P,"Pala cuadrada T-2000, mango largo 45', TRUPER",P299,Palas nacionales,PALAS
17177,PIR-P,"Pala irrigación T-2000, mango largo 45', TRUPER",P299,Palas nacionales,PALAS
17181,PALY-10,"Pala sanitaria cabeza #14 de aluminio, puño 'Y', mango 27'",P299,Palas nacionales,PALAS
17186,PIR-A,"Pala irrigación Classic, cerrada, mango largo 49', TRUPER",P299,Palas nacionales,PALAS
17187,PIR-3P,Pala irrigación T-2000 3 perforaciones mango largo 45',P299,Palas nacionales,PALAS
17193,TR-BY,"Pala cajuelera redonda, puño 'D' mango de madera, TRUPER",P299,Palas nacionales,PALAS
17194,TR-BYC,"Pala cajuelera cuadrada, puño 'D' mango de madera, TRUPER",P299,Palas nacionales,PALAS
17195,TR-BY-F,"Pala cajuelera redonda, puño 'D' con mango fibra de vidrio",P299,Palas nacionales,PALAS
17196,TR-BYFC,"Pala cajuelera cuadrada, puño 'D' con mango fibra de vidrio",P299,Palas nacionales,PALAS
17202,PCS-4P,"Pala cuadrada #4 T-2000 tipo español, puño 'Y', TRUPER",P299,Palas nacionales,PALAS
17204,PRL-CG,"Pala redonda Classic Gardener, mango 45', TRUPER",P299,Palas nacionales,PALAS
17205,PCL-CG,"Pala cuadrada Classic Gardener, mango 45', TRUPER",P299,Palas nacionales,PALAS
17226,PES-LP,"Pala escarramán T-2000, mango largo 45', TRUPER",P299,Palas nacionales,PALAS
17232,PALY-12,"Pala sanitaria cabeza #15 de aluminio, puño 'Y', mango 27'",P299,Palas nacionales,PALAS
17233,PALY-14,"Pala sanitaria cabeza #15-1/2 aluminio, puño 'Y', mango 27'",P299,Palas nacionales,PALAS
17251,PEP-16,"Pala espadón Classic, puño 'Y', TRUPER",P299,Palas nacionales,PALAS
17252,PAPLA-12,"Pala sanitaria cabeza plástica, puño 'Y', mango 27', TRUPER",P299,Palas nacionales,PALAS
19660,PCACY-P,"Pala carbonera chica T-2000, puño 'Y', TRUPER",P299,Palas nacionales,PALAS
19662,PARRO-LP,"Pala irrigación T-2000 3 perforaciones, arrocera, mango 45'",P299,Palas nacionales,PALAS
19684,PCAY-G,"Pala carbonera Classic, puño 'Y', extra grande, TRUPER",P299,Palas nacionales,PALAS
19687,C-PCY-P,"Pala T-2000 cuadrada, cabeza sola",P299,Palas nacionales,PALAS
19708,PEP-16L,"Pala espadón Classic, mango largo 49', TRUPER",P299,Palas nacionales,PALAS
19885,PES-PE,"Pala escarramán T-1000, puño 'Y', TRUPER",P299,Palas nacionales,PALAS
20645,PED-P,"Pala escarramán, mango madera, puño 'Y', PRETUL",P299,Palas nacionales,PALAS
22502,PRD-P,"Pala redonda, puño 'D', mango 28-1/2', PRETUL",P299,Palas nacionales,PALAS
22506,PCD-P,"Pala cuadrada, puño 'D', PRETUL",P299,Palas nacionales,PALAS
22507,PRD-L,"Pala redonda mango largo 44', PRETUL",P299,Palas nacionales,PALAS
22508,PCD-L,"Pala cuadrada, mango largo 44', PRETUL",P299,Palas nacionales,PALAS
22511,PCD-X,"Pala cuadrada, puño 'Y', mango 28', PRETUL",P299,Palas nacionales,PALAS
25022,PES-LRP,"Pala escarramán, mango largo, PRETUL",P299,Palas nacionales,PALAS
45027,PCY-UR,"Pala cuadrada, puño 'Y', mango de madera, Urreola, TRUPER",P299,Palas nacionales,PALAS
10038,PAZAR-5,"Pala azada redonda # 5, sin mango, TRUPER",P299,Palas nacionales,PALAS
10039,PAZAC-5,"Pala azada cuadrada # 5, sin mango, TRUPER",P299,Palas nacionales,PALAS
10257,PAZAC-6,"Pala azada cuadrada # 6, sin mango, TRUPER",P299,Palas nacionales,PALAS
10263,PAZAR-6,"Pala azada redonda # 6, sin mango, TRUPER",P299,Palas nacionales,PALAS
16018,PLE-18,"Pala plegable de 18', TRUPER",P299,Palas nacionales,PALAS
17150,PRY-F,"Pala redonda Tru Pro, puño 'Y', mango de fibra de vidrio",P299,Palas nacionales,PALAS
17151,PCY-F,"Pala cuadrada Tru Pro, puño 'Y', mango de fibra de vidrio",P299,Palas nacionales,PALAS
17152,PES-F,"Pala escarramán Tru Pro, puño 'Y', mango de fibra de vidrio",P299,Palas nacionales,PALAS
17153,PCAY-F,"Pala carbonera Tru Pro, puño 'Y', mango de fibra de vidrio",P299,Palas nacionales,PALAS
17166,PRL-F,"Pala redonda Tru Pro, mango largo de fibra de vidrio 48'",P299,Palas nacionales,PALAS
17167,PCL-F,"Pala cuadrada Tru Pro, mango largo de fibra de vidrio 48'",P299,Palas nacionales,PALAS
19663,PAZAC-3,"Pala azada cuadrada # 3, sin mango, TRUPER",P299,Palas nacionales,PALAS
19664,PAZAC-4,"Pala azada cuadrada # 4, sin mango, TRUPER",P299,Palas nacionales,PALAS
19665,PAZAR-3,"Pala azada redonda # 3, sin mango, TRUPER",P299,Palas nacionales,PALAS
19666,PAZAR-4,"Pala azada redonda # 4, sin mango, TRUPER",P299,Palas nacionales,PALAS
101963,T210-9X,"Pinza para electricista 9' c/ponchador de terminales, EXPERT",P108,Pinzas,"PINZAS 
MINIATURA"
102393,PEX-8X,"Pinzas de extensión 8' mango Comfort Grip, TRUPER EXPERT",P108,Pinzas,"PINZAS 
MINIATURA"
102394,PEX-12X,"Pinzas de extensión 12' mango Comfort Grip, TRUPER EXPERT",P108,Pinzas,"PINZAS 
MINIATURA"
102426,T211-9X,Pinza para electricista 9' alta palanca mango Comfort Grip,P108,Pinzas,"PINZAS 
MINIATURA"
102427,T202-5X,"Pinza corte diagonal 5' alta palanca, Comfort Grip, EXPERT",P108,Pinzas,"PINZAS 
MINIATURA"
102428,T202-8X,"Pinza corte diagonal 8' alta palanca, Comfort Grip, EXPERT",P108,Pinzas,"PINZAS 
MINIATURA"
103012,PMU-8EX,"Pinza multiuso 9' electricista, comfort grip, TRUPER EXPERT",P108,Pinzas,"PINZAS 
MINIATURA"
103013,PMU-8PX,"Pinza multiuso 8' punta larga, comfort grip, TRUPER expert",P108,Pinzas,"PINZAS 
MINIATURA"
12347,T201-6X,"Pinza para electricista 6' alta palanca, Comfort Grip,EXPERT",P108,Pinzas,"PINZAS 
MINIATURA"
12348,T203-7X,"Pinza punta y corte 7' mango Comfort Grip, TRUPER EXPERT",P108,Pinzas,"PINZAS 
MINIATURA"
12349,T202-7X,"Pinza corte diagonal 7' alta palanca, Comfort Grip, EXPERT",P108,Pinzas,"PINZAS 
MINIATURA"
12350,T200-8X,"Pinza electricista 8' uso rudo, alta palanca, Comfort Grip",P108,Pinzas,"PINZAS 
MINIATURA"
12351,T200-9X,"Pinza electricista 9' uso rudo, alta palanca, Comfort Grip",P108,Pinzas,"PINZAS 
MINIATURA"
13065,PCH-8X,"Pinzas de chofer 8' mango Comfort Grip, TRUPER EXPERT",P108,Pinzas,"PINZAS 
MINIATURA"
13066,PCH-10X,"Pinzas de chofer 10' mango Comfort Grip, TRUPER EXPERT",P108,Pinzas,"PINZAS 
MINIATURA"
13068,PEX-10X,"Pinzas de extensión 10' mango Comfort Grip, TRUPER EXPERT",P108,Pinzas,"PINZAS 
MINIATURA"
17329,T201-7X,"Pinza para electricista 7' alta palanca, Comfort Grip,EXPERT",P108,Pinzas,"PINZAS 
MINIATURA"
17330,T201-8X," Pinza para electricista 8' alta palanca,Comfort Grip,EXPERT",P108,Pinzas,"PINZAS 
MINIATURA"
17331,T202-6X,"Pinza corte diagonal 6' alta palanca, Comfort Grip, EXPERT",P108,Pinzas,"PINZAS 
MINIATURA"
17334,T203-6X,"Pinza punta y corte 6' mango Comfort Grip, TRUPER EXPERT",P108,Pinzas,"PINZAS 
MINIATURA"
17336,T203-8X,"Pinza punta y corte 8' mango Comfort Grip, TRUPER EXPERT",P108,Pinzas,"PINZAS 
MINIATURA"
17337,T302-6X,"Pinza punta curva 6' mango Comfort Grip, TRUPER EXPERT",P108,Pinzas,"PINZAS 
MINIATURA"
17338,T200-7X,"Pinza electricista 7' uso rudo, alta palanca, Comfort Grip",P108,Pinzas,"PINZAS 
MINIATURA"
17361,PA-366,"Pinza punta recta 7' para cerrar anillos, mango de PVC",P108,Pinzas,"PINZAS 
MINIATURA"
17362,PA-367,"Pinza punta a 90° 6-3/4' para cerrar anillos, mango de PVC",P108,Pinzas,"PINZAS 
MINIATURA"
17363,PA-368,"Pinza punta recta 7' para abrir anillos, mango de PVC",P108,Pinzas,"PINZAS 
MINIATURA"
17364,PA-369,"Pinza punta a 90° 6-3/4' para abrir anillos, mango de PVC",P108,Pinzas,"PINZAS 
MINIATURA"
17365,PM-PC4,"Mini pinza de punta curva 5' mango Comfort Grip, TRUPER",P108,Pinzas,"PINZAS 
MINIATURA"
17366,PM-PU4,"Mini pinza de punta y corte 5' mango Comfort Grip, TRUPER",P108,Pinzas,"PINZAS 
MINIATURA"
17367,PM-CD4,"Mini pinza de corte diagonal 4' mango Comfort Grip, TRUPER",P108,Pinzas,"PINZAS 
MINIATURA"
17368,PM-TN4,"Mini pinza tipo tenaza 4' mango Comfort Grip, TRUPER",P108,Pinzas,"PINZAS 
MINIATURA"
17370,PM-PR4,"Mini pinza de punta redonda 5' mango Comfort Grip, TRUPER",P108,Pinzas,"PINZAS 
MINIATURA"
17371,PM-PE4,"Mini pinza para electricista 5' mango Comfort Grip, TRUPER",P108,Pinzas,"PINZAS 
MINIATURA"
18200,JGO-MP-DJ,Juego 6 desarmadores de joyero y 4 mini pinzas Comfort Grip,P108,Pinzas,"PINZAS 
MINIATURA"
18216,JGO-PEPI-3,"Juego con 2 pinzas y 1 llave ajustable mango de PVC, TRUPER",P108,Pinzas,"PINZAS 
MINIATURA"
22603,PEL-7P,"Pinza para electricista 7' mango de PVC, PRETUL",P108,Pinzas,"PINZAS 
MINIATURA"
22606,218-P,"Pinza para electricista 8' uso rudo, mango de PVC, PRETUL",P108,Pinzas,"PINZAS 
MINIATURA"
22609,PEL-8P,"Pinza para electricista 8' mango de PVC, PRETUL",P108,Pinzas,"PINZAS 
MINIATURA"
22612,219-P,"Pinza para electricista 9' uso rudo, mango de PVC, PRETUL",P108,Pinzas,"PINZAS 
MINIATURA"
22662,PMP-PU4,"Mini pinza de punta y corte 5', PRETUL",P108,Pinzas,"PINZAS 
MINIATURA"
22663,PMP-CD4,"Mini pinza de corte diagonal 4', PRETUL",P108,Pinzas,"PINZAS 
MINIATURA"
22664,PMP-TN4,"Mini pinza tipo tenaza 4', PRETUL",P108,Pinzas,"PINZAS 
MINIATURA"
22666,PMP-PR4,"Mini pinza de punta redonda 5', PRETUL",P108,Pinzas,"PINZAS 
MINIATURA"
22670,PPC-6PX,"Pinza de punta y corte 6' mango Comfort Grip, PRETUL",P108,Pinzas,"PINZAS 
MINIATURA"
22671,PPC-8PX,"Pinza de punta y corte 8' mango Comfort Grip, PRETUL",P108,Pinzas,"PINZAS 
MINIATURA"
22672,PCH-6PX,"Pinza de chofer 6' mango Comfort Grip, PRETUL",P108,Pinzas,"PINZAS 
MINIATURA"
22673,PCH-8PX,"Pinza de chofer 8' mango Comfort Grip, PRETUL",P108,Pinzas,"PINZAS 
MINIATURA"
22674,PEL-8PX,"Pinza para electricista 8' mango Comfort Grip, PRETUL",P108,Pinzas,"PINZAS 
MINIATURA"
22675,PCD-6PX,"Pinza de corte diagonal 6' mango Comfort Grip, PRETUL",P108,Pinzas,"PINZAS 
MINIATURA"
22676,PEL-7PX,"Pinza para electricista 7' mango Comfort Grip, PRETUL",P108,Pinzas,"PINZAS 
MINIATURA"
22677,PPC-7PX,"Pinza de punta y corte 7' mango Comfort Grip, PRETUL",P108,Pinzas,"PINZAS 
MINIATURA"
22678,PCD-7PX,"Pinza de corte diagonal 7' mango Comfort Grip, PRETUL",P108,Pinzas,"PINZAS 
MINIATURA"
22708,PEL-8PG,"Pinza para electricista 8' mango de vinil, a granel, PRETUL",P108,Pinzas,"PINZAS 
MINIATURA"
22971,JGO-PIN5,"Juego de 4 pinzas y 1 llave ajustable, PRETUL",P108,Pinzas,"PINZAS 
MINIATURA"
27154,218-PX,"Pinza p/electricista 8' uso rudo, Comfort Grip, PRETUL",P108,Pinzas,"PINZAS 
MINIATURA"
27155,219-PX,"Pinza p/electricista 9' uso rudo, Comfort Grip, PRETUL",P108,Pinzas,"PINZAS 
MINIATURA"
27156,PEL-6PX,"Pinza para electricista 6' mango Comfort Grip, PRETUL",P108,Pinzas,"PINZAS 
MINIATURA"
27157,PEX-8PX,"Pinza de extensión 8' mango Comfort Grip, PRETUL",P108,Pinzas,"PINZAS 
MINIATURA"
27158,PEX-10PX,"Pinza de extensión 10' mango Comfort Grip, PRETUL",P108,Pinzas,"PINZAS 
MINIATURA"
27159,PEX-12PX,"Pinza de extensión 12' mango Comfort Grip, PRETUL",P108,Pinzas,"PINZAS 
MINIATURA"
27160,PCD-8PX,"Pinza de corte diagonal 8' mango Comfort Grip, PRETUL",P108,Pinzas,"PINZAS 
MINIATURA"
27161,PCH-10PX,"Pinza de chofer 10', mango comfort grip, PRETUL",P108,Pinzas,"PINZAS 
MINIATURA"
100138,T210-8,"Pinza para electricista 8' alta palanca mango PVC, TRUPER",P108,Pinzas,"PINZAS 
MINIATURA"
100579,T200-9,"Pinza para electricista 9' mango de PVC, TRUPER",P108,Pinzas,"PINZAS 
MINIATURA"
102482,PEX-7E,"Pinza de extensión 7', mango de PVC, TRUPER",P108,Pinzas,"PINZAS 
MINIATURA"
102483,PEX-10E,"Pinza de extensión 10', mango de PVC, TRUPER",P108,Pinzas,"PINZAS 
MINIATURA"
102484,PEX-12E,"Pinza de extensión 12', mango de PVC, TRUPER",P108,Pinzas,"PINZAS 
MINIATURA"
102485,PEX-16E,"Pinza de extensión 16', mango de PVC, TRUPER",P108,Pinzas,"PINZAS 
MINIATURA"
103570,PCR-6,"Pinza de corte al ras 6' mango de PVC, TRUPER",P108,Pinzas,"PINZAS 
MINIATURA"
12353,T202-8,"Pinza de corte diagonal 8' mango de PVC, TRUPER",P108,Pinzas,"PINZAS 
MINIATURA"
17300,PCH-6,"Pinza de chofer 6' mango de PVC, TRUPER",P108,Pinzas,"PINZAS 
MINIATURA"
17301,PCH-8,"Pinza de chofer 8' mango de PVC, TRUPER",P108,Pinzas,"PINZAS 
MINIATURA"
17302,PCH-10,"Pinza de chofer 10' mango de PVC, TRUPER",P108,Pinzas,"PINZAS 
MINIATURA"
17303,T201-7,"Pinza para electricista 7' uso rudo, mango PVC, TRUPER",P108,Pinzas,"PINZAS 
MINIATURA"
17304,T201-8,"Pinza para electricista 8' uso rudo, mango PVC, TRUPER",P108,Pinzas,"PINZAS 
MINIATURA"
17305,T201-9,"Pinza para electricista 9' uso rudo, mango PVC, TRUPER",P108,Pinzas,"PINZAS 
MINIATURA"
17306,T200-6,"Pinza para electricista 6' mango de PVC, TRUPER",P108,Pinzas,"PINZAS 
MINIATURA"
17307,T200-7,"Pinza para electricista 7' mango de PVC, TRUPER",P108,Pinzas,"PINZAS 
MINIATURA"
17308,T200-8,"Pinza para electricista 8' mango de PVC, TRUPER",P108,Pinzas,"PINZAS 
MINIATURA"
17309,T203-6,"Pinza de punta y corte 6' mango de PVC, TRUPER",P108,Pinzas,"PINZAS 
MINIATURA"
17310,T203-8,"Pinza de punta y corte 8' mango de PVC, TRUPER",P108,Pinzas,"PINZAS 
MINIATURA"
17311,T202-5,"Pinza de corte diagonal 5' mango de PVC, TRUPER",P108,Pinzas,"PINZAS 
MINIATURA"
17312,T202-6,"Pinza de corte diagonal 6' mango de PVC, TRUPER",P108,Pinzas,"PINZAS 
MINIATURA"
17313,T202-7,"Pinza de corte diagonal 7' mango de PVC, TRUPER",P108,Pinzas,"PINZAS 
MINIATURA"
17315,T203-7,"Pinza de punta y corte 7' mango de PVC, TRUPER",P108,Pinzas,"PINZAS 
MINIATURA"
17328,T210-9,"Pinza para electricista 9' alta palanca mango PVC, TRUPER",P108,Pinzas,"PINZAS 
MINIATURA"
17340,PSA-9,"Pinza sacabocados 9' mango de PVC, TRUPER",P108,Pinzas,"PINZAS 
MINIATURA"
17350,PEX-8,"Pinza de extensión 8' mango de PVC, TRUPER",P108,Pinzas,"PINZAS 
MINIATURA"
17351,PEX-10,"Pinza de extensión 10' mango de PVC, TRUPER",P108,Pinzas,"PINZAS 
MINIATURA"
17352,PEX-12,"Pinza de extensión 12' mango de PVC, TRUPER",P108,Pinzas,"PINZAS 
MINIATURA"
17354,PACE-11,"Pinza de hacendado 11' mango de PVC, TRUPER",P108,Pinzas,"PINZAS 
MINIATURA"
17355,PIAN-4,Pinza para anillos de retención 6' 4 cabezas intercambiables,P108,Pinzas,"PINZAS 
MINIATURA"
17369,PM-PA4,"Mini pinza de punta de aguja 6' mango Comfort Grip, TRUPER",P108,Pinzas,"PINZAS 
MINIATURA"
18215,JGO-PM-3,"Juego de 3 mini pinzas mango Comfort Grip, TRUPER",P108,Pinzas,"PINZAS 
MINIATURA"
20016,JGO-PM-3P,"Juego de 3 mini pinzas, mangos de PVC, PRETUL",P108,Pinzas,"PINZAS 
MINIATURA"
22624,PPC-6P,"Pinza de punta y corte 6' mango de PVC, PRETUL",P108,Pinzas,"PINZAS 
MINIATURA"
22625,PPC-7P,"Pinza de punta y corte 7' mango de PVC, PRETUL",P108,Pinzas,"PINZAS 
MINIATURA"
22627,PPC-8P,"Pinza de punta y corte 8' mango de PVC, PRETUL",P108,Pinzas,"PINZAS 
MINIATURA"
22636,PCD-6P,"Pinza de corte diagonal 6' mango de PVC, PRETUL",P108,Pinzas,"PINZAS 
MINIATURA"
22637,PCD-7P,"Pinza de corte diagonal 7' mango de PVC, PRETUL",P108,Pinzas,"PINZAS 
MINIATURA"
22639,PCD-8P,"Pinza de corte diagonal 8' mango de PVC, PRETUL",P108,Pinzas,"PINZAS 
MINIATURA"
22651,PCH-6P,"Pinza de chofer 6' mango de PVC, PRETUL",P108,Pinzas,"PINZAS 
MINIATURA"
22654,PCH-8P,"Pinza de chofer 8' mango de PVC, PRETUL",P108,Pinzas,"PINZAS 
MINIATURA"
22656,PACE-11P,"Pinza de hacendado 11' mango de PVC, PRETUL",P108,Pinzas,"PINZAS 
MINIATURA"
22665,PMP-PA4,"Mini pinza de punta de aguja 6', PRETUL",P108,Pinzas,"PINZAS 
MINIATURA"
22709,PCH-8PG,"Pinza de chofer 8' mango de vinil, a granel, PRETUL",P108,Pinzas,"PINZAS 
MINIATURA"
22966,JGO-PIN3X,"Juego de 3 pinzas 3 mango Comfort Grip, PRETUL",P108,Pinzas,"PINZAS 
MINIATURA"
22970,JGO-PIN4,"Juego de 4 pinzas, mangos de PVC, PRETUL",P108,Pinzas,"PINZAS 
MINIATURA"
23976,JGO-PIN-3C,"Juego de 3 pinzas, mangos de PVC, PRETUL",P108,Pinzas,"PINZAS 
MINIATURA"
28158,PPC-6PG,"Pinza de punta y corte 6' mango de vinil, a granel, PRETUL",P108,Pinzas,"PINZAS 
MINIATURA"
28159,PCD-6PG,"Pinza de corte diagonal 6' mango de vinil, a granel, PRETUL",P108,Pinzas,"PINZAS 
MINIATURA"
28160,PCH-10P,"Pinza de chofer 10' mango de PVC, PRETUL",P108,Pinzas,"PINZAS 
MINIATURA"
28161,PEX-8P,"Pinza de extensión 8' mango de PVC, PRETUL",P108,Pinzas,"PINZAS 
MINIATURA"
28162,PEX-10P,"Pinza de extensión 10' mango de PVC, PRETUL",P108,Pinzas,"PINZAS 
MINIATURA"
28163,PEX-12P,"Pinza de extensión 12' mango de PVC, PRETUL",P108,Pinzas,"PINZAS 
MINIATURA"
28216,JGO-PEPI-3P,"Juego de 2 pinzas y 1 llave ajustable, mangos de PVC, PRETUL",P108,Pinzas,"PINZAS 
MINIATURA"
22975,JGO-PIN3,"Juego de 3 pinzas de 6', mangos de PVC, PRETUL",P108,Pinzas,"PINZAS 
MINIATURA"
23975,JGO-PIN-3B,"Juego de 3 pinzas, 2 de 6' y 1 de 8', mangos de PVC, PRETUL",P108,Pinzas,"PINZAS 
MINIATURA"
103207,PPT-10JC,"Pinza de presión 10' mordaza curva, tipo japonés, TRUPER",P264,Pinzas de presión,PINZAS DE PRESIÓN
103208,PPT-10JR,"Pinza de presión 10' mordaza recta, tipo japonés, TRUPER",P264,Pinzas de presión,PINZAS DE PRESIÓN
17413,PPC-6R,Pinza de presión 6' tipo 'C' con mordaza autoajustable,P264,Pinzas de presión,PINZAS DE PRESIÓN
17414,PPC-9R,Pinza de presión 9' tipo 'C' con mordaza autoajustable,P264,Pinzas de presión,PINZAS DE PRESIÓN
17415,PPC-18R,Pinza de presión 18' tipo 'C' con mordaza autoajustable,P264,Pinzas de presión,PINZAS DE PRESIÓN
17416,PPP-6R,"Pinza de presión 6' tipo 'C' con mordaza fija, TRUPER",P264,Pinzas de presión,PINZAS DE PRESIÓN
17417,PPP-11R,"Pinza de presión 11' tipo 'C' con mordaza fija, TRUPER",P264,Pinzas de presión,PINZAS DE PRESIÓN
17418,PPP-18R,"Pinza de presión 18' tipo 'C' con mordaza fija, TRUPER",P264,Pinzas de presión,PINZAS DE PRESIÓN
17419,PPT-4C,"Pinza de presión 4' mordaza curva, TRUPER",P264,Pinzas de presión,PINZAS DE PRESIÓN
17420,PPT-5C,"Pinza de presión 5' mordaza curva, TRUPER",P264,Pinzas de presión,PINZAS DE PRESIÓN
17421,PPT-7C,"Pinza de presión 7' mordaza curva, TRUPER",P264,Pinzas de presión,PINZAS DE PRESIÓN
17422,PPT-7R,"Pinza de presión 7' mordaza recta, TRUPER",P264,Pinzas de presión,PINZAS DE PRESIÓN
17423,PPT-10C,"Pinza de presión 10' mordaza curva, TRUPER",P264,Pinzas de presión,PINZAS DE PRESIÓN
17424,PPT-10R,"Pinza de presión 10' mordaza recta, TRUPER",P264,Pinzas de presión,PINZAS DE PRESIÓN
17425,PPP-8R,"Pinza de presión 8' hojalatera, TRUPER",P264,Pinzas de presión,PINZAS DE PRESIÓN
17426,PPS-9R,"Pinza de presión 9' soldadora, TRUPER",P264,Pinzas de presión,PINZAS DE PRESIÓN
17427,PPC-11R,Pinza de presión 11' tipo 'C' con mordaza autoajustable,P264,Pinzas de presión,PINZAS DE PRESIÓN
17429,PPT-12C,"Pinza de presión 12' mordaza curva, TRUPER",P264,Pinzas de presión,PINZAS DE PRESIÓN
17431,PPT-12R,"Pinza de presión 12' mordaza recta, TRUPER",P264,Pinzas de presión,PINZAS DE PRESIÓN
17432,PPT-6PL,"Pinza de presión 6', punta larga, TRUPER",P264,Pinzas de presión,PINZAS DE PRESIÓN
17433,PPT-9PL,"Pinza de presión 9', punta larga, TRUPER",P264,Pinzas de presión,PINZAS DE PRESIÓN
17434,PPT-4PL,"Pinza de presión 4', punta larga, TRUPER",P264,Pinzas de presión,PINZAS DE PRESIÓN
17448,PPT-10A,"Pinza de presión 10' apertura amplia, TRUPER",P264,Pinzas de presión,PINZAS DE PRESIÓN
17469,PPT-S8,"Pinzas de presión 8' tipo sargento, TRUPER",P264,Pinzas de presión,PINZAS DE PRESIÓN
22700,PP-10C,"Pinza de presión 10' mordaza curva, PRETUL",P264,Pinzas de presión,PINZAS DE PRESIÓN
22701,PP-7C,"Pinza de presión 7' mordaza curva, PRETUL",P264,Pinzas de presión,PINZAS DE PRESIÓN
22702,PP-10R,"Pinza de presión 10' mordaza recta, PRETUL",P264,Pinzas de presión,PINZAS DE PRESIÓN
22706,PP-5C,"Pinza de presión 5' mordaza curva, PRETUL",P264,Pinzas de presión,PINZAS DE PRESIÓN
22707,PP-10RG,"Pinza de presión 10' mordaza recta, a granel, PRETUL",P264,Pinzas de presión,PINZAS DE PRESIÓN
25986,PP-10CG,"Pinza de presión 10' mordaza curva, a granel, PRETUL",P264,Pinzas de presión,PINZAS DE PRESIÓN
17436,PPT-10CX,"Pinza de presión 10' mordaza curva mango de vinil, TRUPER",P264,Pinzas de presión,PINZAS DE PRESIÓN
17437,PPT-10RX,"Pinza de presión 10' mordaza recta mango de vinil, TRUPER",P264,Pinzas de presión,PINZAS DE PRESIÓN
17438,PPT-CAD,"Pinza de presión 8' de cadena, TRUPER",P264,Pinzas de presión,PINZAS DE PRESIÓN
17446,PPF-500,"Pinza de presión 9' para filtros de aceite, TRUPER",P264,Pinzas de presión,PINZAS DE PRESIÓN
100662,T275-5X,"Pinza 5' de corte para electrónica, TRUPER EXPERT",P267,"Pinzas pela cables, corta cables y para electrónica",PINZAS PELACABLE
102511,PE-CA-10M,"Pinza cortador multicable 10', TRUPER",P267,"Pinzas pela cables, corta cables y para electrónica",PINZAS PELACABLE
103158,PE-CA,"Pinza 7' pela cables automática, 24 a 10 AWG, TRUPER",P267,"Pinzas pela cables, corta cables y para electrónica",PINZAS PELACABLE
103328,PCT-8K,"Kit de crimpadora y 500 terminales con aislamiento, TRUPER",P267,"Pinzas pela cables, corta cables y para electrónica",PINZAS PELACABLE
103329,PCT-8,"Pinza de crimpado para terminales, TRUPER",P267,"Pinzas pela cables, corta cables y para electrónica",PINZAS PELACABLE
103351,PE-CA-61,"Pinza 6' pela cables, 20 a 10 AWG, TRUPER",P267,"Pinzas pela cables, corta cables y para electrónica",PINZAS PELACABLE
103352,PE-CA-62,"Pinza 6' pela cables, 30 a 20 AWG, TRUPER",P267,"Pinzas pela cables, corta cables y para electrónica",PINZAS PELACABLE
103357,PE-CA-65,"Pinza 6.5' pela cables automática, 14 a 10 AWG, TRUPER",P267,"Pinzas pela cables, corta cables y para electrónica",PINZAS PELACABLE
103632,PCC-10X,"Pinzas cortacable de trinquete 10', TRUPER EXPERT",P267,"Pinzas pela cables, corta cables y para electrónica",PINZAS PELACABLE
17360,PEC-AUT,"Pinza 8' pela cables automática, 22 a 10 AWG, TRUPER",P267,"Pinzas pela cables, corta cables y para electrónica",PINZAS PELACABLE
17376,PE-CA-X,"Pinza 6' pela cables automática, 16 a 12 AWG, TRUPER EXPERT",P267,"Pinzas pela cables, corta cables y para electrónica",PINZAS PELACABLE
18343,PRJ-3X,"Pinza ponchadora, módulos intercambiables, TRUPER EXPERT",P267,"Pinzas pela cables, corta cables y para electrónica",PINZAS PELACABLE
22710,PE-CA-9P,"Pinza 9' pela cables, 18 a 10 AWG, PRETUL",P267,"Pinzas pela cables, corta cables y para electrónica",PINZAS PELACABLE
102681,PRJ-3,"Pinza ponchadora, 3 módulos",P267,"Pinzas pela cables, corta cables y para electrónica",PINZAS PELACABLE
104039,PPHI-16,"Pinza ponchadora hidráulica 16 toneladas, TRUPER",P267,"Pinzas pela cables, corta cables y para electrónica",PINZAS PELACABLE
17314,T275-5,"Pinza 5' de corte para electrónica, TRUPER",P267,"Pinzas pela cables, corta cables y para electrónica",PINZAS PELACABLE
17353,PE-CA-9,"Pinza 9' pela cables, 26 a 10 AWG, TRUPER",P267,"Pinzas pela cables, corta cables y para electrónica",PINZAS PELACABLE
17356,PE-CA-6,"Pinza 6' pela cables, 26 a 16 AWG, TRUPER",P267,"Pinzas pela cables, corta cables y para electrónica",PINZAS PELACABLE
17357,PE-CA-8,"Pinza 8' pela cables, 24 a 12 AWG, TRUPER",P267,"Pinzas pela cables, corta cables y para electrónica",PINZAS PELACABLE
17378,PE-CA-7X,"Pinza profesional 7' pela cables y corta cables, 14 a 8 AWG",P267,"Pinzas pela cables, corta cables y para electrónica",PINZAS PELACABLE
18342,PRJ-45,"Pinza ponchadora para cables RJ-45, TRUPER EXPERT",P267,"Pinzas pela cables, corta cables y para electrónica",PINZAS PELACABLE
17358,PE-CA-10,"Pinza 10' pela cables, 20 a 10 AWG,TRUPER",P267,"Pinzas pela cables, corta cables y para electrónica",PINZAS PELACABLE
24232,PPE-300P,"Pinza porta electrodos de 300 Amperes, PRETUL",P586,Pinzas porta electrodo y para tierra,PINZAS PARA ELECTRODOS
24233,PPE-500P,"Pinza porta electrodos de 500 Amperes, PRETUL",P586,Pinzas porta electrodo y para tierra,PINZAS PARA ELECTRODOS
24234,PTI-300P,"Pinza para tierra de 300 Amperes, PRETUL",P586,Pinzas porta electrodo y para tierra,PINZAS PARA ELECTRODOS
24235,PTI-500P,"Pinza para tierra de 500 Amperes, PRETUL",P586,Pinzas porta electrodo y para tierra,PINZAS PARA ELECTRODOS
14232,PPE-300,"Pinza porta electrodo de 300 A, TRUPER",P586,Pinzas porta electrodo y para tierra,PINZAS PARA ELECTRODOS
14233,PPE-500,"Pinza porta electrodo de 500 A, TRUPER",P586,Pinzas porta electrodo y para tierra,PINZAS PARA ELECTRODOS
14234,PTI-300,"Pinza para tierra de 300 A, TRUPER",P586,Pinzas porta electrodo y para tierra,PINZAS PARA ELECTRODOS
14235,PTI-500,"Pinza para tierra de 500 A, TRUPER",P586,Pinzas porta electrodo y para tierra,PINZAS PARA ELECTRODOS
17472,KR-1L,"Pisón 8' x 8' con mango de acero de 48', TRUPER",P407,Pisones nacionales,PISONES
17473,KR-2L,"Pisón 10' x 10' con mango de acero de 48', TRUPER",P407,Pisones nacionales,PISONES
101280,PICA-R,"Pistola calafateadora reforzada, TRUPER",P438,Pistolas calafateadoras,PISTOLAS CALAFATEADORAS
101400,PICA-C,"Pistola calafateadora con cremallera, TRUPER",P438,Pistolas calafateadoras,PISTOLAS CALAFATEADORAS
101931,PICA-S,"Pistola calafateadora para salchicha de 600 ml, TRUPER",P438,Pistolas calafateadoras,PISTOLAS CALAFATEADORAS
17550,PICA-E,"Pistola calafateadora tipo esqueleto, TRUPER",P438,Pistolas calafateadoras,PISTOLAS CALAFATEADORAS
17558,PICA-X,"Pistola calafateadora tipo esqueleto, reforzada, TRUPER",P438,Pistolas calafateadoras,PISTOLAS CALAFATEADORAS
22800,PICA-9L,"Pistola calafateadora lisa, PRETUL",P438,Pistolas calafateadoras,PISTOLAS CALAFATEADORAS
22801,PICA-9C,"Pistola calafateadora con cremallera, PRETUL",P438,Pistolas calafateadoras,PISTOLAS CALAFATEADORAS
11820,PLOM-8G,"Plomada de latón 8 oz tipo Guatemala, TRUPER",P113,Plomadas,PLOMADAS
11822,PLOM-16G,"Plomada de latón 16 oz tipo Guatemala, TRUPER",P113,Plomadas,PLOMADAS
11823,PLOM-24G,"Plomada de latón 24 oz tipo Guatemala, TRUPER",P113,Plomadas,PLOMADAS
11824,PLOM-32G,"Plomada de latón 32 oz tipo Guatemala, TRUPER",P113,Plomadas,PLOMADAS
11848,PLOM-8L,"Plomada de acero, 8 oz, TRUPER",P113,Plomadas,PLOMADAS
11849,PLOM-16L,"Plomada de acero, 16 oz, TRUPER",P113,Plomadas,PLOMADAS
17067,PLOM-1L,"Plomada de latón 12 oz con centro y guía magnética, TRUPER",P113,Plomadas,PLOMADAS
17068,PLOM-3L,"Plomada de latón 16 oz con centro y guía magnética, TRUPER",P113,Plomadas,PLOMADAS
17069,PLOM-4L,"Plomada de latón 24 oz con centro y guía magnética, TRUPER",P113,Plomadas,PLOMADAS
22461,PLOM-1Z,"Plomada metálica de 200 g con centro, PRETUL",P113,Plomadas,PLOMADAS
22462,PLOM-2Z,"Plomada metálica de 310 g con centro, PRETUL",P113,Plomadas,PLOMADAS
22463,PLOM-3Z,"Plomada metálica de 340 g con centro, PRETUL",P113,Plomadas,PLOMADAS
22464,PLOM-4Z,"Plomada metálica de 675 g con centro, PRETUL",P113,Plomadas,PLOMADAS
17070,PLOM-8,"Plomada de latón 8 oz, TRUPER",P113,Plomadas,PLOMADAS
17071,PLOM-12,"Plomada de latón 12 oz, TRUPER",P113,Plomadas,PLOMADAS
17072,PLOM-16,"Plomada de latón 16 oz, TRUPER",P113,Plomadas,PLOMADAS
100142,PAR-26,"Prensa de ajuste rápido 6' uso rudo, cuerpo nylon, EXPERT",P769,Prensas y sargentos,PRENSAS
100143,PAR-212,"Prensa de ajuste rápido 12' uso rudo, cuerpo nylon, EXPERT",P769,Prensas y sargentos,PRENSAS
100144,PAR-224,"Prensa de ajuste rápido 24' uso rudo, cuerpo nylon, EXPERT",P769,Prensas y sargentos,PRENSAS
102544,PESQ-45,"Prensa esquinera profesional 4-1/2', TRUPER",P769,Prensas y sargentos,PRENSAS
102625,PAR-118,Prensa con ajuste rápido 18',P769,Prensas y sargentos,PRENSAS
102626,PAR-124,Prensa con ajuste rápido 24',P769,Prensas y sargentos,PRENSAS
102627,PAR-130,Prensa con ajuste rápido 30',P769,Prensas y sargentos,PRENSAS
102628,PAR-136,Prensa con ajuste rápido 36',P769,Prensas y sargentos,PRENSAS
102629,PAR-218,"Prensa con ajuste rápido 18', uso rudo, TRUPER EXPERT",P769,Prensas y sargentos,PRENSAS
102640,PAR-230,"Prensa con ajuste rápido 30', uso rudo, TRUPER EXPERT",P769,Prensas y sargentos,PRENSAS
102641,PAR-236,"Prensa con ajuste rápido 36', uso rudo, TRUPER EXPERT",P769,Prensas y sargentos,PRENSAS
102933,PMP-30,"Prensa morsa plana, apertura 3' (75 mm), TRUPER",P769,Prensas y sargentos,PRENSAS
102934,PMP-40,"Prensa morsa plana, apertura 4' (100 mm), TRUPER",P769,Prensas y sargentos,PRENSAS
102935,PMP-50,"Prensa morsa plana, apertura 5' (125 mm), TRUPER",P769,Prensas y sargentos,PRENSAS
102936,PMP-60,"Prensa morsa plana, apertura 6' (150 mm), TRUPER",P769,Prensas y sargentos,PRENSAS
103160,PRF-8X,"Prensa rápida tipo 'F' 8', uso rudo, EXPERT",P769,Prensas y sargentos,PRENSAS
103161,PRF-12X,"Prensa rápida tipo 'F' 12', uso rudo, EXPERT",P769,Prensas y sargentos,PRENSAS
103162,PRF-16X,"Prensa rápida tipo 'F' 16', uso rudo, EXPERT",P769,Prensas y sargentos,PRENSAS
103163,PRF-20X,"Prensa rápida tipo 'F' 20', uso rudo, EXPERT",P769,Prensas y sargentos,PRENSAS
17692,PNT-3G,"Prensa profunda 3' de hierro dúctil para carpintería, TRUPER",P769,Prensas y sargentos,PRENSAS
17740,ST,"Sargento de tubo 3/4', TRUPER",P769,Prensas y sargentos,PRENSAS
27200,PNT-2P,"Prensa 2' de hierro dúctil para carpintería, PRETUL",P769,Prensas y sargentos,PRENSAS
27201,PNT-3P,"Prensa 3' de hierro dúctil para carpintería, PRETUL",P769,Prensas y sargentos,PRENSAS
27202,PNT-4P,"Prensa 4' de hierro dúctil para carpintería, PRETUL",P769,Prensas y sargentos,PRENSAS
27203,PNT-5P,"Prensa 5' de hierro dúctil para carpintería, PRETUL",P769,Prensas y sargentos,PRENSAS
27204,PNT-6P,"Prensa 6' de hierro dúctil para carpintería, PRETUL",P769,Prensas y sargentos,PRENSAS
29012,PESQ-3P,"Prensa esquinera de 3', cuerpo aluminio, PRETUL",P769,Prensas y sargentos,PRENSAS
102234,PESQ-1,"Juego de 2 prensas esquineras de 1', TRUPER",P769,Prensas y sargentos,PRENSAS
102597,PESQ-25,"Prensa esquinera profesional, 2-1/2' de aluminio, TRUPER",P769,Prensas y sargentos,PRENSAS
103166,PRF-6,"Prensa rápida tipo 'F' 6', uso ligero, TRUPER",P769,Prensas y sargentos,PRENSAS
103167,PRF-8,"Prensa rápida tipo 'F' 8', uso ligero, TRUPER",P769,Prensas y sargentos,PRENSAS
103168,PRF-10,"Prensa rápida tipo 'F' 10', uso ligero, TRUPER",P769,Prensas y sargentos,PRENSAS
103169,PRF-12,"Prensa rápida tipo 'F' 12', uso ligero, TRUPER",P769,Prensas y sargentos,PRENSAS
103200,PRF-18,"Prensa rápida tipo 'F' 18', uso ligero, TRUPER",P769,Prensas y sargentos,PRENSAS
103201,PRF-24,"Prensa rápida tipo 'F' 24', uso ligero, TRUPER",P769,Prensas y sargentos,PRENSAS
17655,PTF-4,"Prensa 4' forjada en acero, uso industrial, TRUPER",P769,Prensas y sargentos,PRENSAS
17656,PTF-6,"Prensa 6' forjada en acero, uso industrial, TRUPER",P769,Prensas y sargentos,PRENSAS
17657,PTF-8,"Prensa 8' forjada en acero, uso industrial, TRUPER",P769,Prensas y sargentos,PRENSAS
17658,PNT-1,"Prensa 1' de hierro dúctil para carpintería, TRUPER",P769,Prensas y sargentos,PRENSAS
17659,PNT-2,"Prensa 2' de hierro dúctil para carpintería, TRUPER",P769,Prensas y sargentos,PRENSAS
17660,PNT-3,"Prensa 3' de hierro dúctil para carpintería, TRUPER",P769,Prensas y sargentos,PRENSAS
17661,PNT-4,"Prensa 4' de hierro dúctil para carpintería, TRUPER",P769,Prensas y sargentos,PRENSAS
17662,PNT-5,"Prensa 5' de hierro dúctil para carpintería, TRUPER",P769,Prensas y sargentos,PRENSAS
17663,PNT-6,"Prensa 6' de hierro dúctil para carpintería, TRUPER",P769,Prensas y sargentos,PRENSAS
17664,PNT-8,"Prensa 8' de hierro dúctil para carpintería, TRUPER",P769,Prensas y sargentos,PRENSAS
17666,PTR-2,"Prensa 2' troquelada de acero, TRUPER",P769,Prensas y sargentos,PRENSAS
17668,PTR-3,"Prensa 3' troquelada de acero, TRUPER",P769,Prensas y sargentos,PRENSAS
17690,PESQ-3,"Prensa esquinera de 3' profesional, cuerpo aluminio, TRUPER",P769,Prensas y sargentos,PRENSAS
17691,PNT-2G,Prensa profunda 2-1/2' de hierro dúctil para carpintería,P769,Prensas y sargentos,PRENSAS
17704,PTU-25C,"Prensa de cadena para tubo 2-1/2', cuerpo de hierro nodular",P769,Prensas y sargentos,PRENSAS
17705,PTU-20,"Prensa de yugo para tubo 2', cuerpo de hierro nodular",P769,Prensas y sargentos,PRENSAS
17735,S2,"Sargento 24' de solera de acero, TRUPER",P769,Prensas y sargentos,PRENSAS
17736,S3,"Sargento 36' de solera de acero, TRUPER",P769,Prensas y sargentos,PRENSAS
17737,S4,"Sargento 48' de solera de acero, TRUPER",P769,Prensas y sargentos,PRENSAS
17738,S5,"Sargento 60' de solera de acero, TRUPER",P769,Prensas y sargentos,PRENSAS
17739,S6,"Sargento 72' de solera de acero, TRUPER",P769,Prensas y sargentos,PRENSAS
100140,PAR-16,"Prensa de ajuste rápido de 6'con cuerpo de nylon, TRUPER",P769,Prensas y sargentos,PRENSAS
100141,PAR-112,"Prensa de ajuste rápido de 12'con cuerpo de nylon, TRUPER",P769,Prensas y sargentos,PRENSAS
11718,PRE-2,"Prensa de resorte de 2' con cuerpo de nylon, TRUPER",P769,Prensas y sargentos,PRENSAS
11719,PRE-3,"Prensa de resorte de 3' con cuerpo de nylon, TRUPER",P769,Prensas y sargentos,PRENSAS
17667,PTR-2-1/2,"Prensa 2-1/2' troquelada de acero, TRUPER",P769,Prensas y sargentos,PRENSAS
17700,PRE-4,"Prensa de resorte de 4', cuerpo de nylon con mango de TPR",P769,Prensas y sargentos,PRENSAS
17701,PRE-6,"Prensa de resorte de 6', cuerpo de nylon con mango de TPR",P769,Prensas y sargentos,PRENSAS
17702,PRE-8,"Prensa de resorte de 8', cuerpo de nylon con mango de TPR",P769,Prensas y sargentos,PRENSAS
102141,PROVO-2,"Probador de tensión sin contacto tipo pluma, TRUPER",P196,Probadores de voltaje,PROBADORES DE CORRIENTE
103980,PROVO-5K,"Kit de probadores sin contacto y para tomacorrientes, TRUPER",P196,Probadores de voltaje,PROBADORES DE CORRIENTE
17241,PROCO-C,"Probador de tomacorriente, corriente alterna, TRUPER",P196,Probadores de voltaje,PROBADORES DE CORRIENTE
102882,PROVO-5,"Probador de voltaje sin contacto de triple rango, TRUPER",P196,Probadores de voltaje,PROBADORES DE CORRIENTE
13985,PROCO-20X,"Probador de circuitos de corriente directa 20 cm, c/caimán",P196,Probadores de voltaje,PROBADORES DE CORRIENTE
13986,PROCO-20,"Probador de circuitos de corriente directa 20 cm, TRUPER",P196,Probadores de voltaje,PROBADORES DE CORRIENTE
13987,PROCO-14X,Probador de circuitos de corriente directa 14 cm c/caimán,P196,Probadores de voltaje,PROBADORES DE CORRIENTE
13988,PROCO-14,"Probador de circuitos de corriente alterna 14 cm, TRUPER",P196,Probadores de voltaje,PROBADORES DE CORRIENTE
13989,PROCO-19,"Probador de circuitos de corriente alterna 19 cm, TRUPER",P196,Probadores de voltaje,PROBADORES DE CORRIENTE
18333,PROVO-1,"Probador digital de tensión C.A. / C.C., TRUPER",P196,Probadores de voltaje,PROBADORES DE CORRIENTE
18334,PROVO-3,"Probador de tensión C.A. / C.C., TRUPER",P196,Probadores de voltaje,PROBADORES DE CORRIENTE
18335,PROVO-4,"Probador de polaridad C.A. / C.C., TRUPER",P196,Probadores de voltaje,PROBADORES DE CORRIENTE
100503,PUN-7PH1,"Estuche con 7 puntas de cruz combinadas largo 1', EXPERT",P118,Puntas para desarmador,PUNTAS PARA DESARMADOR
100504,PUN-7PH2,"Estuche con 7 puntas de cruz combinadas largo 2', EXPERT",P118,Puntas para desarmador,PUNTAS PARA DESARMADOR
100505,PUN-6PL1,"Estuche con 6 puntas planas combinadas largo 1', EXPERT",P118,Puntas para desarmador,PUNTAS PARA DESARMADOR
100506,PUN-6PL2,"Estuche con 6 puntas planas combinadas largo 2', EXPERT",P118,Puntas para desarmador,PUNTAS PARA DESARMADOR
101675,P12-2TS,"Juego de 12 puntas torx combinadas c/seguro largo 2', EXPERT",P118,Puntas para desarmador,PUNTAS PARA DESARMADOR
101676,PUN-12PL2P,"Juego de 12 puntas planas std combinadas largo 2', EXPERT",P118,Puntas para desarmador,PUNTAS PARA DESARMADOR
101677,PUN-12PL2M,"Juego de 12 puntas planas mm combinadas largo 2', EXPERT",P118,Puntas para desarmador,PUNTAS PARA DESARMADOR
101678,P12-2T,"Juego de 12 puntas torx combinadas largo 2', TRUPER EXPERT",P118,Puntas para desarmador,PUNTAS PARA DESARMADOR
101679,PUDE-12H2M,"Juego de 12 puntas hexagonales mm largo 2', EXPERT",P118,Puntas para desarmador,PUNTAS PARA DESARMADOR
101710,PUDE-12H2P,"Juego de 12 puntas hexagonales std largo 2', EXPERT",P118,Puntas para desarmador,PUNTAS PARA DESARMADOR
101812,PUDE-1402,"Estuche con 5 puntas de cruz PH2 largo 4', TRUPER EXPERT",P118,Puntas para desarmador,PUNTAS PARA DESARMADOR
101813,PUDE-1403,"Estuche con 5 puntas de cruz PH3 largo 4', TRUPER EXPERT",P118,Puntas para desarmador,PUNTAS PARA DESARMADOR
101823,PUDE-1400,"Estuche con 5 puntas de cruz PH0 largo 4', TRUPER EXPERT",P118,Puntas para desarmador,PUNTAS PARA DESARMADOR
101824,PUDE-1401,"Estuche con 5 puntas de cruz PH1 largo 4', TRUPER EXPERT",P118,Puntas para desarmador,PUNTAS PARA DESARMADOR
101961,PUNCA-14X,"Juego de 14 dados magnéticos para taladro, TRUPER",P118,Puntas para desarmador,PUNTAS PARA DESARMADOR
101964,PUDE-90125,"Extensión magnética 5', para puntas, cambio rápido, EXPERT",P118,Puntas para desarmador,PUNTAS PARA DESARMADOR
102391,PUN-80X,"Juego de puntas mixtas 1' y 2', 80 piezas, TRUPER EXPERT",P118,Puntas para desarmador,PUNTAS PARA DESARMADOR
11867,PUDE-9060,"Estuche con 5 extensiones de 60 mm, magnéticas, EXPERT",P118,Puntas para desarmador,PUNTAS PARA DESARMADOR
11869,PUDE-9070,"Estuche con 5 extensiones de 70 mm, magnéticas, EXPERT",P118,Puntas para desarmador,PUNTAS PARA DESARMADOR
11871,PUDE-9100,"Estuche con 5 extensiones de 100 mm, magnéticas, EXPERT",P118,Puntas para desarmador,PUNTAS PARA DESARMADOR
11873,PUDE-9075,"Extensión magnética 3'', para puntas, cambio rápido, EXPERT",P118,Puntas para desarmador,PUNTAS PARA DESARMADOR
11875,PUDE-9090,"Extensión magnética articulada 3 1/2', para puntas, EXPERT",P118,Puntas para desarmador,PUNTAS PARA DESARMADOR
11885,PUN-19X,"Juego de 19 puntas mixtas largo 1' estuche plástico, EXPERT",P118,Puntas para desarmador,PUNTAS PARA DESARMADOR
11887,PUN-31X,"Juego de 31 puntas mixtas largo 1' estuche plástico, EXPERT",P118,Puntas para desarmador,PUNTAS PARA DESARMADOR
11889,PUN-58X,"Juego de 58 puntas mixtas largo 1' estuche plástico, EXPERT",P118,Puntas para desarmador,PUNTAS PARA DESARMADOR
11895,PUN-47X,"Juego de 47 puntas mixtas largos 1' y 2' en estuche, EXPERT",P118,Puntas para desarmador,PUNTAS PARA DESARMADOR
12138,PUDE-1100,"Estuche con 5 puntas de cruz PH0 largo 1', TRUPER EXPERT",P118,Puntas para desarmador,PUNTAS PARA DESARMADOR
12140,PUDE-1101,"Estuche con 5 puntas de cruz PH1 largo 1', TRUPER EXPERT",P118,Puntas para desarmador,PUNTAS PARA DESARMADOR
12141,PUDE-1102,"Estuche con 5 puntas de cruz PH2 largo 1', TRUPER EXPERT",P118,Puntas para desarmador,PUNTAS PARA DESARMADOR
12143,PUDE-1103,"Estuche con 5 puntas de cruz PH3 largo 1', TRUPER EXPERT",P118,Puntas para desarmador,PUNTAS PARA DESARMADOR
12144,PUDE-1200,"Estuche con 5 puntas de cruz PH0 largo 2', TRUPER EXPERT",P118,Puntas para desarmador,PUNTAS PARA DESARMADOR
12146,PUDE-1201,"Estuche con 5 puntas de cruz PH1 largo 2', TRUPER EXPERT",P118,Puntas para desarmador,PUNTAS PARA DESARMADOR
12147,PUDE-1202,"Estuche con 5 puntas de cruz PH2 largo 2', TRUPER EXPERT",P118,Puntas para desarmador,PUNTAS PARA DESARMADOR
12149,PUDE-1203,"Estuche con 5 puntas de cruz PH3 largo 2', TRUPER EXPERT",P118,Puntas para desarmador,PUNTAS PARA DESARMADOR
12150,PUDE-1300,"Estuche con 5 puntas de cruz PH0 largo 3', TRUPER EXPERT",P118,Puntas para desarmador,PUNTAS PARA DESARMADOR
12152,PUDE-1301,"Estuche con 5 puntas de cruz PH1 largo 3', TRUPER EXPERT",P118,Puntas para desarmador,PUNTAS PARA DESARMADOR
12153,PUDE-1302,"Estuche con 5 puntas de cruz PH2 largo 3', TRUPER EXPERT",P118,Puntas para desarmador,PUNTAS PARA DESARMADOR
12155,PUDE-1303,"Estuche con 5 puntas de cruz PH3 largo 3', TRUPER EXPERT",P118,Puntas para desarmador,PUNTAS PARA DESARMADOR
12156,PUDE-2101,"Estuche con 5 puntas pozidriv PZ1 largo 1', TRUPER EXPERT",P118,Puntas para desarmador,PUNTAS PARA DESARMADOR
12158,PUDE-2102,"Estuche con 5 puntas pozidriv PZ2 largo 1', TRUPER EXPERT",P118,Puntas para desarmador,PUNTAS PARA DESARMADOR
12159,PUDE-2103,"Estuche con 5 puntas pozidriv PZ3 largo 1', TRUPER EXPERT",P118,Puntas para desarmador,PUNTAS PARA DESARMADOR
12161,PUDE-2201,"Estuche con 5 puntas pozidriv PZ1 largo 2', TRUPER EXPERT",P118,Puntas para desarmador,PUNTAS PARA DESARMADOR
12162,PUDE-2202,"Estuche con 5 puntas pozidriv PZ2 largo 2', TRUPER EXPERT",P118,Puntas para desarmador,PUNTAS PARA DESARMADOR
12164,PUDE-2203,"Estuche con 5 puntas pozidriv PZ3 largo 2', TRUPER EXPERT",P118,Puntas para desarmador,PUNTAS PARA DESARMADOR
12168,PUDE-3128,"Estuche con 5 puntas planas de 9/32' largo 1', TRUPER EXPERT",P118,Puntas para desarmador,PUNTAS PARA DESARMADOR
12171,PUDE-3225,"Estuche con 5 puntas planas de 1/4' largo 2', TRUPER EXPERT",P118,Puntas para desarmador,PUNTAS PARA DESARMADOR
12173,PUDE-3228,"Estuche con 5 puntas planas de 9/32' largo 2', TRUPER EXPERT",P118,Puntas para desarmador,PUNTAS PARA DESARMADOR
12176,PUDE-3227,"Estuche con 5 puntas planas de 3/8' largo 2', TRUPER EXPERT",P118,Puntas para desarmador,PUNTAS PARA DESARMADOR
12177,PUDE-4201,"Estuche con 5 puntas dobles PH1 y 1/4' largo 2', EXPERT",P118,Puntas para desarmador,PUNTAS PARA DESARMADOR
12179,PUDE-4202,"Estuche con 5 puntas dobles PH2 y 9/32' largo 2', EXPERT",P118,Puntas para desarmador,PUNTAS PARA DESARMADOR
12186,PUDE-5106,"Estuche con 5 puntas torx T6 largo 1', TRUPER EXPERT",P118,Puntas para desarmador,PUNTAS PARA DESARMADOR
12191,PUDE-5107,"Estuche con 5 puntas torx T7 largo 1', TRUPER EXPERT",P118,Puntas para desarmador,PUNTAS PARA DESARMADOR
12192,PUDE-5108,"Estuche con 5 puntas torx T8 largo 1', TRUPER EXPERT",P118,Puntas para desarmador,PUNTAS PARA DESARMADOR
12194,PUDE-5109,"Estuche con 5 puntas torx T9 largo 1', TRUPER EXPERT",P118,Puntas para desarmador,PUNTAS PARA DESARMADOR
12197,PUDE-5110,"Estuche con 5 puntas torx T10 largo 1', TRUPER EXPERT",P118,Puntas para desarmador,PUNTAS PARA DESARMADOR
12198,PUDE-5115,"Estuche con 5 puntas torx T15 largo 1', TRUPER EXPERT",P118,Puntas para desarmador,PUNTAS PARA DESARMADOR
12200,PUDE-5120,"Estuche con 5 puntas torx T20 largo 1', TRUPER EXPERT",P118,Puntas para desarmador,PUNTAS PARA DESARMADOR
12201,PUDE-5125,"Estuche con 5 puntas torx T25 largo 1', TRUPER EXPERT",P118,Puntas para desarmador,PUNTAS PARA DESARMADOR
12203,PUDE-5127,"Estuche con 5 puntas torx T27 largo 1', TRUPER EXPERT",P118,Puntas para desarmador,PUNTAS PARA DESARMADOR
12204,PUDE-5130,"Estuche con 5 puntas torx T30 largo 1', TRUPER EXPERT",P118,Puntas para desarmador,PUNTAS PARA DESARMADOR
12206,PUDE-5140,"Estuche con 5 puntas torx T40 largo 1', TRUPER EXPERT",P118,Puntas para desarmador,PUNTAS PARA DESARMADOR
12207,PUDE-5206,"Estuche con 5 puntas torx T6 largo 2', TRUPER EXPERT",P118,Puntas para desarmador,PUNTAS PARA DESARMADOR
12209,PUDE-5207,"Estuche con 5 puntas torx T7 largo 2', TRUPER EXPERT",P118,Puntas para desarmador,PUNTAS PARA DESARMADOR
12210,PUDE-5208,"Estuche con 5 puntas torx T8 largo 2', TRUPER EXPERT",P118,Puntas para desarmador,PUNTAS PARA DESARMADOR
12212,PUDE-5209,"Estuche con 5 puntas torx T9 largo 2', TRUPER EXPERT",P118,Puntas para desarmador,PUNTAS PARA DESARMADOR
12213,PUDE-5210,"Estuche con 5 puntas torx T10 largo 2', TRUPER EXPERT",P118,Puntas para desarmador,PUNTAS PARA DESARMADOR
12215,PUDE-5215,"Estuche con 5 puntas torx T15 largo 2', TRUPER EXPERT",P118,Puntas para desarmador,PUNTAS PARA DESARMADOR
12216,PUDE-5220,"Estuche con 5 puntas torx T20 largo 2', TRUPER EXPERT",P118,Puntas para desarmador,PUNTAS PARA DESARMADOR
12256,PUDE-5225,"Estuche con 5 puntas torx T25 largo 2', TRUPER EXPERT",P118,Puntas para desarmador,PUNTAS PARA DESARMADOR
12260,PUDE-5227,"Estuche con 5 puntas torx T27 largo 2', TRUPER EXPERT",P118,Puntas para desarmador,PUNTAS PARA DESARMADOR
12261,PUDE-5230,"Estuche con 5 puntas torx T30 largo 2', TRUPER EXPERT",P118,Puntas para desarmador,PUNTAS PARA DESARMADOR
12262,PUDE-5240,"Estuche con 5 puntas torx T40 largo 2', TRUPER EXPERT",P118,Puntas para desarmador,PUNTAS PARA DESARMADOR
12486,PUDE-7109,"Estuche con 5 puntas hexagonales de 3/32mm largo 1', EXPERT",P118,Puntas para desarmador,PUNTAS PARA DESARMADOR
12492,PUDE-7118,"Estuche con 5 puntas hexagonales de 3/16mm largo 1', EXPERT",P118,Puntas para desarmador,PUNTAS PARA DESARMADOR
12527,PUDE-7102,"Estuche con 5 puntas hexagonales de 2 mm largo 1', EXPERT",P118,Puntas para desarmador,PUNTAS PARA DESARMADOR
12528,PUDE-7103,"Estuche con 5 puntas hexagonales de 3 mm largo 1', EXPERT",P118,Puntas para desarmador,PUNTAS PARA DESARMADOR
12529,PUDE-7104,"Estuche con 5 puntas hexagonales de 4 mm largo 1', EXPERT",P118,Puntas para desarmador,PUNTAS PARA DESARMADOR
12549,PUDE-7106,"Estuche con 5 puntas hexagonales de 6 mm largo 1', EXPERT",P118,Puntas para desarmador,PUNTAS PARA DESARMADOR
12577,PUDE-7108,"Estuche con 5 puntas hexagonales de 8 mm largo 1', EXPERT",P118,Puntas para desarmador,PUNTAS PARA DESARMADOR
12609,PUDE-7209,"Estuche con 5 puntas hexagonales de 3/32mm largo 2', EXPERT",P118,Puntas para desarmador,PUNTAS PARA DESARMADOR
12619,PUDE-7212,"Estuche con 5 puntas hexagonales de 1/8mm largo 2', EXPERT",P118,Puntas para desarmador,PUNTAS PARA DESARMADOR
12629,PUDE-7218,"Estuche con 5 puntas hexagonales de 3/16mm largo 2', EXPERT",P118,Puntas para desarmador,PUNTAS PARA DESARMADOR
12653,PUDE-7225,"Estuche con 5 puntas hexagonales de 1/4mm largo 2', EXPERT",P118,Puntas para desarmador,PUNTAS PARA DESARMADOR
12692,PUDE-7203,"Estuche con 5 puntas hexagonales de 3 mm largo 2', EXPERT",P118,Puntas para desarmador,PUNTAS PARA DESARMADOR
12697,PUDE-7204,"Estuche con 5 puntas hexagonales de 4 mm largo 2', EXPERT",P118,Puntas para desarmador,PUNTAS PARA DESARMADOR
12703,PUDE-7206,"Estuche con 5 puntas hexagonales de 6 mm largo 2', EXPERT",P118,Puntas para desarmador,PUNTAS PARA DESARMADOR
12705,PUDE-7208,"Estuche con 5 puntas hexagonales de 8 mm largo 2', EXPERT",P118,Puntas para desarmador,PUNTAS PARA DESARMADOR
12715,PUDE-8204,"Estuche con 4 puntas brístol combinadas largo 3', EXPERT",P118,Puntas para desarmador,PUNTAS PARA DESARMADOR
12717,PUDE-1205,"Estuche con 5 puntas cruz PH2 muro de yeso largo 1', EXPERT",P118,Puntas para desarmador,PUNTAS PARA DESARMADOR
12719,PUDE-3001,"Juego de 5 puntas planas combinadas largo 1', TRUPER EXPERT",P118,Puntas para desarmador,PUNTAS PARA DESARMADOR
12721,PUDE-3002,"Juego de 5 puntas planas combinadas largo 2', TRUPER EXPERT",P118,Puntas para desarmador,PUNTAS PARA DESARMADOR
17780,PUDE-1002,"Estuche con 5 puntas de cruz y planas largo 1', EXPERT",P118,Puntas para desarmador,PUNTAS PARA DESARMADOR
17786,PUDE-1001,"Estuche con 5 puntas de cruz y planas largo 2', EXPERT",P118,Puntas para desarmador,PUNTAS PARA DESARMADOR
17795,P7-15T,"Juego de 7 puntas torx combinadas largo 1', TRUPER EXPERT",P118,Puntas para desarmador,PUNTAS PARA DESARMADOR
17796,P7-25T,"Juego de 7 puntas torx combinadas largo 2', TRUPER EXPERT",P118,Puntas para desarmador,PUNTAS PARA DESARMADOR
17797,P7-15TS,"Juego de 7 puntas torx combinadas c/seguro largo 1', EXPERT",P118,Puntas para desarmador,PUNTAS PARA DESARMADOR
17798,PUDE-2001,"Estuche con 5 puntas pozidriv combinadas largo 1', EXPERT",P118,Puntas para desarmador,PUNTAS PARA DESARMADOR
17799,PUDE-2002,"Estuche con 5 puntas pozidriv combinadas largo 2', EXPERT",P118,Puntas para desarmador,PUNTAS PARA DESARMADOR
17813,P7-20TS,"Juego de 7 puntas torx combinadas c/seguro largo 2', EXPERT",P118,Puntas para desarmador,PUNTAS PARA DESARMADOR
26095,PUDE-12FP,"Extensión 12' flexible, para atornillar, PRETUL",P118,Puntas para desarmador,PUNTAS PARA DESARMADOR
100192,PUDE-1101-15,"Estuche con 15 puntas de cruz PH1 largo 1', TRUPER EXPERT",P118,Puntas para desarmador,PUNTAS PARA DESARMADOR
100193,PUDE-1102-15,"Estuche con 15 puntas de cruz PH2 largo 1', TRUPER EXPERT",P118,Puntas para desarmador,PUNTAS PARA DESARMADOR
100194,PUDE-1201-15,"Estuche con 15 puntas de cruz PH1 largo 2', TRUPER EXPERT",P118,Puntas para desarmador,PUNTAS PARA DESARMADOR
100195,PUDE-1202-15,"Estuche con 15 puntas de cruz PH2 largo 2', TRUPER EXPERT",P118,Puntas para desarmador,PUNTAS PARA DESARMADOR
100196,PUDE-1203-15,"Estuche con 15 puntas de cruz PH3 largo 2', TRUPER EXPERT",P118,Puntas para desarmador,PUNTAS PARA DESARMADOR
100251,PUDE-1202-50,"Estuche con 50 puntas de cruz PH2 largo 2', TRUPER EXPERT",P118,Puntas para desarmador,PUNTAS PARA DESARMADOR
100820,PUDE-1202I,"Estuche con 5 puntas de cruz PH2 de impacto largo 2', EXPERT",P118,Puntas para desarmador,PUNTAS PARA DESARMADOR
100821,PUDE-1302I,"Estuche con 5 puntas de cruz PH2 de impacto largo 3', EXPERT",P118,Puntas para desarmador,PUNTAS PARA DESARMADOR
100822,PUDE-9027I,Estuche con 4 dados magnéticos de impacto 3/8' largo 2-1/2',P118,Puntas para desarmador,PUNTAS PARA DESARMADOR
101674,PUN-12PH2,"Juego de 12 puntas de cruz combinadas largo 2', EXPERT",P118,Puntas para desarmador,PUNTAS PARA DESARMADOR
101965,PUDE-90120,"Extensión magnética articulada 4 3/4', para puntas, EXPERT",P118,Puntas para desarmador,PUNTAS PARA DESARMADOR
101966,PUN-40IX,"Juego de 40 puntas de impacto mixtas largos 1' y 2', EXPERT",P118,Puntas para desarmador,PUNTAS PARA DESARMADOR
102520,PUN-150,"Juego de puntas y dados con punta para mecánica, 150 piezas",P118,Puntas para desarmador,PUNTAS PARA DESARMADOR
102612,PUDE-9027-15,"Estuche con 15 dados magnéticos de 3/8' largo 2-1/2', EXPERT",P118,Puntas para desarmador,PUNTAS PARA DESARMADOR
102613,PUDE-9027-50,"Estuche con 50 dados magnéticos de 3/8' largo 2-1/2', EXPERT",P118,Puntas para desarmador,PUNTAS PARA DESARMADOR
103022,PUDE-1102I,Estuche con 5 puntas de cruz PH2 de impacto largo 1',P118,Puntas para desarmador,PUNTAS PARA DESARMADOR
103023,PUDE-1201I,Estuche con 5 puntas de cruz PH1 de impacto largo 2',P118,Puntas para desarmador,PUNTAS PARA DESARMADOR
103024,PUDE-1202-15I,Estuche con 15 puntas de cruz PH2 de impacto largo 2',P118,Puntas para desarmador,PUNTAS PARA DESARMADOR
103025,PUDE-1202-50I,Estuche con 50 puntas de cruz PH2 de impacto largo 2',P118,Puntas para desarmador,PUNTAS PARA DESARMADOR
103026,PUDE-1402I,Estuche con 5 puntas de cruz PH2 de impacto largo 4',P118,Puntas para desarmador,PUNTAS PARA DESARMADOR
10758,PUN-61,Juego de 61 puntas mixtas largo 1' en estuche plástico,P118,Puntas para desarmador,PUNTAS PARA DESARMADOR
12165,PUDE-3115,"Estuche con 5 puntas planas de 5/32' largo 1', TRUPER EXPERT",P118,Puntas para desarmador,PUNTAS PARA DESARMADOR
12167,PUDE-3125,"Estuche con 5 puntas planas de 1/4' largo 1', TRUPER EXPERT",P118,Puntas para desarmador,PUNTAS PARA DESARMADOR
12170,PUDE-3131,"Estuche con 5 puntas planas de 5/16' largo 1', TRUPER EXPERT",P118,Puntas para desarmador,PUNTAS PARA DESARMADOR
12174,PUDE-3231,"Estuche con 5 puntas planas de 5/16' largo 2', TRUPER EXPERT",P118,Puntas para desarmador,PUNTAS PARA DESARMADOR
12180,PUDE-4203,"Estuche con 5 puntas dobles PH3 y 5/16' largo 2', EXPERT",P118,Puntas para desarmador,PUNTAS PARA DESARMADOR
12263,PUDE-6110,"Estuche con 5 puntas torx T10 con seguro largo 1', EXPERT",P118,Puntas para desarmador,PUNTAS PARA DESARMADOR
12264,PUDE-6115,"Estuche con 5 puntas torx T15 con seguro largo 1', EXPERT",P118,Puntas para desarmador,PUNTAS PARA DESARMADOR
12265,PUDE-6120,"Estuche con 5 puntas torx T20 con seguro largo 1', EXPERT",P118,Puntas para desarmador,PUNTAS PARA DESARMADOR
12327,PUDE-6125,"Estuche con 5 puntas torx T25 con seguro largo 1', EXPERT",P118,Puntas para desarmador,PUNTAS PARA DESARMADOR
12328,PUDE-6127,"Estuche con 5 puntas torx T27 con seguro largo 1', EXPERT",P118,Puntas para desarmador,PUNTAS PARA DESARMADOR
12346,PUDE-6130,"Estuche con 5 puntas torx T30 con seguro largo 1', EXPERT",P118,Puntas para desarmador,PUNTAS PARA DESARMADOR
12354,PUDE-6140,"Estuche con 5 puntas torx T40 con seguro largo 1', EXPERT",P118,Puntas para desarmador,PUNTAS PARA DESARMADOR
12357,PUDE-6210,"Estuche con 5 puntas torx T10 con seguro largo 2', EXPERT",P118,Puntas para desarmador,PUNTAS PARA DESARMADOR
12358,PUDE-6215,"Estuche con 5 puntas torx T15 con seguro largo 2', EXPERT",P118,Puntas para desarmador,PUNTAS PARA DESARMADOR
12360,PUDE-6220,"Estuche con 5 puntas torx T20 con seguro largo 2', EXPERT",P118,Puntas para desarmador,PUNTAS PARA DESARMADOR
12400,PUDE-6225,"Estuche con 5 puntas torx T25 con seguro largo 2', EXPERT",P118,Puntas para desarmador,PUNTAS PARA DESARMADOR
12459,PUDE-6227,"Estuche con 5 puntas torx T27 con seguro largo 2', EXPERT",P118,Puntas para desarmador,PUNTAS PARA DESARMADOR
12484,PUDE-6230,"Estuche con 5 puntas torx T30 con seguro largo 2', EXPERT",P118,Puntas para desarmador,PUNTAS PARA DESARMADOR
12485,PUDE-6240,"Estuche con 5 puntas torx T40 con seguro largo 2', EXPERT",P118,Puntas para desarmador,PUNTAS PARA DESARMADOR
12489,PUDE-7112,"Estuche con 5 puntas hexagonales de 1/8mm largo 1', EXPERT",P118,Puntas para desarmador,PUNTAS PARA DESARMADOR
12490,PUDE-7115,"Estuche con 5 puntas hexagonales de 5/32mm largo 1', EXPERT",P118,Puntas para desarmador,PUNTAS PARA DESARMADOR
12493,PUDE-7125,"Estuche con 5 puntas hexagonales de 1/4mm largo 1', EXPERT",P118,Puntas para desarmador,PUNTAS PARA DESARMADOR
12494,PUDE-7131,"Estuche con 5 puntas hexagonales de 5/16mm largo 1', EXPERT",P118,Puntas para desarmador,PUNTAS PARA DESARMADOR
12539,PUDE-7105,"Estuche con 5 puntas hexagonales de 5 mm largo 1', EXPERT",P118,Puntas para desarmador,PUNTAS PARA DESARMADOR
12628,PUDE-7215,"Estuche con 5 puntas hexagonales de 5/32mm largo 2', EXPERT",P118,Puntas para desarmador,PUNTAS PARA DESARMADOR
12654,PUDE-7231,"Estuche con 5 puntas hexagonales de 5/16mm largo 2', EXPERT",P118,Puntas para desarmador,PUNTAS PARA DESARMADOR
12691,PUDE-7202,"Estuche con 5 puntas hexagonales de 2 mm largo 2', EXPERT",P118,Puntas para desarmador,PUNTAS PARA DESARMADOR
12699,PUDE-7205,"Estuche con 5 puntas hexagonales de 5 mm largo 2', EXPERT",P118,Puntas para desarmador,PUNTAS PARA DESARMADOR
12707,PUDE-8208,"Estuche con 3 puntas bristol M8 largo 3', TRUPER EXPERT",P118,Puntas para desarmador,PUNTAS PARA DESARMADOR
12709,PUDE-8210,"Estuche con 3 puntas bristol M10 largo 3', TRUPER EXPERT",P118,Puntas para desarmador,PUNTAS PARA DESARMADOR
12711,PUDE-8212,"Estuche con 3 puntas bristol M12 largo 3', TRUPER EXPERT",P118,Puntas para desarmador,PUNTAS PARA DESARMADOR
12713,PUDE-8206,"Estuche con 3 puntas bristol M6 largo 3', TRUPER EXPERT",P118,Puntas para desarmador,PUNTAS PARA DESARMADOR
12844,PUNCA-14,"Juego de 14 dados para taladro, PRETUL",P118,Puntas para desarmador,PUNTAS PARA DESARMADOR
12895,PUDE-9018,"Estuche con 5 dados magnéticos de 3/16' largo 2-1/2', EXPERT",P118,Puntas para desarmador,PUNTAS PARA DESARMADOR
12939,PUDE-9025,"Estuche con 5 dados magnéticos de 1/4' largo 2-1/2', EXPERT",P118,Puntas para desarmador,PUNTAS PARA DESARMADOR
12940,PUDE-9027,"Estuche con 5 dados magnéticos de 3/8' largo 2-1/2', EXPERT",P118,Puntas para desarmador,PUNTAS PARA DESARMADOR
12942,PUDE-9031,"Estuche con 5 dados magnéticos de 5/16' largo 2-1/2', EXPERT",P118,Puntas para desarmador,PUNTAS PARA DESARMADOR
12943,PUDE-9087,"Estuche con 5 dados magnéticos de 7/16' largo 2-1/2', EXPERT",P118,Puntas para desarmador,PUNTAS PARA DESARMADOR
12945,PUDE-9005,"Estuche con 5 dados magnéticos de 5 mm largo 2-1/2', EXPERT",P118,Puntas para desarmador,PUNTAS PARA DESARMADOR
12946,PUDE-9006,"Estuche con 5 dados magnéticos de 6 mm largo 2-1/2', EXPERT",P118,Puntas para desarmador,PUNTAS PARA DESARMADOR
12948,PUDE-9008,"Estuche con 5 dados magnéticos de 8 mm largo 2-1/2', EXPERT",P118,Puntas para desarmador,PUNTAS PARA DESARMADOR
12949,PUDE-9010,"Estuche con 5 dados magnéticos de 10 mm largo 2-1/2', EXPERT",P118,Puntas para desarmador,PUNTAS PARA DESARMADOR
12955,PUDE-9012,"Estuche con 5 dados magnéticos de 12 mm largo 2-1/2', EXPERT",P118,Puntas para desarmador,PUNTAS PARA DESARMADOR
17788,PUN-33,"Juego de puntas mixtas 1', 33 piezas en organizador plástico",P118,Puntas para desarmador,PUNTAS PARA DESARMADOR
17794,PUN-100,Juego de 100 puntas mixtas largo 1' en estuche plástico,P118,Puntas para desarmador,PUNTAS PARA DESARMADOR
17809,PUN-42X,Juego 42 puntas 1/2' y 3/8' de 75 y 30 mm estuche metálico,P118,Puntas para desarmador,PUNTAS PARA DESARMADOR
19599,ADA-3L,"Juego de 3 adaptadores largos para dados de 1/4, 3/8 y 1/2'",P118,Puntas para desarmador,PUNTAS PARA DESARMADOR
10752,ADA-3,"Juego de 3 adaptadores para dados de 1/4', 3/8' y 1/2'",P118,Puntas para desarmador,PUNTAS PARA DESARMADOR
103366,SWS-7,"Raspador forjado de 7', mango de 48', TRUPER",P192,Raspadores,RASPADORES
18650,SCR-4,"Raspador forjado de 4', mango largo de 54', TRUPER",P192,Raspadores,RASPADORES
18652,SCR-7,"Raspador forjado de 7', mango largo de 54', TRUPER",P192,Raspadores,RASPADORES
18658,SCR-4D,"Raspador forjado de 4', puño 'Y', mango de 42', TRUPER",P192,Raspadores,RASPADORES
18660,SCR-7D,"Raspador forjado de 7', puño 'Y', mango de 42', TRUPER",P192,Raspadores,RASPADORES
19880,SWS-8,"Raspador forjado de 8', mango de 48', TRUPER",P192,Raspadores,RASPADORES
16952,REP-SCRAPER,"Blíster con 5 cuchillas de repuesto para RASP-3,2,1 y NC-10",P733,Raspadores con cuchilla,RASPADORES
24055,RASP-P,"Raspador plástico con cuchilla de 2-3/8', PRETUL",P733,Raspadores con cuchilla,RASPADORES
101100,RASP-3,"Raspador de acero inoxidable con cuchillas de 1-1/2', TRUPER",P733,Raspadores con cuchilla,RASPADORES
102361,REP-SCRA-100,"Caja con 100 cuchillas de repuesto para RASP-3,2,1 y NC-10",P733,Raspadores con cuchilla,RASPADORES
15962,RASP-4,"Raspador de acero con mango y cuchilla de 4', TRUPER",P733,Raspadores con cuchilla,RASPADORES
15963,REP-RASP-4,Dispensador con 5 cuchillas de repuesto para raspador RASP-4,P733,Raspadores con cuchilla,RASPADORES
16951,RASP-2,"Raspador con cuchillas de 1-1/2', mango ergonómico, TRUPER",P733,Raspadores con cuchilla,RASPADORES
12352,RASP-1,"Minirraspador plástico con cuchilla de 1-1/2', TRUPER",P733,Raspadores con cuchilla,RASPADORES
100650,RA-LE,"Raspador de lechada con cuchillas de 2', TRUPER",P775,Raspadores de lechada,RASPADORES
102896,REP-RA-LE,"Blíster con 2 cuchillas de repuesto p/raspador RA-LE, TRUPER",P775,Raspadores de lechada,RASPADORES
17882,R-16AM,"Rastrillo jardinero Classic, 16 dientes, mango 54', TRUPER",P408,Rastrillos nacionales,RASTRILLOS
17885,R-16AMF,"Rastrillo jardinero, 16 dientes, mango 60' fibra de vidrio",P408,Rastrillos nacionales,RASTRILLOS
17888,R-16MX,"Rastrillo recto reforzado, 16 dientes, mango de 60', TRUPER",P408,Rastrillos nacionales,RASTRILLOS
17894,R-16MF,"Rastrillo recto reforzado 16 dientes, mgo fibra d/vidrio 60'",P408,Rastrillos nacionales,RASTRILLOS
20613,R-12AL-P,"Rastrillo jardinero, 12 dientes, PRETUL",P408,Rastrillos nacionales,RASTRILLOS
25054,R-14AL-P,"Rastrillo jardinero, 14 dientes, PRETUL",P408,Rastrillos nacionales,RASTRILLOS
100493,R-14M,"Rastrillo recto de 14 dientes, mango de 54', TRUPER",P408,Rastrillos nacionales,RASTRILLOS
17880,R-16M,"Rastrillo recto de 16 dientes, mango de 60', TRUPER",P408,Rastrillos nacionales,RASTRILLOS
22697,R-12MP,"Rastrillo recto de 12 dientes, mango de 48', PRETUL",P408,Rastrillos nacionales,RASTRILLOS
103728,ESQ-61,"Esquinero interior, para acabado redondeado, TRUPER",P728,"Rayador, volteador, jalador y esquineros",RAYADOR
103730,ESQ-62,"Esquinero exterior, para acabado redondeado, TRUPER",P728,"Rayador, volteador, jalador y esquineros",RAYADOR
103731,ESQ-63,"Esquinero interior, para acabado recto, TRUPER",P728,"Rayador, volteador, jalador y esquineros",RAYADOR
103732,ESQ-64,"Esquinero exterior, para acabado recto, TRUPER",P728,"Rayador, volteador, jalador y esquineros",RAYADOR
15421,VOLT,"Volteador de aluminio, TRUPER",P728,"Rayador, volteador, jalador y esquineros",RAYADOR
15424,RAY,"Rayador de aluminio, TRUPER",P728,"Rayador, volteador, jalador y esquineros",RAYADOR
102673,JACO-20,"Jalador de concreto 20', mango madera 54', TRUPER",P728,"Rayador, volteador, jalador y esquineros",RAYADOR
100153,EST-45/50/60,2 estabilizadores calibre 15 p/carretillas TRUPER y EXPERT,P433,Refacciones de carretillas,CARRETILLAS Y REFACCIONES
100155,JT-S,"Tornillería con chumaceras para carretilla CAR-82, TRUPER",P433,Refacciones de carretillas,CARRETILLAS Y REFACCIONES
100156,JT-M,"Tornillería con chumaceras para carretilla TP-8, TRUPER",P433,Refacciones de carretillas,CARRETILLAS Y REFACCIONES
100158,BAS-CU-60-G,"Bastidor de madera 39 x 48 mm para carretilla TP-8, TRUPER",P433,Refacciones de carretillas,CARRETILLAS Y REFACCIONES
100159,J-CH-2W,Chumaceras sin punzonado para carretilla de 2 llantas TRUPER,P433,Refacciones de carretillas,CARRETILLAS Y REFACCIONES
100180,CU-S,"Cuña plástica para carretillas tipo americano, TRUPER",P433,Refacciones de carretillas,CARRETILLAS Y REFACCIONES
100182,E-2W,Eje largo para carretillas tipo americano 2 llantas TRUPER,P433,Refacciones de carretillas,CARRETILLAS Y REFACCIONES
100679,GRIP-CAT,2 puños para bastidor tubular p/carretillas TRUPER y EXPERT,P433,Refacciones de carretillas,CARRETILLAS Y REFACCIONES
100754,CO-80P,"Concha plástica para carretilla TP-8, TRUPER",P433,Refacciones de carretillas,CARRETILLAS Y REFACCIONES
100955,BACA-LT ,Larguero de bastidor calibre 16 para carretillas TRUPER,P433,Refacciones de carretillas,CARRETILLAS Y REFACCIONES
100957,BACA-UX,"Nariz de bastidor calibre 16 para CAT-50X y 60X, EXPERT",P433,Refacciones de carretillas,CARRETILLAS Y REFACCIONES
100958,BACA-LX,"Larguero de bastidor calibre 14 para CAT-50X y 60X, EXPERT",P433,Refacciones de carretillas,CARRETILLAS Y REFACCIONES
101030,BACA-UT,Nariz de bastidor calibre 18 p/ carretillas TRUPER y PRETUL,P433,Refacciones de carretillas,CARRETILLAS Y REFACCIONES
102650,JT-MC,Tornillería con chumaceras para carretillas tipo americano,P433,Refacciones de carretillas,CARRETILLAS Y REFACCIONES
102992,TRAV-50X/60X,Travesaño para carretillas TRUPER EXPERT,P433,Refacciones de carretillas,CARRETILLAS Y REFACCIONES
103361,CO-70PX,"Concha plástica para carretilla TP-7X, TRUPER EXPERT",P433,Refacciones de carretillas,CARRETILLAS Y REFACCIONES
103362,CO-60PX,"Concha plástica para carretilla CAT-60PLX, TRUPER EXPERT",P433,Refacciones de carretillas,CARRETILLAS Y REFACCIONES
10599,CO-60P,"Concha plástica para carretillas CAT-60PL y TP-6/FF, TRUPER",P433,Refacciones de carretillas,CARRETILLAS Y REFACCIONES
11229,RN-X13,"Llanta completa imponchable 13-1/2', incluye eje y baleros",P433,Refacciones de carretillas,CARRETILLAS Y REFACCIONES
11850,N,"Llanta neumática reforzada 16', sin cámara, TRUPER",P433,Refacciones de carretillas,CARRETILLAS Y REFACCIONES
11852,RN,"Llanta completa neumática 16', incluye eje y baleros",P433,Refacciones de carretillas,CARRETILLAS Y REFACCIONES
11854,CARN,Caja c/llanta reforzada y acc. p/carretilla TRUPER,P433,Refacciones de carretillas,CARRETILLAS Y REFACCIONES
11856,SS,"Llanta neumática rodada lisa 16', sin cámara, TRUPER",P433,Refacciones de carretillas,CARRETILLAS Y REFACCIONES
11858,LLSS,"Llanta completa neumática lisa 16', incluye eje y baleros",P433,Refacciones de carretillas,CARRETILLAS Y REFACCIONES
11862,RSO,"Llanta completa hule sólido 13-1/2', incluye eje y baleros",P433,Refacciones de carretillas,CARRETILLAS Y REFACCIONES
11864,CARSO,Caja c/llanta hule sólido y acc. p/carretilla TRUPER,P433,Refacciones de carretillas,CARRETILLAS Y REFACCIONES
11870,E,"Eje corto para carretillas 1 llanta EXPERT, TRUPER y PRETUL",P433,Refacciones de carretillas,CARRETILLAS Y REFACCIONES
11876,J-CH,Chumaceras para carretillas de 1 llanta EXPERT/TRUPER/PRETUL,P433,Refacciones de carretillas,CARRETILLAS Y REFACCIONES
11882,SL-45/50/60,2 soportes calibre 15 para carretillas TRUPER,P433,Refacciones de carretillas,CARRETILLAS Y REFACCIONES
11884,JSD-45/50/60,2 tirantes calibre 15 para carretillas TRUPER y EXPERT,P433,Refacciones de carretillas,CARRETILLAS Y REFACCIONES
11886,RT,Puente 580 kg para carretillas TRUPER,P433,Refacciones de carretillas,CARRETILLAS Y REFACCIONES
11900,CO-60,"Concha metálica p/carretillas CAT-60FF/ND y T-6FF/N,TRUPER",P433,Refacciones de carretillas,CARRETILLAS Y REFACCIONES
19322,BAS-CU-60,Bastidor madera 39 x 42mm para carretillas 1 llanta TRUPER,P433,Refacciones de carretillas,CARRETILLAS Y REFACCIONES
19658,RN-X,"Llanta completa imponchable 16', incluye eje y baleros",P433,Refacciones de carretillas,CARRETILLAS Y REFACCIONES
19784,BAS-2B,"Juego de 2 baleros para carretillas EXPERT, TRUPER y PRETUL",P433,Refacciones de carretillas,CARRETILLAS Y REFACCIONES
20583,RN-P16,"Llanta completa neumática 16', incluye eje y baleros, PRETUL",P433,Refacciones de carretillas,CARRETILLAS Y REFACCIONES
20584,N-P16,"Llanta neumática 16', sin cámara, PRETUL",P433,Refacciones de carretillas,CARRETILLAS Y REFACCIONES
20619,CO-4R,"Concha metálica para carretillas CAP-40NB/FB, PRETUL",P433,Refacciones de carretillas,CARRETILLAS Y REFACCIONES
20632,SL-45/50-GP,2 soportes calibre 16 para carretillas grises PRETUL,P433,Refacciones de carretillas,CARRETILLAS Y REFACCIONES
20633,SL-45/50-RP,2 soportes calibre 16 para carretilla TP-5N y rojas PRETUL,P433,Refacciones de carretillas,CARRETILLAS Y REFACCIONES
20635,RT-GP,Puente 250 kg para carretillas concha gris PRETUL,P433,Refacciones de carretillas,CARRETILLAS Y REFACCIONES
20636,RT-RP,Puente 350 kg para carretillas concha roja y plástica PRETUL,P433,Refacciones de carretillas,CARRETILLAS Y REFACCIONES
20637,JSD-45/50P,2 tirantes calibre 18 para carretillas PRETUL,P433,Refacciones de carretillas,CARRETILLAS Y REFACCIONES
20638,JT-GP,"Tornillería, chumaceras y eje para carretillas grises PRETUL",P433,Refacciones de carretillas,CARRETILLAS Y REFACCIONES
20681,CO-3.5R,"Concha metálica para carretillas CAP-35NB/FB/SB, PRETUL",P433,Refacciones de carretillas,CARRETILLAS Y REFACCIONES
22650,CARNPB,Caja c/llanta neumática y acc. p/carretilla roja PRETUL,P433,Refacciones de carretillas,CARRETILLAS Y REFACCIONES
22653,CARNXPB,Caja c/llanta imponchable y acc. p/carretilla roja PRETUL,P433,Refacciones de carretillas,CARRETILLAS Y REFACCIONES
22655,CANPB,Caja c/llanta neumática y acc. p/carretilla gris PRETUL,P433,Refacciones de carretillas,CARRETILLAS Y REFACCIONES
22694,BACA-LP,Larguero de bastidor calibre 18 para carretillas PRETUL,P433,Refacciones de carretillas,CARRETILLAS Y REFACCIONES
22704,CO-50P,"Concha plástica para carretilla TP-5N, PRETUL",P433,Refacciones de carretillas,CARRETILLAS Y REFACCIONES
24100,CO-4P,"Concha para carretilla CAP-4NB, PRETUL",P433,Refacciones de carretillas,CARRETILLAS Y REFACCIONES
25006,RN-P,"Llanta completa neumática 14', incluye eje y baleros, PRETUL",P433,Refacciones de carretillas,CARRETILLAS Y REFACCIONES
25008,N-P,"Llanta neumática 14', sin cámara, PRETUL",P433,Refacciones de carretillas,CARRETILLAS Y REFACCIONES
25010,CO-5P,"Concha para carretilla CAP-5NB, PRETUL",P433,Refacciones de carretillas,CARRETILLAS Y REFACCIONES
100154,JT-TUB,"Tornillería, chumaceras y eje p/carretillas TRUPER y EXPERT",P433,Refacciones de carretillas,CARRETILLAS Y REFACCIONES
100181,NHD-S,Defensa para bastidores de acero calibre 16 para CAR-82,P433,Refacciones de carretillas,CARRETILLAS Y REFACCIONES
102990,SL-50X/60X,2 soportes calibre 14 para carretillas CAT-50X y CAT-60X,P433,Refacciones de carretillas,CARRETILLAS Y REFACCIONES
102993,CO-50X,"Concha metálica para carretilla CAT- 50X, TRUPER EXPERT",P433,Refacciones de carretillas,CARRETILLAS Y REFACCIONES
102994,CO-60X,"Concha metálica para carretilla CAT- 60X, TRUPER EXPERT",P433,Refacciones de carretillas,CARRETILLAS Y REFACCIONES
102997,BAS-CU-58-CH,Bastidor de madera 37 x 37 mm para carretillas grises PRETUL,P433,Refacciones de carretillas,CARRETILLAS Y REFACCIONES
102998,BAS-CU-58-M,Bastidor de madera 39 x 39 mm para carretillas rojas PRETUL,P433,Refacciones de carretillas,CARRETILLAS Y REFACCIONES
103364,BAS-M-60X,"Bastidor de acero 38 x 38 mm para carretilla TP-7X, EXPERT",P433,Refacciones de carretillas,CARRETILLAS Y REFACCIONES
103365,SL-7X/8,"2 soportes calibre 15 para carretilla TP-7X, TRUPER EXPERT",P433,Refacciones de carretillas,CARRETILLAS Y REFACCIONES
11225,NHD,Defensa para bastidor de madera de carretillas TRUPER/PRETUL,P433,Refacciones de carretillas,CARRETILLAS Y REFACCIONES
11373,BAS-M-60,"Bastidor de acero 38 x 38 mm para carretilla CAR-82, TRUPER",P433,Refacciones de carretillas,CARRETILLAS Y REFACCIONES
11866,CM,"Cámara para llanta de 16', para carretilla TRUPER",P433,Refacciones de carretillas,CARRETILLAS Y REFACCIONES
11868,R,"Rin, eje y baleros para carretillas EXPERT, TRUPER y PRETUL",P433,Refacciones de carretillas,CARRETILLAS Y REFACCIONES
11894,CO-45,"Concha metálica para carretillas CAT-45FF y CAT-45ND, TRUPER",P433,Refacciones de carretillas,CARRETILLAS Y REFACCIONES
11896,CO-50,"Concha metálica para carretillas CAT-50FF y CAT-50ND, TRUPER",P433,Refacciones de carretillas,CARRETILLAS Y REFACCIONES
15100,CO-15,"Concha metálica para carretillas CAT-15FF y CAT-15ND, TRUPER",P433,Refacciones de carretillas,CARRETILLAS Y REFACCIONES
19706,CO-55,"Concha metálica para carretillas CAT-55FF y CAT-55ND, TRUPER",P433,Refacciones de carretillas,CARRETILLAS Y REFACCIONES
19707,TB-KID,"2 bastidores para carretilla CAT-KID, TRUPER",P433,Refacciones de carretillas,CARRETILLAS Y REFACCIONES
20620,CO-5R  ,Concha metálica para carretillas CAP-50NB/FB y CAP-5WFFR/NDR,P433,Refacciones de carretillas,CARRETILLAS Y REFACCIONES
20639,JT-RP,"Tornilleria,chumaceras y eje,carretilla TP-5N y rojas PRETUL",P433,Refacciones de carretillas,CARRETILLAS Y REFACCIONES
24098,CM-P-15,"Cámara para llanta de 14' y 16', para carretilla PRETUL",P433,Refacciones de carretillas,CARRETILLAS Y REFACCIONES
102995,CO-80,"Concha metálica para carretillas CAR-81FF, CAR-81 y CAR-82",P433,Refacciones de carretillas,CARRETILLAS Y REFACCIONES
11089,PAL-CA,Juego de 2 palancas para cambio de llanta de carretilla,P433,Refacciones de carretillas,CARRETILLAS Y REFACCIONES
100733,RE-TI,"Remachadora de uso rudo tipo tijera, 13', TRUPER",P123,Remachadoras,REMACHADORAS
17960,RE-9,"Remachadora profesional 10', TRUPER",P123,Remachadoras,REMACHADORAS
17961,RE-9X,"Remachadora profesional 10' con remaches, TRUPER",P123,Remachadoras,REMACHADORAS
17962,RE-AC,"Remachadora tipo acordeón, TRUPER",P123,Remachadoras,REMACHADORAS
22850,RE-10P,"Remachadora 10', PRETUL",P123,Remachadoras,REMACHADORAS
22851,RE-10PX,"Remachadora 10' con remaches, PRETUL",P123,Remachadoras,REMACHADORAS
22852,RE-10PG,"Remachadora 10', a granel, PRETUL",P123,Remachadoras,REMACHADORAS
100333,REX-8,"Remachadora profesional 8', TRUPER EXPERT",P123,Remachadoras,REMACHADORAS
102231,MOR-RE-TI,"Kit de refacciones y mordazas para remachadora RE-TI, TRUPER",P123,Remachadoras,REMACHADORAS
102232,MOR-REX-8,"Kit de refacciones y mordazas para remachadora REX-8, TRUPER",P123,Remachadoras,REMACHADORAS
17973,MOR-RE-9,"Kit de refacciones y mordazas para remachadora RE-9, TRUPER",P123,Remachadoras,REMACHADORAS
17974,MOR-RE-AC,"Kit de refacciones y mordazas para remachadora RE-AC, TRUPER",P123,Remachadoras,REMACHADORAS
100222,REP-CAZX-90/120,"Repuesto cuchilla para cortador de azulejo 22 mm, EXPERT",P201,Repuestos para cortadores de azulejos,"CORTADORES 
DE AZULEJO CON O SIN BALEROS Y CUCHILLAS"
12934,REP-CAZ-40/60,"Repuesto 2 cuchillas para cortador de azulejo, 22 mm, TRUPER",P201,Repuestos para cortadores de azulejos,"CORTADORES 
DE AZULEJO CON O SIN BALEROS Y CUCHILLAS"
15833,REP-CAZX-COR,"Repuesto corredera para cortador azulejo CAZ-60X2,60/75XM2",P201,Repuestos para cortadores de azulejos,"CORTADORES 
DE AZULEJO CON O SIN BALEROS Y CUCHILLAS"
20999,REP-CAZ-P,"Repuesto 2 cuchillas para cortador de azulejo, 16 mm, PRETUL",P201,Repuestos para cortadores de azulejos,"CORTADORES 
DE AZULEJO CON O SIN BALEROS Y CUCHILLAS"
100221,REP-90/120-RIEX,"Repuesto 2 bases para riel de cortador CAZ-90/120X, EXPERT",P201,Repuestos para cortadores de azulejos,"CORTADORES 
DE AZULEJO CON O SIN BALEROS Y CUCHILLAS"
100223,REP-90/120-CORX,"Repuesto mango para cortador de azulejo CAZ-90/120X, EXPERT",P201,Repuestos para cortadores de azulejos,"CORTADORES 
DE AZULEJO CON O SIN BALEROS Y CUCHILLAS"
101782,REP-60BX-RIE,"Repuesto 2 bases para riel de cortador CAZ-60BX, EXPERT",P201,Repuestos para cortadores de azulejos,"CORTADORES 
DE AZULEJO CON O SIN BALEROS Y CUCHILLAS"
101783,REP-60BX-COR,"Repuesto corredera para cortador de azulejo CAZ-60BX, EXPERT",P201,Repuestos para cortadores de azulejos,"CORTADORES 
DE AZULEJO CON O SIN BALEROS Y CUCHILLAS"
101784,REP-100BX-RIE,"Repuesto 2 bases para riel de cortador CAZ-100BX, EXPERT",P201,Repuestos para cortadores de azulejos,"CORTADORES 
DE AZULEJO CON O SIN BALEROS Y CUCHILLAS"
101785,REP-100BX-COR,"Repuesto corredera para cortador de azulejo CAZ-100BX,EXPERT",P201,Repuestos para cortadores de azulejos,"CORTADORES 
DE AZULEJO CON O SIN BALEROS Y CUCHILLAS"
11953,REP-CAZ-COR,"Repuesto corredera para cortador de azulejo CAZ-33/40,TRUPER",P201,Repuestos para cortadores de azulejos,"CORTADORES 
DE AZULEJO CON O SIN BALEROS Y CUCHILLAS"
11954,REP-40B/60B-COR,Repuesto corredera para cortador de azulejo CAZ-40/50/60B,P201,Repuestos para cortadores de azulejos,"CORTADORES 
DE AZULEJO CON O SIN BALEROS Y CUCHILLAS"
11956,REP-CAZ-RIE,"Repuesto 2 bases para riel de cortador CAZ-33/40, TRUPER",P201,Repuestos para cortadores de azulejos,"CORTADORES 
DE AZULEJO CON O SIN BALEROS Y CUCHILLAS"
11957,REP-40B/60B-RIE,"Repuesto 4 bases para riel de cortador CAZ-40/50/60B, TRUPER",P201,Repuestos para cortadores de azulejos,"CORTADORES 
DE AZULEJO CON O SIN BALEROS Y CUCHILLAS"
12936,REP-CAZ-2,"Repuesto 2 cuchillas titanio para cortador, 22 mm, TRUPER",P201,Repuestos para cortadores de azulejos,"CORTADORES 
DE AZULEJO CON O SIN BALEROS Y CUCHILLAS"
15828,REP-CAZX-8,"Repuesto cuchilla para cortador de azulejo, 8 mm, EXPERT",P201,Repuestos para cortadores de azulejos,"CORTADORES 
DE AZULEJO CON O SIN BALEROS Y CUCHILLAS"
15829,REP-CAZX-10,"Repuesto cuchilla para cortador de azulejo, 10 mm, EXPERT",P201,Repuestos para cortadores de azulejos,"CORTADORES 
DE AZULEJO CON O SIN BALEROS Y CUCHILLAS"
15832,REP-CAZX-18,"Repuesto cuchilla para cortador de azulejo, 18 mm, EXPERT",P201,Repuestos para cortadores de azulejos,"CORTADORES 
DE AZULEJO CON O SIN BALEROS Y CUCHILLAS"
101393,R-ROPI-930X,"Felpa para rodillo 9x1-1/4' superficies extra rugosas,EXPERT",P125,Rodillos para pintar,RODILLOS 
101394,R-ROPI-920X,"Felpa para rodillo 9 x 3/4' superficies rugosas, EXPERT",P125,Rodillos para pintar,RODILLOS 
103787,ROPI-410M,"Mini rodillo para pintar 4' x 3/8' de microfibra, TRUPER",P125,Rodillos para pintar,RODILLOS 
103788,R-ROPI-410M,"Bolsa c/2 felpas p/mini rodillo de microfibra 4'x3/8',TRUPER",P125,Rodillos para pintar,RODILLOS 
10742,MAROD-371,"Maneral de 4' para rodillo, TRUPER",P125,Rodillos para pintar,RODILLOS 
10745,MAJA-9X,"Maneral de 9', reforzado, con jaula para rodillo, TRUPER",P125,Rodillos para pintar,RODILLOS 
13841,ROPI-910E,"Rodillo para pintar 9 x 3/8' de esponja, superficies lisas",P125,Rodillos para pintar,RODILLOS 
13842,ROPI-920E,"Rodillo para pintar 9 x 3/4' de esponja, superficies rugosas",P125,Rodillos para pintar,RODILLOS 
13875,ROPI-910,"Rodillo para pintar 9 x 3/8' superficies lisas, TRUPER",P125,Rodillos para pintar,RODILLOS 
13876,ROPI-915,Rodillo para pintar 9 x 5/8' superficies poco rugosas,P125,Rodillos para pintar,RODILLOS 
13877,ROPI-920,"Rodillo para pintar 9 x 3/4' superficies rugosas, TRUPER",P125,Rodillos para pintar,RODILLOS 
13878,ROPI-925,"Rodillo para pintar 9 x 1' superficies muy rugosas, TRUPER",P125,Rodillos para pintar,RODILLOS 
13880,ROPI-715,Rodillo para pintar 7 x 5/8' superficies poco rugosas,P125,Rodillos para pintar,RODILLOS 
13881,ROPI-1215,Rodillo para pintar 12 x 5/8' superficies poco rugosas,P125,Rodillos para pintar,RODILLOS 
13882,R-ROPI-910,"Felpa para rodillo 9 x 3/8' superficies lisas, TRUPER",P125,Rodillos para pintar,RODILLOS 
13883,R-ROPI-915,"Felpa para rodillo 9 x 5/8' superficies poco rugosas, TRUPER",P125,Rodillos para pintar,RODILLOS 
13884,R-ROPI-920,"Felpa para rodillo 9 x 3/4' superficies rugosas, TRUPER",P125,Rodillos para pintar,RODILLOS 
13885,R-ROPI-925,"Felpa para rodillo 9 x 1' superficies muy rugosas, TRUPER",P125,Rodillos para pintar,RODILLOS 
13891,R-ROPI-930,"Felpa para rodillo 9x1-1/4' superficies extra rugosas,TRUPER",P125,Rodillos para pintar,RODILLOS 
13892,R-ROPI-715,"Felpa para rodillo 7 x 5/8' superficies poco rugosas, TRUPER",P125,Rodillos para pintar,RODILLOS 
13893,R-ROPI-1215,"Felpa para rodillo 12x5/8' superficies poco rugosas, TRUPER",P125,Rodillos para pintar,RODILLOS 
13894,ROPI-910M,"Rodillo para pintar 9 x 3/8' microfibra, sup. poco rugosas",P125,Rodillos para pintar,RODILLOS 
13895,ROPI-911T,"Rodillo para pintar 9 x 7/16' de PVC, acabados texturizados",P125,Rodillos para pintar,RODILLOS 
13898,R-ROPI-910E,"Felpa para rodillo 9 x 3/8' de esponja, superficies lisas",P125,Rodillos para pintar,RODILLOS 
13901,R-ROPI-920E,"Felpa para rodillo 9 x 3/4' de esponja, superficies rugosas",P125,Rodillos para pintar,RODILLOS 
13903,ROPI-410E,"Mini Rodillo para pintar 4' x 3/8' de esponja, TRUPER",P125,Rodillos para pintar,RODILLOS 
13905,ROPI-420N,"Mini rodillo para pintar 4' x 3/8' de poliéster, TRUPER",P125,Rodillos para pintar,RODILLOS 
13907,R-ROPI-410E,"Bolsa c/2 felpas para mini rodillo esponja 4'x3/8', TRUPER",P125,Rodillos para pintar,RODILLOS 
13911,R-ROPI-420N,"Bolsa c/2 felpas p/mini rodillo de poliéster 4'x3/8', TRUPER",P125,Rodillos para pintar,RODILLOS 
13921,R-ROPI-910M,"Felpa para rodillo 9x3/8' microfibra, superficie poco rugosa",P125,Rodillos para pintar,RODILLOS 
17684,R-ROPI-911T,"Felpa para rodillo 9 x 7/16' de PVC, acabados texturizados",P125,Rodillos para pintar,RODILLOS 
28033,ROPI-910P,"Rodillo para pintar 9 x 3/8' superficies lisas, PRETUL",P125,Rodillos para pintar,RODILLOS 
28034,ROPI-915P,"Rodillo para pintar 9x5/8' superficies poco rugosas, PRETUL",P125,Rodillos para pintar,RODILLOS 
28035,ROPI-920P,"Rodillo para pintar 9 x 3/4' superficies rugosas, PRETUL",P125,Rodillos para pintar,RODILLOS 
28036,ROPI-925P,"Rodillo para pintar 9 x 1' superficies muy rugosas, PRETUL",P125,Rodillos para pintar,RODILLOS 
28037,ROPI-930P,"Rodillo para pintar 9x1-1/4'superficies extra rugosas,PRETUL",P125,Rodillos para pintar,RODILLOS 
28041,R-ROPI-910P,"Felpa para rodillo 9 x 3/8' superficies lisas, PRETUL",P125,Rodillos para pintar,RODILLOS 
28042,R-ROPI-915P,"Felpa para rodillo 9 x 5/8' superficies poco rugosas, PRETUL",P125,Rodillos para pintar,RODILLOS 
28043,R-ROPI-920P,"Felpa para rodillo 9 x 3/4' superficies rugosas, PRETUL",P125,Rodillos para pintar,RODILLOS 
28044,R-ROPI-925P,"Felpa para rodillo 9 x 1' superficies muy rugosas, PRETUL",P125,Rodillos para pintar,RODILLOS 
28045,R-ROPI-930P,"Felpa para rodillo 9x1-1/4' superficies extra rugosas,PRETUL",P125,Rodillos para pintar,RODILLOS 
10743,MAJA-4,"Maneral de 4' con jaula para rodillo, TRUPER",P125,Rodillos para pintar,RODILLOS 
13879,ROPI-930,Rodillo para pintar 9 x 1-1/4' superficies extra rugosas,P125,Rodillos para pintar,RODILLOS 
13896,ROPI-420P,"Mini rodillo para pintar 4' x 3/4' de poliéster, TRUPER",P125,Rodillos para pintar,RODILLOS 
13897,R-ROPI-420P,"Bolsa c/1 felpa para mini rodillo poliéster 4'x3/4', TRUPER",P125,Rodillos para pintar,RODILLOS 
19255,MAJA-9,"Maneral de 9' con jaula para rodillo, TRUPER",P125,Rodillos para pintar,RODILLOS 
12132,ROPI-420N9,"Kit de maneral y 9 mini rodillos de 4' de poliéster, TRUPER",P125,Rodillos para pintar,RODILLOS 
18100,SBI-18,"Segueta bimetálica de 12', 18 DPP, TRUPER EXPERT",P193,Seguetas para arco,SEGUETAS PARA ARCO
18101,SBI-24,"Segueta bimetálica de 12', 24 DPP, TRUPER EXPERT",P193,Seguetas para arco,SEGUETAS PARA ARCO
19699,SBI-18/2,"Blíster con 2 seguetas bimetálicas de 18 DPP, TRUPER EXPERT",P193,Seguetas para arco,SEGUETAS PARA ARCO
19700,SBI-24/2,"Blíster con 2 seguetas bimetálicas de 24 DPP, TRUPER EXPERT",P193,Seguetas para arco,SEGUETAS PARA ARCO
102950,STR-18M,"Serrucho Rapid 18', 7 DPP, mango de madera, TRUPER",P128,Serruchos,GUÍAS DE INGLETE
102951,STR-20M,"Serrucho Rapid 20', 7 DPP, mango de madera, TRUPER",P128,Serruchos,GUÍAS DE INGLETE
102952,STR-22M,"Serrucho Rapid 22', 7 DPP, mango de madera, TRUPER",P128,Serruchos,GUÍAS DE INGLETE
18190,TRS,"Trabador para serruchos, TRUPER",P128,Serruchos,GUÍAS DE INGLETE
101868,STR-18,"Serrucho Rapid 18', 7 DPP, mango Comfort grip, TRUPER",P128,Serruchos,GUÍAS DE INGLETE
101869,STR-20,"Serrucho Rapid 20', 7 DPP, mango Comfort grip, TRUPER",P128,Serruchos,GUÍAS DE INGLETE
101870,STR-22,"Serrucho Rapid 22', 7 DPP, mango Comfort grip, TRUPER",P128,Serruchos,GUÍAS DE INGLETE
103576,STJ-12,"Serrucho tipo japonés de 12' mango comfort grip, TRUPER",P128,Serruchos,GUÍAS DE INGLETE
103750,CAIN-12,"Caja de inglete con serrucho de costilla 12', TRUPER",P128,Serruchos,GUÍAS DE INGLETE
18160,STX-22,"Serrucho 22' Selecto, 7 DPP, TRUPER",P128,Serruchos,GUÍAS DE INGLETE
18161,STX-24,"Serrucho 24' Selecto, 6 DPP, TRUPER",P128,Serruchos,GUÍAS DE INGLETE
18162,STX-26,"Serrucho 26' Selecto, 6 DPP, TRUPER",P128,Serruchos,GUÍAS DE INGLETE
18163,STX-28,"Serrucho 28', Selecto, 5 DPP, TRUPER",P128,Serruchos,GUÍAS DE INGLETE
18164,STCX-10,"Serrucho tipo marquetero 10', 12 DPP, TRUPER",P128,Serruchos,GUÍAS DE INGLETE
18166,STCX-14,"Serrucho de costilla 14' Diamante, 12 DPP, TRUPER",P128,Serruchos,GUÍAS DE INGLETE
18167,STD-18,"Serrucho 18' Dorado, 9 DPP, TRUPER",P128,Serruchos,GUÍAS DE INGLETE
18168,STD-20,"Serrucho 20' Dorado, 8 DPP, TRUPER",P128,Serruchos,GUÍAS DE INGLETE
18169,STD-22,"Serrucho 22' Dorado, 7 DPP, TRUPER",P128,Serruchos,GUÍAS DE INGLETE
18170,STD-24,"Serrucho 24' Dorado, 6 DPP, TRUPER",P128,Serruchos,GUÍAS DE INGLETE
18175,TOR-SER-10,"Bolsa c/10 tornillos p/serruchos Selecto, Dorado y Diamante",P128,Serruchos,GUÍAS DE INGLETE
20667,SPCI-12,Caja de inglete para serrucho de costilla 12' y 14' PRETUL,P128,Serruchos,GUÍAS DE INGLETE
22930,SP-16,Serrucho 16' PRETUL,P128,Serruchos,GUÍAS DE INGLETE
22931,SP-18,Serrucho 18' PRETUL,P128,Serruchos,GUÍAS DE INGLETE
22932,SP-20,Serrucho 20' PRETUL,P128,Serruchos,GUÍAS DE INGLETE
18165,STCX-12,"Serrucho de costilla 12' Diamante, 12 DPP, TRUPER",P128,Serruchos,GUÍAS DE INGLETE
100122,SPX-13R,"Serrucho de poda 13',hoja recta,7 DPP, mango madera, EXPERT",P216,Serruchos jardineros,SERRUCHOS Y/O SERROTES
100197,STP-7PR,"Serrucho plegable 7' hoja recta 11 DPP mango plástico,TRUPER",P216,Serruchos jardineros,SERRUCHOS Y/O SERROTES
100198,STP-10PC,"Serrucho plegable 10' hoja curva 5 DPP mango plástico,TRUPER",P216,Serruchos jardineros,SERRUCHOS Y/O SERROTES
101389,SPT-12P,"Serrucho de poda 12',hoja curva,6 DPP,mango plástico, TRUPER",P216,Serruchos jardineros,SERRUCHOS Y/O SERROTES
101430,SPT-14P,"Serrucho de poda 14',hoja curva,6 DPP,mango plástico, TRUPER",P216,Serruchos jardineros,SERRUCHOS Y/O SERROTES
18171,STP-13,"Serrucho de poda 12',hoja curva,6 DPP, mango madera, TRUPER",P216,Serruchos jardineros,SERRUCHOS Y/O SERROTES
18178,STP-12PL,"Serrucho plegable 10' hoja curva 6 DPP, mango madera, TRUPER",P216,Serruchos jardineros,SERRUCHOS Y/O SERROTES
18179,STP-16X,"Serrucho de poda 14' c/gancho,curvo,5 DPP,mango Comfort Grip",P216,Serruchos jardineros,SERRUCHOS Y/O SERROTES
18172,STP-14,"Serrucho de poda 14',hoja curva,6 DPP, mango madera, TRUPER",P216,Serruchos jardineros,SERRUCHOS Y/O SERROTES
11863,TN-AZ-9X,"Tenaza 9' para azulejo, TRUPER EXPERT",P197,Tenazas,TENAZAS
17519,TN-8A,"Tenaza de armador 8', TRUPER",P197,Tenazas,TENAZAS
17520,TN-9A,"Tenaza de armador 9', TRUPER",P197,Tenazas,TENAZAS
17521,TN-10A,"Tenaza de armador 10', TRUPER",P197,Tenazas,TENAZAS
26026,TN-8AP,"Tenaza de armador 8', PRETUL",P197,Tenazas,TENAZAS
26027,TN-9AP,"Tenaza de armador 9', PRETUL",P197,Tenazas,TENAZAS
26028,TN-10AP,"Tenaza de armador 10', PRETUL",P197,Tenazas,TENAZAS
17380,TN-8,"Tenaza para carpintero 8', TRUPER",P197,Tenazas,TENAZAS
17381,TNI-8,"Tenaza plafonera industrial 8', TRUPER",P197,Tenazas,TENAZAS
17382,TN-AZ-8,"Tenaza 8' para azulejo, TRUPER",P197,Tenazas,TENAZAS
17385,TN-6,"Tenaza para carpintero 6', TRUPER",P197,Tenazas,TENAZAS
17386,TN-10,"Tenaza para carpintero 10', TRUPER",P197,Tenazas,TENAZAS
17387,TNI-6,"Tenaza plafonera industrial 6', TRUPER",P197,Tenazas,TENAZAS
17388,TNI-10,"Tenaza plafonera industrial 10', TRUPER",P197,Tenazas,TENAZAS
100652,TF-112,"Tijera para ramas 38 cm, mangos de aluminio, TRUPER EXPERT",P782,Tijeras a dos manos y cortadores de ramas altas,CORTADORES DE RAMAS ALTAS
103837,TEX-19,"Tijera para poda, mangos extensibles, TRUPER",P782,Tijeras a dos manos y cortadores de ramas altas,CORTADORES DE RAMAS ALTAS
103838,TEX-122,"Tijera para ramas altas, mangos extensibles, TRUPER",P782,Tijeras a dos manos y cortadores de ramas altas,CORTADORES DE RAMAS ALTAS
14338,FRUT,"Recolector de fruta, sin mango, TRUPER",P782,Tijeras a dos manos y cortadores de ramas altas,CORTADORES DE RAMAS ALTAS
18371,TX-19,"Tijera para poda 48 cm,forjada,mgos de madera, TRUPER EXPERT",P782,Tijeras a dos manos y cortadores de ramas altas,CORTADORES DE RAMAS ALTAS
18372,TX-21,"Tijera para poda 56 cm,forjada,mgos de madera, TRUPER EXPERT",P782,Tijeras a dos manos y cortadores de ramas altas,CORTADORES DE RAMAS ALTAS
18374,MA-TX19,"Mariposa de repuesto para tijera TX-19, TRUPER EXPERT",P782,Tijeras a dos manos y cortadores de ramas altas,CORTADORES DE RAMAS ALTAS
18375,MA-TX21,"Mariposa de repuesto para tijera TX-21, TRUPER EXPERT",P782,Tijeras a dos manos y cortadores de ramas altas,CORTADORES DE RAMAS ALTAS
18376,T-17,"Tijera para poda 53 cm, ligera, mangos de madera, TRUPER",P782,Tijeras a dos manos y cortadores de ramas altas,CORTADORES DE RAMAS ALTAS
18377,T-19,"Tijera para poda 55 cm, Classic, mangos de madera, TRUPER",P782,Tijeras a dos manos y cortadores de ramas altas,CORTADORES DE RAMAS ALTAS
18380,T-122,"Tijera para ramas 70 cm, Classic, mangos de madera, TRUPER",P782,Tijeras a dos manos y cortadores de ramas altas,CORTADORES DE RAMAS ALTAS
18389,TE-19S,Tijera poda 60 cm filo dentado mango ovalado acero c/grip,P782,Tijeras a dos manos y cortadores de ramas altas,CORTADORES DE RAMAS ALTAS
18390,TE-19W,Tijera poda 60 cm filo ondulado mango ovalado acero c/grip,P782,Tijeras a dos manos y cortadores de ramas altas,CORTADORES DE RAMAS ALTAS
18392,TF-122,"Tijera para ramas 74 cm, mangos de aluminio, TRUPER EXPERT",P782,Tijeras a dos manos y cortadores de ramas altas,CORTADORES DE RAMAS ALTAS
18397,TB-17,"Tijera para poda 56 cm, ligera, mangos tubulares, TRUPER",P782,Tijeras a dos manos y cortadores de ramas altas,CORTADORES DE RAMAS ALTAS
18398,TB-19,"Tijera para poda 58 cm, Classic, mangos tubulares, TRUPER",P782,Tijeras a dos manos y cortadores de ramas altas,CORTADORES DE RAMAS ALTAS
18399,TB-122,"Tijera para ramas 70 cm, Classic, mangos tubulares, TRUPER",P782,Tijeras a dos manos y cortadores de ramas altas,CORTADORES DE RAMAS ALTAS
18400,T-40,"Tijera para ramas 80cm,uso rudo,mgos de madera,TRUPER EXPERT",P782,Tijeras a dos manos y cortadores de ramas altas,CORTADORES DE RAMAS ALTAS
18401,TR-82,"Cortador de ramas altas sin mango, hoja de acero SK5 de 14'",P782,Tijeras a dos manos y cortadores de ramas altas,CORTADORES DE RAMAS ALTAS
18409,TR-82M-A,Cortador de ramas altas mango telescópico 2.4 m aluminio,P782,Tijeras a dos manos y cortadores de ramas altas,CORTADORES DE RAMAS ALTAS
18410,TR-82M-F,Cortador de ramas altas mango telescópico 3.6 m fibra vidrio,P782,Tijeras a dos manos y cortadores de ramas altas,CORTADORES DE RAMAS ALTAS
18473,T-18,"Tijera para poda 49 cm, mangos Comfort Grip, TRUPER",P782,Tijeras a dos manos y cortadores de ramas altas,CORTADORES DE RAMAS ALTAS
23060,T-19P,"Tijera para poda 49 cm, mangos de madera, PRETUL",P782,Tijeras a dos manos y cortadores de ramas altas,CORTADORES DE RAMAS ALTAS
12698,REP-TR-82M-F,"Serrucho para cortador de ramas altas TR-82M-F, TRUPER",P782,Tijeras a dos manos y cortadores de ramas altas,CORTADORES DE RAMAS ALTAS
16000,MG-TR-82A,"Mango telescópico de aluminio de 1.3 a 2.4 m, TRUPER",P782,Tijeras a dos manos y cortadores de ramas altas,CORTADORES DE RAMAS ALTAS
16012,MG-TR-82F,"Mango telescópico de fibra vidrio de 1.9 a 3.6 m, TRUPER",P782,Tijeras a dos manos y cortadores de ramas altas,CORTADORES DE RAMAS ALTAS
17709,CU-TR-82,Cuchilla para cortadores de ramas altas TR-82 y TR-82M-A,P782,Tijeras a dos manos y cortadores de ramas altas,CORTADORES DE RAMAS ALTAS
18406,REP-TR-82,Serrucho para cortadores de ramas altas TR-82 y TR-82M-A,P782,Tijeras a dos manos y cortadores de ramas altas,CORTADORES DE RAMAS ALTAS
103806,TAV-RX,"Tijera de aviación 10' corte recto, TRUPER EXPERT",P439,Tijeras para hojalatero,TIJERAS DE AVIACIÓN
103807,TAV-DX,"Tijera de aviación 10' corte derecho, TRUPER EXPERT",P439,Tijeras para hojalatero,TIJERAS DE AVIACIÓN
103808,TAV-IX,"Tijera de aviación 10' corte izquierdo, TRUPER EXPERT",P439,Tijeras para hojalatero,TIJERAS DE AVIACIÓN
18531,TAV-R,"Tijera de aviación 10' corte recto, TRUPER",P439,Tijeras para hojalatero,TIJERAS DE AVIACIÓN
18534,TAV-I,"Tijera de aviación 10' corte izquierdo, TRUPER",P439,Tijeras para hojalatero,TIJERAS DE AVIACIÓN
18535,TAV-D,"Tijera de aviación 10' corte derecho, TRUPER",P439,Tijeras para hojalatero,TIJERAS DE AVIACIÓN
26050,TH-10P,"Tijera para hojalatero 10', PRETUL",P439,Tijeras para hojalatero,TIJERAS DE AVIACIÓN
26051,TH-12P,"Tijera para hojalatero 12', PRETUL",P439,Tijeras para hojalatero,TIJERAS DE AVIACIÓN
26052,TH-8P,"Tijera para hojalatero 8', PRETUL",P439,Tijeras para hojalatero,TIJERAS DE AVIACIÓN
18500,TH-8,"Tijera para hojalatero 8', TRUPER",P439,Tijeras para hojalatero,TIJERAS DE AVIACIÓN
18501,TH-10,"Tijera para hojalatero 10', TRUPER",P439,Tijeras para hojalatero,TIJERAS DE AVIACIÓN
18502,TH-12,"Tijera para hojalatero 12', TRUPER",P439,Tijeras para hojalatero,TIJERAS DE AVIACIÓN
18503,TH-14,"Tijera para hojalatero 14', TRUPER",P439,Tijeras para hojalatero,TIJERAS DE AVIACIÓN
18520,TH-7,"Tijera para hojalatero 7', TRUPER",P439,Tijeras para hojalatero,TIJERAS DE AVIACIÓN
18528,REP-TH-12A,"Repuesto de cuchillas para tijera TH-12A, TRUPER",P439,Tijeras para hojalatero,TIJERAS DE AVIACIÓN
101602,REP-T45XZ,"Cuchilla y resorte de repuesto para T-45XZ, TRUPER EXPERT",P131,Tijeras para poda a una mano nacional,TIJERAS DE PODA A UNA MANO
14715,REP-T45X-2,"Cuchilla y resorte de repuesto para T-45X, TRUPER EXPERT",P131,Tijeras para poda a una mano nacional,TIJERAS DE PODA A UNA MANO
15186,REP-T570,"Resorte de repuesto para tijera T-570, TRUPER",P131,Tijeras para poda a una mano nacional,TIJERAS DE PODA A UNA MANO
15190,REP-T595,"Resorte de repuesto para tijera T-595, TRUPER",P131,Tijeras para poda a una mano nacional,TIJERAS DE PODA A UNA MANO
15192,REP-T5100,"Resorte de repuesto para tijera T-5100, TRUPER",P131,Tijeras para poda a una mano nacional,TIJERAS DE PODA A UNA MANO
18452,T-80,"Tijera doméstica 13' para poda de césped, TRUPER",P131,Tijeras para poda a una mano nacional,TIJERAS DE PODA A UNA MANO
18456,T-20,"Tijera forjada para poda 6', recta, corte de frutas, TRUPER",P131,Tijeras para poda a una mano nacional,TIJERAS DE PODA A UNA MANO
18457,T-24,"Tijera forjada para poda 8', curva, corte de uva, TRUPER",P131,Tijeras para poda a una mano nacional,TIJERAS DE PODA A UNA MANO
18459,T-65,"Tijera forjada para poda 5-1/2', aguacatera, TRUPER",P131,Tijeras para poda a una mano nacional,TIJERAS DE PODA A UNA MANO
18463,T-68,"Tijera para poda 8' de nylon con cuchillas acero SK5, TRUPER",P131,Tijeras para poda a una mano nacional,TIJERAS DE PODA A UNA MANO
18464,REP-T45-2,"Cuchilla y resorte de repuesto para T-45, TRUPER",P131,Tijeras para poda a una mano nacional,TIJERAS DE PODA A UNA MANO
18465,T-67X,"Tijera forjada p/poda 8-1/2' cuchilla paso, cabeza angulada",P131,Tijeras para poda a una mano nacional,TIJERAS DE PODA A UNA MANO
18541,T-570,"Tijera para poda 7' forjada cuchilla de paso, TRUPER",P131,Tijeras para poda a una mano nacional,TIJERAS DE PODA A UNA MANO
18542,T-580,"Tijera para poda 8' forjada cuchilla de paso, TRUPER",P131,Tijeras para poda a una mano nacional,TIJERAS DE PODA A UNA MANO
18543,T-585,"Tijera para poda 8-1/2' forjada cuchilla de paso, TRUPER",P131,Tijeras para poda a una mano nacional,TIJERAS DE PODA A UNA MANO
18544,T-595,"Tijera para poda 9-1/2' forjada cuchilla de paso, TRUPER",P131,Tijeras para poda a una mano nacional,TIJERAS DE PODA A UNA MANO
18545,T-5100,"Tijera para poda 10' forjada cuchilla de paso, TRUPER",P131,Tijeras para poda a una mano nacional,TIJERAS DE PODA A UNA MANO
23103,T-45P,"Tijera para poda 8' cuchilla de paso, PRETUL",P131,Tijeras para poda a una mano nacional,TIJERAS DE PODA A UNA MANO
23104,T-67P,"Tijera para poda 8' forjada cuchilla de paso, PRETUL",P131,Tijeras para poda a una mano nacional,TIJERAS DE PODA A UNA MANO
23720,T-45PG,"Tijera para poda 8' cuchilla de paso, a granel, PRETUL",P131,Tijeras para poda a una mano nacional,TIJERAS DE PODA A UNA MANO
101326,T-45XZ,"Tijera para poda 8' de aluminio forjado para zurdo, EXPERT",P131,Tijeras para poda a una mano nacional,TIJERAS DE PODA A UNA MANO
15188,REP-T580/85,"Resorte de repuesto para tijera T-580 y T-585, TRUPER",P131,Tijeras para poda a una mano nacional,TIJERAS DE PODA A UNA MANO
18453,T-45,"Tijera para poda 8' de aluminio cuchilla de paso, TRUPER",P131,Tijeras para poda a una mano nacional,TIJERAS DE PODA A UNA MANO
18460,T-67,"Tijera forjada para poda 8-1/2' para jardinería, TRUPER",P131,Tijeras para poda a una mano nacional,TIJERAS DE PODA A UNA MANO
18462,T-66,"Tijera forjada para poda 6 1/2' para jardinería, TRUPER",P131,Tijeras para poda a una mano nacional,TIJERAS DE PODA A UNA MANO
18469,T-45X,"Tijera para poda 8' de aluminio forjado para diestro, EXPERT",P131,Tijeras para poda a una mano nacional,TIJERAS DE PODA A UNA MANO
23105,T-35P,"Tijera para poda 8' cuchilla de paso de acero inox, PRETUL",P131,Tijeras para poda a una mano nacional,TIJERAS DE PODA A UNA MANO
18574,TL-50,"Tiralíneas plástico con gis y nivel 30 m (100 ft), TRUPER",P134,Tiralíneas,TIRALINEAS Y REPUESTOS
18576,REP-TL,"Gis azul para tiralíneas, alta visibilidad, 8 oz, TRUPER",P134,Tiralíneas,TIRALINEAS Y REPUESTOS
18578,REP-TL-R,"Gis rojo para tiralíneas, alta visibilidad, 8 oz, TRUPER",P134,Tiralíneas,TIRALINEAS Y REPUESTOS
18579,TL-100X,"Tiralíneas metálico con gis, uso rudo, 30 m (100 ft), EXPERT",P134,Tiralíneas,TIRALINEAS Y REPUESTOS
28574,TL-50P,"Tiralíneas plástico con gis 15 m (50 ft), PRETUL",P134,Tiralíneas,TIRALINEAS Y REPUESTOS
18575,TL-100,"Tiralíneas profesional plástico con gis, 30m(100 ft), TRUPER",P134,Tiralíneas,TIRALINEAS Y REPUESTOS
103319,TJ-25,"Tornillo de banco 2.5' para joyero, TRUPER",P135,Tornillos de banco,TORNILLOS DE BANCO
100199,TA-4-L,"Tornillo de banco 4' tipo europeo de hierro nodular, TRUPER",P135,Tornillos de banco,TORNILLOS DE BANCO
100240,TA-5-L,"Tornillo de banco 5' tipo europeo de hierro nodular, TRUPER",P135,Tornillos de banco,TORNILLOS DE BANCO
100241,TA-6-L,"Tornillo de banco 6' tipo europeo de hierro nodular, TRUPER",P135,Tornillos de banco,TORNILLOS DE BANCO
100242,TA-8-L,"Tornillo de banco 8' tipo europeo de hierro nodular, TRUPER",P135,Tornillos de banco,TORNILLOS DE BANCO
103598,TA-5X,"Tornillo de banco 5' industrial de hierro dúctil, EXPERT",P135,Tornillos de banco,TORNILLOS DE BANCO
103599,TA-6X,"Tornillo de banco 6' industrial de hierro dúctil, EXPERT",P135,Tornillos de banco,TORNILLOS DE BANCO
103620,TA-8X,"Tornillo de banco 8' industrial de hierro dúctil, EXPERT",P135,Tornillos de banco,TORNILLOS DE BANCO
103643,TA-5-M,"Tornillo de banco 5' multipropósito de hierro dúctil, TRUPER",P135,Tornillos de banco,TORNILLOS DE BANCO
17745,TC-16,"Tornillo de carpintero 16', TRUPER",P135,Tornillos de banco,TORNILLOS DE BANCO
18592,TA-4,Tornillo de banco 4' uso industrial de hierro nodular,P135,Tornillos de banco,TORNILLOS DE BANCO
18593,TA-5,Tornillo de banco 5' uso industrial de hierro nodular,P135,Tornillos de banco,TORNILLOS DE BANCO
18594,TA-6,Tornillo de banco 6' uso industrial de hierro nodular,P135,Tornillos de banco,TORNILLOS DE BANCO
18595,TA-8,Tornillo de banco 8' uso industrial de hierro nodular,P135,Tornillos de banco,TORNILLOS DE BANCO
26039,TB-4P,"Tornillo de banco 4' de hierro gris, PRETUL",P135,Tornillos de banco,TORNILLOS DE BANCO
26042,TB-5P,"Tornillo de banco 5' de hierro gris, PRETUL",P135,Tornillos de banco,TORNILLOS DE BANCO
26043,TB-6P,"Tornillo de banco 6' de hierro gris, PRETUL",P135,Tornillos de banco,TORNILLOS DE BANCO
26044,TB-8P,"Tornillo de banco 8' de hierro gris, PRETUL",P135,Tornillos de banco,TORNILLOS DE BANCO
102451,ZP-6M,"Zapapico 6 lb, mango fibra de vidrio 36', TRUPER",P409,Zapapicos y talachos nacionales y Latam,TALACHOS
102452,ZP-4M,"Zapapico 4 lb, mango fibra de vidrio 36', TRUPER",P409,Zapapicos y talachos nacionales y Latam,TALACHOS
102453,TP-4M,"Talacho-pico 4 lb, mango fibra de vidrio 36', TRUPER",P409,Zapapicos y talachos nacionales y Latam,TALACHOS
102966,TP-5MM,"Talacho-pico 5 lb, mango de madera 36', TRUPER",P409,Zapapicos y talachos nacionales y Latam,TALACHOS
102967,ZP-5MM,"Zapapico 5 lb, mango de madera 36', TRUPER",P409,Zapapicos y talachos nacionales y Latam,TALACHOS
18630,ZP-7M,"Zapapico 7 lb, mango fibra de vidrio 36', TRUPER",P409,Zapapicos y talachos nacionales y Latam,TALACHOS
18646,ZP-5M,"Zapapico 5 lb, mango fibra de vidrio 36', TRUPER",P409,Zapapicos y talachos nacionales y Latam,TALACHOS
18647,TP-5M,"Talacho-pico 5 lb, mango fibra de vidrio 36', TRUPER",P409,Zapapicos y talachos nacionales y Latam,TALACHOS
18648,TH-5M,"Talacho-hacha 5 lb, mango fibra de vidrio 36', TRUPER",P409,Zapapicos y talachos nacionales y Latam,TALACHOS
102504,ZP-4,"Zapapico 4 lb sin mango, TRUPER",P409,Zapapicos y talachos nacionales y Latam,TALACHOS
102505,TP-4,"Talacho-pico 4 lb sin mango, TRUPER",P409,Zapapicos y talachos nacionales y Latam,TALACHOS
102676,ZP-6,"Zapapico 6 lb, sin mango, TRUPER",P409,Zapapicos y talachos nacionales y Latam,TALACHOS
102677,TP-2.5,"Talacho-pico 2.5 lb, sin mango, TRUPER",P409,Zapapicos y talachos nacionales y Latam,TALACHOS
102678,TH-2.5,"Talacho-hacha 2.5 lb, sin mango, TRUPER",P409,Zapapicos y talachos nacionales y Latam,TALACHOS
102965,TP-2.5MM,"Talacho-pico 2.5 lb, mango de madera 36', TRUPER",P409,Zapapicos y talachos nacionales y Latam,TALACHOS
18620,ZP-5,"Zapapico 5 lb, sin mango, TRUPER",P409,Zapapicos y talachos nacionales y Latam,TALACHOS
18621,ZP-7,"Zapapico 7 lb, sin mango, TRUPER",P409,Zapapicos y talachos nacionales y Latam,TALACHOS
18622,TP-5,"Talacho-pico 5 lb, sin mango, TRUPER",P409,Zapapicos y talachos nacionales y Latam,TALACHOS
18623,TH-5,"Talacho-hacha, 5 lb sin mango, TRUPER",P409,Zapapicos y talachos nacionales y Latam,TALACHOS
18624,PP-5,"Pico-pico 5 lb, sin mango, TRUPER",P409,Zapapicos y talachos nacionales y Latam,TALACHOS
18631,TP-2.5M,"Talacho-pico 2.5 lb, mango fibra de vidrio 36', TRUPER",P409,Zapapicos y talachos nacionales y Latam,TALACHOS
18632,TH-2.5M,"Talacho-hacha 2.5 lb, mango fibra de vidrio 36', TRUPER",P409,Zapapicos y talachos nacionales y Latam,TALACHOS
18649,PP-5M,"Pico-pico 5 lb, mango fibra de vidrio 36', TRUPER",P409,Zapapicos y talachos nacionales y Latam,TALACHOS
56362,EX-HE-BI,"Exhibidor con bisagras, HERMEX",P583,Tableros exhibidores,"Exhibidores Hermex (Bisagras, Candados, Cerraduras, Cerrajería, Jaladeras y Perillas)"
56361,EX-HE-CA,"Exhibidor con candados, HERMEX",P583,Tableros exhibidores,"Exhibidores Hermex (Bisagras, Candados, Cerraduras, Cerrajería, Jaladeras y Perillas)"
56363,EX-HE-SB,"Exhibidor con cerraduras, HERMEX",P583,Tableros exhibidores,"Exhibidores Hermex (Bisagras, Candados, Cerraduras, Cerrajería, Jaladeras y Perillas)"
53001,EX-HE-JP1,"Exhibidor con jaladeras y perillas, 1 tablero, HERMEX",P583,Tableros exhibidores,"Exhibidores Hermex (Bisagras, Candados, Cerraduras, Cerrajería, Jaladeras y Perillas)"
53002,EX-HE-JP2,"Exhibidor con jaladeras y perillas, 2 tableros, HERMEX",P583,Tableros exhibidores,"Exhibidores Hermex (Bisagras, Candados, Cerraduras, Cerrajería, Jaladeras y Perillas)"
0,X,Descontinuado,N/D,Pinzas para frenos,PINZAS PARA FRENOS
